source_dir_name,sample_id,error,traceback,timestamp,failure_kind,source_prefix,source_timestamp,object,sample_type,n_objects_parsed,is_empty,is_offgrid,is_rotated,is_multi_object,speakers_parsed,x_position_parsed,y_position_parsed,experiment_id,new_object,new_n_objects,new_speakers,new_x_position,new_y_position,mask_file_name,segmented_overhead_file_name,speckle_vibrations_file_name,audio_file_name,speckle_shifts_ifft_audio_file_name,old_sample_idx,old_object,old_n_objects,old_speakers,old_x_position,old_y_position,raw_image,cropped_image,overlay_image,already_in_new_dataset,old_row_found,old_image_found,has_new_mask,has_new_segmented_overhead,has_new_preview_video,has_new_ifft_audio,old_npz_found,old_raw_found,old_preview_video_found,can_recover_without_raw,can_recover_full,needs_manual_review
cube-00x07y_0100--31-03-19-03-14,27,/net/mraid20/ifs/wisdom/groups/mark_sheinin_lab/DATA/experiment-15/cube-00x07y_0100--31-03-19-03-14/experiment_config.json not found,"NoneType: None
",2026-04-23T05:08:46.979257,missing_experiment_config,cube-00x07y,31-03-19-03-14,cube,grid_single,1,False,False,False,False,0100,0.0,7.0,,,,,,,,,,,,,,,,,,,,,False,False,False,False,False,False,False,False,False,False,False,False,False
cube-00x07y_1000--31-03-19-03-12,28,/net/mraid20/ifs/wisdom/groups/mark_sheinin_lab/DATA/experiment-15/cube-00x07y_1000--31-03-19-03-12/experiment_config.json not found,"NoneType: None
",2026-04-23T05:08:46.979687,missing_experiment_config,cube-00x07y,31-03-19-03-12,cube,grid_single,1,False,False,False,False,1000,0.0,7.0,,,,,,,,,,,,,,,,,,,,,False,False,False,False,False,False,False,False,False,False,False,False,False
cube-00x08y_0001--31-03-19-09-21,29,/net/mraid20/ifs/wisdom/groups/mark_sheinin_lab/DATA/experiment-15/cube-00x08y_0001--31-03-19-09-21/experiment_config.json not found,"NoneType: None
",2026-04-23T05:08:46.979759,missing_experiment_config,cube-00x08y,31-03-19-09-21,cube,grid_single,1,False,False,False,False,0001,0.0,8.0,,,,,,,,,,,,,,,,,,,,,False,False,False,False,False,False,False,False,False,False,False,False,False
cube-00x08y_0010--31-03-19-09-18,30,/net/mraid20/ifs/wisdom/groups/mark_sheinin_lab/DATA/experiment-15/cube-00x08y_0010--31-03-19-09-18/experiment_config.json not found,"NoneType: None
",2026-04-23T05:08:46.979818,missing_experiment_config,cube-00x08y,31-03-19-09-18,cube,grid_single,1,False,False,False,False,0010,0.0,8.0,,,,,,,,,,,,,,,,,,,,,False,False,False,False,False,False,False,False,False,False,False,False,False
cube-00x08y_0100--31-03-19-09-16,31,/net/mraid20/ifs/wisdom/groups/mark_sheinin_lab/DATA/experiment-15/cube-00x08y_0100--31-03-19-09-16/experiment_config.json not found,"NoneType: None
",2026-04-23T05:08:46.979868,missing_experiment_config,cube-00x08y,31-03-19-09-16,cube,grid_single,1,False,False,False,False,0100,0.0,8.0,,,,,,,,,,,,,,,,,,,,,False,False,False,False,False,False,False,False,False,False,False,False,False
cube-00x08y_1000--31-03-19-09-13,32,/net/mraid20/ifs/wisdom/groups/mark_sheinin_lab/DATA/experiment-15/cube-00x08y_1000--31-03-19-09-13/experiment_config.json not found,"NoneType: None
",2026-04-23T05:08:46.979920,missing_experiment_config,cube-00x08y,31-03-19-09-13,cube,grid_single,1,False,False,False,False,1000,0.0,8.0,,,,,,,,,,,,,,,,,,,,,False,False,False,False,False,False,False,False,False,False,False,False,False
cube-00x09y_0001--31-03-19-15-45,33,/net/mraid20/ifs/wisdom/groups/mark_sheinin_lab/DATA/experiment-15/cube-00x09y_0001--31-03-19-15-45/experiment_config.json not found,"NoneType: None
",2026-04-23T05:08:46.979965,missing_experiment_config,cube-00x09y,31-03-19-15-45,cube,grid_single,1,False,False,False,False,0001,0.0,9.0,,,,,,,,,,,,,,,,,,,,,False,False,False,False,False,False,False,False,False,False,False,False,False
cube-00x09y_0010--31-03-19-15-43,34,/net/mraid20/ifs/wisdom/groups/mark_sheinin_lab/DATA/experiment-15/cube-00x09y_0010--31-03-19-15-43/experiment_config.json not found,"NoneType: None
",2026-04-23T05:08:46.980075,missing_experiment_config,cube-00x09y,31-03-19-15-43,cube,grid_single,1,False,False,False,False,0010,0.0,9.0,,,,,,,,,,,,,,,,,,,,,False,False,False,False,False,False,False,False,False,False,False,False,False
cube-00x09y_0100--31-03-19-15-41,35,/net/mraid20/ifs/wisdom/groups/mark_sheinin_lab/DATA/experiment-15/cube-00x09y_0100--31-03-19-15-41/experiment_config.json not found,"NoneType: None
",2026-04-23T05:08:46.980266,missing_experiment_config,cube-00x09y,31-03-19-15-41,cube,grid_single,1,False,False,False,False,0100,0.0,9.0,,,,,,,,,,,,,,,,,,,,,False,False,False,False,False,False,False,False,False,False,False,False,False
cube-00x09y_1000--31-03-19-15-39,36,/net/mraid20/ifs/wisdom/groups/mark_sheinin_lab/DATA/experiment-15/cube-00x09y_1000--31-03-19-15-39/experiment_config.json not found,"NoneType: None
",2026-04-23T05:08:46.980339,missing_experiment_config,cube-00x09y,31-03-19-15-39,cube,grid_single,1,False,False,False,False,1000,0.0,9.0,,,,,,,,,,,,,,,,,,,,,False,False,False,False,False,False,False,False,False,False,False,False,False
cube-00x10y_0001--31-03-20-00-04,37,/net/mraid20/ifs/wisdom/groups/mark_sheinin_lab/DATA/experiment-15/cube-00x10y_0001--31-03-20-00-04/experiment_config.json not found,"NoneType: None
",2026-04-23T05:08:46.980405,missing_experiment_config,cube-00x10y,31-03-20-00-04,cube,grid_single,1,False,False,False,False,0001,0.0,10.0,,,,,,,,,,,,,,,,,,,,,False,False,False,False,False,False,False,False,False,False,False,False,False
cube-00x10y_0010--31-03-20-00-02,38,/net/mraid20/ifs/wisdom/groups/mark_sheinin_lab/DATA/experiment-15/cube-00x10y_0010--31-03-20-00-02/experiment_config.json not found,"NoneType: None
",2026-04-23T05:08:46.980460,missing_experiment_config,cube-00x10y,31-03-20-00-02,cube,grid_single,1,False,False,False,False,0010,0.0,10.0,,,,,,,,,,,,,,,,,,,,,False,False,False,False,False,False,False,False,False,False,False,False,False
cube-00x10y_0100--31-03-20-00-01,39,/net/mraid20/ifs/wisdom/groups/mark_sheinin_lab/DATA/experiment-15/cube-00x10y_0100--31-03-20-00-01/experiment_config.json not found,"NoneType: None
",2026-04-23T05:08:46.980519,missing_experiment_config,cube-00x10y,31-03-20-00-01,cube,grid_single,1,False,False,False,False,0100,0.0,10.0,,,,,,,,,,,,,,,,,,,,,False,False,False,False,False,False,False,False,False,False,False,False,False
cube-00x10y_1000--31-03-19-59-59,40,/net/mraid20/ifs/wisdom/groups/mark_sheinin_lab/DATA/experiment-15/cube-00x10y_1000--31-03-19-59-59/experiment_config.json not found,"NoneType: None
",2026-04-23T05:08:46.980573,missing_experiment_config,cube-00x10y,31-03-19-59-59,cube,grid_single,1,False,False,False,False,1000,0.0,10.0,,,,,,,,,,,,,,,,,,,,,False,False,False,False,False,False,False,False,False,False,False,False,False
cube-00x11y_0001--31-03-20-05-52,41,/net/mraid20/ifs/wisdom/groups/mark_sheinin_lab/DATA/experiment-15/cube-00x11y_0001--31-03-20-05-52/experiment_config.json not found,"NoneType: None
",2026-04-23T05:08:46.980678,missing_experiment_config,cube-00x11y,31-03-20-05-52,cube,grid_single,1,False,False,False,False,0001,0.0,11.0,,,,,,,,,,,,,,,,,,,,,False,False,False,False,False,False,False,False,False,False,False,False,False
cube-00x11y_0010--31-03-20-05-50,42,/net/mraid20/ifs/wisdom/groups/mark_sheinin_lab/DATA/experiment-15/cube-00x11y_0010--31-03-20-05-50/experiment_config.json not found,"NoneType: None
",2026-04-23T05:08:46.980733,missing_experiment_config,cube-00x11y,31-03-20-05-50,cube,grid_single,1,False,False,False,False,0010,0.0,11.0,,,,,,,,,,,,,,,,,,,,,False,False,False,False,False,False,False,False,False,False,False,False,False
cube-00x11y_0100--31-03-20-05-48,43,/net/mraid20/ifs/wisdom/groups/mark_sheinin_lab/DATA/experiment-15/cube-00x11y_0100--31-03-20-05-48/experiment_config.json not found,"NoneType: None
",2026-04-23T05:08:46.980788,missing_experiment_config,cube-00x11y,31-03-20-05-48,cube,grid_single,1,False,False,False,False,0100,0.0,11.0,,,,,,,,,,,,,,,,,,,,,False,False,False,False,False,False,False,False,False,False,False,False,False
cube-00x11y_1000--31-03-20-05-45,44,/net/mraid20/ifs/wisdom/groups/mark_sheinin_lab/DATA/experiment-15/cube-00x11y_1000--31-03-20-05-45/experiment_config.json not found,"NoneType: None
",2026-04-23T05:08:46.980842,missing_experiment_config,cube-00x11y,31-03-20-05-45,cube,grid_single,1,False,False,False,False,1000,0.0,11.0,,,,,,,,,,,,,,,,,,,,,False,False,False,False,False,False,False,False,False,False,False,False,False
cube-01x02y_0001--31-03-18-28-06,49,/net/mraid20/ifs/wisdom/groups/mark_sheinin_lab/DATA/experiment-15/cube-01x02y_0001--31-03-18-28-06/experiment_config.json not found,"NoneType: None
",2026-04-23T05:08:46.980896,missing_experiment_config,cube-01x02y,31-03-18-28-06,cube,grid_single,1,False,False,False,False,0001,1.0,2.0,,,,,,,,,,,,,,,,,,,,,False,False,False,False,False,False,False,False,False,False,False,False,False
cube-01x02y_0010--31-03-18-28-04,50,/net/mraid20/ifs/wisdom/groups/mark_sheinin_lab/DATA/experiment-15/cube-01x02y_0010--31-03-18-28-04/experiment_config.json not found,"NoneType: None
",2026-04-23T05:08:46.980956,missing_experiment_config,cube-01x02y,31-03-18-28-04,cube,grid_single,1,False,False,False,False,0010,1.0,2.0,,,,,,,,,,,,,,,,,,,,,False,False,False,False,False,False,False,False,False,False,False,False,False
cube-01x02y_0100--31-03-18-28-02,51,/net/mraid20/ifs/wisdom/groups/mark_sheinin_lab/DATA/experiment-15/cube-01x02y_0100--31-03-18-28-02/experiment_config.json not found,"NoneType: None
",2026-04-23T05:08:46.981006,missing_experiment_config,cube-01x02y,31-03-18-28-02,cube,grid_single,1,False,False,False,False,0100,1.0,2.0,,,,,,,,,,,,,,,,,,,,,False,False,False,False,False,False,False,False,False,False,False,False,False
cube-01x02y_1000--31-03-18-27-59,52,/net/mraid20/ifs/wisdom/groups/mark_sheinin_lab/DATA/experiment-15/cube-01x02y_1000--31-03-18-27-59/experiment_config.json not found,"NoneType: None
",2026-04-23T05:08:46.981054,missing_experiment_config,cube-01x02y,31-03-18-27-59,cube,grid_single,1,False,False,False,False,1000,1.0,2.0,,,,,,,,,,,,,,,,,,,,,False,False,False,False,False,False,False,False,False,False,False,False,False
cube-01x03y_0001--31-03-18-33-47,53,/net/mraid20/ifs/wisdom/groups/mark_sheinin_lab/DATA/experiment-15/cube-01x03y_0001--31-03-18-33-47/experiment_config.json not found,"NoneType: None
",2026-04-23T05:08:46.981104,missing_experiment_config,cube-01x03y,31-03-18-33-47,cube,grid_single,1,False,False,False,False,0001,1.0,3.0,,,,,,,,,,,,,,,,,,,,,False,False,False,False,False,False,False,False,False,False,False,False,False
cube-01x03y_0010--31-03-18-33-45,54,/net/mraid20/ifs/wisdom/groups/mark_sheinin_lab/DATA/experiment-15/cube-01x03y_0010--31-03-18-33-45/experiment_config.json not found,"NoneType: None
",2026-04-23T05:08:46.981152,missing_experiment_config,cube-01x03y,31-03-18-33-45,cube,grid_single,1,False,False,False,False,0010,1.0,3.0,,,,,,,,,,,,,,,,,,,,,False,False,False,False,False,False,False,False,False,False,False,False,False
cube-01x03y_0100--31-03-18-33-44,55,/net/mraid20/ifs/wisdom/groups/mark_sheinin_lab/DATA/experiment-15/cube-01x03y_0100--31-03-18-33-44/experiment_config.json not found,"NoneType: None
",2026-04-23T05:08:46.981201,missing_experiment_config,cube-01x03y,31-03-18-33-44,cube,grid_single,1,False,False,False,False,0100,1.0,3.0,,,,,,,,,,,,,,,,,,,,,False,False,False,False,False,False,False,False,False,False,False,False,False
cube-01x03y_1000--31-03-18-33-42,56,/net/mraid20/ifs/wisdom/groups/mark_sheinin_lab/DATA/experiment-15/cube-01x03y_1000--31-03-18-33-42/experiment_config.json not found,"NoneType: None
",2026-04-23T05:08:46.981249,missing_experiment_config,cube-01x03y,31-03-18-33-42,cube,grid_single,1,False,False,False,False,1000,1.0,3.0,,,,,,,,,,,,,,,,,,,,,False,False,False,False,False,False,False,False,False,False,False,False,False
cube-01x04y_0001--31-03-18-40-02,57,/net/mraid20/ifs/wisdom/groups/mark_sheinin_lab/DATA/experiment-15/cube-01x04y_0001--31-03-18-40-02/experiment_config.json not found,"NoneType: None
",2026-04-23T05:08:46.981300,missing_experiment_config,cube-01x04y,31-03-18-40-02,cube,grid_single,1,False,False,False,False,0001,1.0,4.0,,,,,,,,,,,,,,,,,,,,,False,False,False,False,False,False,False,False,False,False,False,False,False
cube-01x04y_0010--31-03-18-40-00,58,/net/mraid20/ifs/wisdom/groups/mark_sheinin_lab/DATA/experiment-15/cube-01x04y_0010--31-03-18-40-00/experiment_config.json not found,"NoneType: None
",2026-04-23T05:08:46.981347,missing_experiment_config,cube-01x04y,31-03-18-40-00,cube,grid_single,1,False,False,False,False,0010,1.0,4.0,,,,,,,,,,,,,,,,,,,,,False,False,False,False,False,False,False,False,False,False,False,False,False
cube-01x04y_0100--31-03-18-39-58,59,/net/mraid20/ifs/wisdom/groups/mark_sheinin_lab/DATA/experiment-15/cube-01x04y_0100--31-03-18-39-58/experiment_config.json not found,"NoneType: None
",2026-04-23T05:08:46.981426,missing_experiment_config,cube-01x04y,31-03-18-39-58,cube,grid_single,1,False,False,False,False,0100,1.0,4.0,,,,,,,,,,,,,,,,,,,,,False,False,False,False,False,False,False,False,False,False,False,False,False
cube-01x04y_1000--31-03-18-39-56,60,/net/mraid20/ifs/wisdom/groups/mark_sheinin_lab/DATA/experiment-15/cube-01x04y_1000--31-03-18-39-56/experiment_config.json not found,"NoneType: None
",2026-04-23T05:08:46.981481,missing_experiment_config,cube-01x04y,31-03-18-39-56,cube,grid_single,1,False,False,False,False,1000,1.0,4.0,,,,,,,,,,,,,,,,,,,,,False,False,False,False,False,False,False,False,False,False,False,False,False
cube-01x05y_0001--31-03-18-52-00,61,/net/mraid20/ifs/wisdom/groups/mark_sheinin_lab/DATA/experiment-15/cube-01x05y_0001--31-03-18-52-00/experiment_config.json not found,"NoneType: None
",2026-04-23T05:08:46.981532,missing_experiment_config,cube-01x05y,31-03-18-52-00,cube,grid_single,1,False,False,False,False,0001,1.0,5.0,,,,,,,,,,,,,,,,,,,,,False,False,False,False,False,False,False,False,False,False,False,False,False
cube-01x05y_0010--31-03-18-51-57,62,/net/mraid20/ifs/wisdom/groups/mark_sheinin_lab/DATA/experiment-15/cube-01x05y_0010--31-03-18-51-57/experiment_config.json not found,"NoneType: None
",2026-04-23T05:08:46.981584,missing_experiment_config,cube-01x05y,31-03-18-51-57,cube,grid_single,1,False,False,False,False,0010,1.0,5.0,,,,,,,,,,,,,,,,,,,,,False,False,False,False,False,False,False,False,False,False,False,False,False
cube-01x05y_0100--31-03-18-51-55,63,/net/mraid20/ifs/wisdom/groups/mark_sheinin_lab/DATA/experiment-15/cube-01x05y_0100--31-03-18-51-55/experiment_config.json not found,"NoneType: None
",2026-04-23T05:08:46.981636,missing_experiment_config,cube-01x05y,31-03-18-51-55,cube,grid_single,1,False,False,False,False,0100,1.0,5.0,,,,,,,,,,,,,,,,,,,,,False,False,False,False,False,False,False,False,False,False,False,False,False
cube-01x05y_1000--31-03-18-51-52,64,/net/mraid20/ifs/wisdom/groups/mark_sheinin_lab/DATA/experiment-15/cube-01x05y_1000--31-03-18-51-52/experiment_config.json not found,"NoneType: None
",2026-04-23T05:08:46.981689,missing_experiment_config,cube-01x05y,31-03-18-51-52,cube,grid_single,1,False,False,False,False,1000,1.0,5.0,,,,,,,,,,,,,,,,,,,,,False,False,False,False,False,False,False,False,False,False,False,False,False
cube-01x06y_0001--31-03-18-58-11,65,/net/mraid20/ifs/wisdom/groups/mark_sheinin_lab/DATA/experiment-15/cube-01x06y_0001--31-03-18-58-11/experiment_config.json not found,"NoneType: None
",2026-04-23T05:08:46.981741,missing_experiment_config,cube-01x06y,31-03-18-58-11,cube,grid_single,1,False,False,False,False,0001,1.0,6.0,,,,,,,,,,,,,,,,,,,,,False,False,False,False,False,False,False,False,False,False,False,False,False
cube-01x06y_0010--31-03-18-58-09,66,/net/mraid20/ifs/wisdom/groups/mark_sheinin_lab/DATA/experiment-15/cube-01x06y_0010--31-03-18-58-09/experiment_config.json not found,"NoneType: None
",2026-04-23T05:08:46.981793,missing_experiment_config,cube-01x06y,31-03-18-58-09,cube,grid_single,1,False,False,False,False,0010,1.0,6.0,,,,,,,,,,,,,,,,,,,,,False,False,False,False,False,False,False,False,False,False,False,False,False
cube-01x06y_0100--31-03-18-58-06,67,/net/mraid20/ifs/wisdom/groups/mark_sheinin_lab/DATA/experiment-15/cube-01x06y_0100--31-03-18-58-06/experiment_config.json not found,"NoneType: None
",2026-04-23T05:08:46.981848,missing_experiment_config,cube-01x06y,31-03-18-58-06,cube,grid_single,1,False,False,False,False,0100,1.0,6.0,,,,,,,,,,,,,,,,,,,,,False,False,False,False,False,False,False,False,False,False,False,False,False
cube-01x06y_1000--31-03-18-58-04,68,/net/mraid20/ifs/wisdom/groups/mark_sheinin_lab/DATA/experiment-15/cube-01x06y_1000--31-03-18-58-04/experiment_config.json not found,"NoneType: None
",2026-04-23T05:08:46.981898,missing_experiment_config,cube-01x06y,31-03-18-58-04,cube,grid_single,1,False,False,False,False,1000,1.0,6.0,,,,,,,,,,,,,,,,,,,,,False,False,False,False,False,False,False,False,False,False,False,False,False
cube-01x07y_0001--31-03-19-03-53,69,/net/mraid20/ifs/wisdom/groups/mark_sheinin_lab/DATA/experiment-15/cube-01x07y_0001--31-03-19-03-53/experiment_config.json not found,"NoneType: None
",2026-04-23T05:08:46.981950,missing_experiment_config,cube-01x07y,31-03-19-03-53,cube,grid_single,1,False,False,False,False,0001,1.0,7.0,,,,,,,,,,,,,,,,,,,,,False,False,False,False,False,False,False,False,False,False,False,False,False
cube-01x07y_0010--31-03-19-03-51,70,/net/mraid20/ifs/wisdom/groups/mark_sheinin_lab/DATA/experiment-15/cube-01x07y_0010--31-03-19-03-51/experiment_config.json not found,"NoneType: None
",2026-04-23T05:08:46.982001,missing_experiment_config,cube-01x07y,31-03-19-03-51,cube,grid_single,1,False,False,False,False,0010,1.0,7.0,,,,,,,,,,,,,,,,,,,,,False,False,False,False,False,False,False,False,False,False,False,False,False
cube-01x07y_0100--31-03-19-03-49,71,/net/mraid20/ifs/wisdom/groups/mark_sheinin_lab/DATA/experiment-15/cube-01x07y_0100--31-03-19-03-49/experiment_config.json not found,"NoneType: None
",2026-04-23T05:08:46.982055,missing_experiment_config,cube-01x07y,31-03-19-03-49,cube,grid_single,1,False,False,False,False,0100,1.0,7.0,,,,,,,,,,,,,,,,,,,,,False,False,False,False,False,False,False,False,False,False,False,False,False
cube-01x07y_1000--31-03-19-03-47,72,/net/mraid20/ifs/wisdom/groups/mark_sheinin_lab/DATA/experiment-15/cube-01x07y_1000--31-03-19-03-47/experiment_config.json not found,"NoneType: None
",2026-04-23T05:08:46.982106,missing_experiment_config,cube-01x07y,31-03-19-03-47,cube,grid_single,1,False,False,False,False,1000,1.0,7.0,,,,,,,,,,,,,,,,,,,,,False,False,False,False,False,False,False,False,False,False,False,False,False
cube-01x08y_0001--31-03-19-09-55,73,/net/mraid20/ifs/wisdom/groups/mark_sheinin_lab/DATA/experiment-15/cube-01x08y_0001--31-03-19-09-55/experiment_config.json not found,"NoneType: None
",2026-04-23T05:08:46.982194,missing_experiment_config,cube-01x08y,31-03-19-09-55,cube,grid_single,1,False,False,False,False,0001,1.0,8.0,,,,,,,,,,,,,,,,,,,,,False,False,False,False,False,False,False,False,False,False,False,False,False
cube-01x08y_0010--31-03-19-09-53,74,/net/mraid20/ifs/wisdom/groups/mark_sheinin_lab/DATA/experiment-15/cube-01x08y_0010--31-03-19-09-53/experiment_config.json not found,"NoneType: None
",2026-04-23T05:08:46.982253,missing_experiment_config,cube-01x08y,31-03-19-09-53,cube,grid_single,1,False,False,False,False,0010,1.0,8.0,,,,,,,,,,,,,,,,,,,,,False,False,False,False,False,False,False,False,False,False,False,False,False
cube-01x08y_0100--31-03-19-09-51,75,/net/mraid20/ifs/wisdom/groups/mark_sheinin_lab/DATA/experiment-15/cube-01x08y_0100--31-03-19-09-51/experiment_config.json not found,"NoneType: None
",2026-04-23T05:08:46.982307,missing_experiment_config,cube-01x08y,31-03-19-09-51,cube,grid_single,1,False,False,False,False,0100,1.0,8.0,,,,,,,,,,,,,,,,,,,,,False,False,False,False,False,False,False,False,False,False,False,False,False
cube-01x08y_1000--31-03-19-09-48,76,/net/mraid20/ifs/wisdom/groups/mark_sheinin_lab/DATA/experiment-15/cube-01x08y_1000--31-03-19-09-48/experiment_config.json not found,"NoneType: None
",2026-04-23T05:08:46.982361,missing_experiment_config,cube-01x08y,31-03-19-09-48,cube,grid_single,1,False,False,False,False,1000,1.0,8.0,,,,,,,,,,,,,,,,,,,,,False,False,False,False,False,False,False,False,False,False,False,False,False
cube-01x09y_0001--31-03-19-16-15,77,/net/mraid20/ifs/wisdom/groups/mark_sheinin_lab/DATA/experiment-15/cube-01x09y_0001--31-03-19-16-15/experiment_config.json not found,"NoneType: None
",2026-04-23T05:08:46.982416,missing_experiment_config,cube-01x09y,31-03-19-16-15,cube,grid_single,1,False,False,False,False,0001,1.0,9.0,,,,,,,,,,,,,,,,,,,,,False,False,False,False,False,False,False,False,False,False,False,False,False
cube-01x09y_0010--31-03-19-16-13,78,/net/mraid20/ifs/wisdom/groups/mark_sheinin_lab/DATA/experiment-15/cube-01x09y_0010--31-03-19-16-13/experiment_config.json not found,"NoneType: None
",2026-04-23T05:08:46.982469,missing_experiment_config,cube-01x09y,31-03-19-16-13,cube,grid_single,1,False,False,False,False,0010,1.0,9.0,,,,,,,,,,,,,,,,,,,,,False,False,False,False,False,False,False,False,False,False,False,False,False
cube-01x09y_0100--31-03-19-16-11,79,/net/mraid20/ifs/wisdom/groups/mark_sheinin_lab/DATA/experiment-15/cube-01x09y_0100--31-03-19-16-11/experiment_config.json not found,"NoneType: None
",2026-04-23T05:08:46.982524,missing_experiment_config,cube-01x09y,31-03-19-16-11,cube,grid_single,1,False,False,False,False,0100,1.0,9.0,,,,,,,,,,,,,,,,,,,,,False,False,False,False,False,False,False,False,False,False,False,False,False
cube-01x09y_1000--31-03-19-16-09,80,/net/mraid20/ifs/wisdom/groups/mark_sheinin_lab/DATA/experiment-15/cube-01x09y_1000--31-03-19-16-09/experiment_config.json not found,"NoneType: None
",2026-04-23T05:08:46.982580,missing_experiment_config,cube-01x09y,31-03-19-16-09,cube,grid_single,1,False,False,False,False,1000,1.0,9.0,,,,,,,,,,,,,,,,,,,,,False,False,False,False,False,False,False,False,False,False,False,False,False
cube-01x10y_0001--31-03-20-00-32,81,/net/mraid20/ifs/wisdom/groups/mark_sheinin_lab/DATA/experiment-15/cube-01x10y_0001--31-03-20-00-32/experiment_config.json not found,"NoneType: None
",2026-04-23T05:08:46.982635,missing_experiment_config,cube-01x10y,31-03-20-00-32,cube,grid_single,1,False,False,False,False,0001,1.0,10.0,,,,,,,,,,,,,,,,,,,,,False,False,False,False,False,False,False,False,False,False,False,False,False
cube-01x10y_0010--31-03-20-00-30,82,/net/mraid20/ifs/wisdom/groups/mark_sheinin_lab/DATA/experiment-15/cube-01x10y_0010--31-03-20-00-30/experiment_config.json not found,"NoneType: None
",2026-04-23T05:08:46.982689,missing_experiment_config,cube-01x10y,31-03-20-00-30,cube,grid_single,1,False,False,False,False,0010,1.0,10.0,,,,,,,,,,,,,,,,,,,,,False,False,False,False,False,False,False,False,False,False,False,False,False
cube-01x10y_0100--31-03-20-00-28,83,/net/mraid20/ifs/wisdom/groups/mark_sheinin_lab/DATA/experiment-15/cube-01x10y_0100--31-03-20-00-28/experiment_config.json not found,"NoneType: None
",2026-04-23T05:08:46.982744,missing_experiment_config,cube-01x10y,31-03-20-00-28,cube,grid_single,1,False,False,False,False,0100,1.0,10.0,,,,,,,,,,,,,,,,,,,,,False,False,False,False,False,False,False,False,False,False,False,False,False
cube-01x10y_1000--31-03-20-00-26,84,/net/mraid20/ifs/wisdom/groups/mark_sheinin_lab/DATA/experiment-15/cube-01x10y_1000--31-03-20-00-26/experiment_config.json not found,"NoneType: None
",2026-04-23T05:08:46.982798,missing_experiment_config,cube-01x10y,31-03-20-00-26,cube,grid_single,1,False,False,False,False,1000,1.0,10.0,,,,,,,,,,,,,,,,,,,,,False,False,False,False,False,False,False,False,False,False,False,False,False
cube-02x02y_0001--31-03-18-28-39,89,/net/mraid20/ifs/wisdom/groups/mark_sheinin_lab/DATA/experiment-15/cube-02x02y_0001--31-03-18-28-39/experiment_config.json not found,"NoneType: None
",2026-04-23T05:08:46.982853,missing_experiment_config,cube-02x02y,31-03-18-28-39,cube,grid_single,1,False,False,False,False,0001,2.0,2.0,,,,,,,,,,,,,,,,,,,,,False,False,False,False,False,False,False,False,False,False,False,False,False
cube-02x02y_0010--31-03-18-28-36,90,/net/mraid20/ifs/wisdom/groups/mark_sheinin_lab/DATA/experiment-15/cube-02x02y_0010--31-03-18-28-36/experiment_config.json not found,"NoneType: None
",2026-04-23T05:08:46.982906,missing_experiment_config,cube-02x02y,31-03-18-28-36,cube,grid_single,1,False,False,False,False,0010,2.0,2.0,,,,,,,,,,,,,,,,,,,,,False,False,False,False,False,False,False,False,False,False,False,False,False
cube-02x02y_0100--31-03-18-28-34,91,/net/mraid20/ifs/wisdom/groups/mark_sheinin_lab/DATA/experiment-15/cube-02x02y_0100--31-03-18-28-34/experiment_config.json not found,"NoneType: None
",2026-04-23T05:08:46.982987,missing_experiment_config,cube-02x02y,31-03-18-28-34,cube,grid_single,1,False,False,False,False,0100,2.0,2.0,,,,,,,,,,,,,,,,,,,,,False,False,False,False,False,False,False,False,False,False,False,False,False
cube-02x03y_0010--31-03-18-34-15,94,"Command '['ssh', 'ethantu@mcluster11.wisdom.weizmann.ac.il', ""bash -lc '$HOME/venvs/experiment16-migrate/bin/python /home/ethantu/tmp/migrate_experiment15_to_16_one.py --remote-worker --old-dir /net/mraid20/ifs/wisdom/groups/mark_sheinin_lab/DATA/experiment-15 --new-dir /net/mraid20/ifs/wisdom/groups/mark_sheinin_lab/DATA/experiment-16 --hf-repo eturok-weizmann/laser-vibrations --source-dir-name cube-02x03y_0010--31-03-18-34-15 --sample-id 94 --stage pre_segment --overwrite --remote-audio-path /home/ethantu/tmp/chirp_50_1000_3.0sec.wav'""]' returned non-zero exit status 1.","Traceback (most recent call last):
  File ""/Users/eitanturok/good-vibrations/scripts/backfill_batch.py"", line 317, in _run_batch
    process_sample(source_dir_name, sample_id, segmenter, pre_segment_future=pre_future)
  File ""/Users/eitanturok/good-vibrations/scripts/backfill_batch.py"", line 245, in process_sample
    pre_segment_future.result()  # raises if it failed
    ^^^^^^^^^^^^^^^^^^^^^^^^^^^
  File ""/Users/eitanturok/.local/share/uv/python/cpython-3.12.5-macos-aarch64-none/lib/python3.12/concurrent/futures/_base.py"", line 456, in result
    return self.__get_result()
           ^^^^^^^^^^^^^^^^^^^
  File ""/Users/eitanturok/.local/share/uv/python/cpython-3.12.5-macos-aarch64-none/lib/python3.12/concurrent/futures/_base.py"", line 401, in __get_result
    raise self._exception
  File ""/Users/eitanturok/.local/share/uv/python/cpython-3.12.5-macos-aarch64-none/lib/python3.12/concurrent/futures/thread.py"", line 58, in run
    result = self.fn(*self.args, **self.kwargs)
             ^^^^^^^^^^^^^^^^^^^^^^^^^^^^^^^^^^
  File ""/Users/eitanturok/good-vibrations/scripts/backfill_batch.py"", line 121, in _run_remote_stage
    _ssh_run(f""{REMOTE_VENV}/bin/python {quoted_args}"")
  File ""/Users/eitanturok/good-vibrations/scripts/backfill_batch.py"", line 64, in _ssh_run
    subprocess.run(
  File ""/Users/eitanturok/.local/share/uv/python/cpython-3.12.5-macos-aarch64-none/lib/python3.12/subprocess.py"", line 571, in run
    raise CalledProcessError(retcode, process.args,
subprocess.CalledProcessError: Command '['ssh', 'ethantu@mcluster11.wisdom.weizmann.ac.il', ""bash -lc '$HOME/venvs/experiment16-migrate/bin/python /home/ethantu/tmp/migrate_experiment15_to_16_one.py --remote-worker --old-dir /net/mraid20/ifs/wisdom/groups/mark_sheinin_lab/DATA/experiment-15 --new-dir /net/mraid20/ifs/wisdom/groups/mark_sheinin_lab/DATA/experiment-16 --hf-repo eturok-weizmann/laser-vibrations --source-dir-name cube-02x03y_0010--31-03-18-34-15 --sample-id 94 --stage pre_segment --overwrite --remote-audio-path /home/ethantu/tmp/chirp_50_1000_3.0sec.wav'""]' returned non-zero exit status 1.
",2026-04-23T05:08:53.252947,script_failure,cube-02x03y,31-03-18-34-15,cube,grid_single,1,False,False,False,False,0010,2.0,3.0,,,,,,,,,,,,,,,,,,,,,False,False,False,False,False,False,False,False,False,False,False,False,False
cube-07x09y_0001--31-03-19-19-50,337,/net/mraid20/ifs/wisdom/groups/mark_sheinin_lab/DATA/experiment-15/cube-07x09y_0001--31-03-19-19-50/experiment_config.json not found,"NoneType: None
",2026-04-23T05:08:46.983041,missing_experiment_config,cube-07x09y,31-03-19-19-50,cube,grid_single,1,False,False,False,False,0001,7.0,9.0,,,,,,,,,,,,,,,,,,,,,False,False,False,False,False,False,False,False,False,False,False,False,False
cube-08x11y_0010--31-03-20-12-14,393,/net/mraid20/ifs/wisdom/groups/mark_sheinin_lab/DATA/experiment-15/cube-08x11y_0010--31-03-20-12-14/experiment_config.json not found,"NoneType: None
",2026-04-23T05:08:46.983092,missing_experiment_config,cube-08x11y,31-03-20-12-14,cube,grid_single,1,False,False,False,False,0010,8.0,11.0,,,,,,,,,,,,,,,,,,,,,False,False,False,False,False,False,False,False,False,False,False,False,False
cube-08x11y_0100--31-03-20-12-12,394,/net/mraid20/ifs/wisdom/groups/mark_sheinin_lab/DATA/experiment-15/cube-08x11y_0100--31-03-20-12-12/experiment_config.json not found,"NoneType: None
",2026-04-23T05:08:46.983136,missing_experiment_config,cube-08x11y,31-03-20-12-12,cube,grid_single,1,False,False,False,False,0100,8.0,11.0,,,,,,,,,,,,,,,,,,,,,False,False,False,False,False,False,False,False,False,False,False,False,False
cube-08x11y_1000--31-03-20-12-10,395,/net/mraid20/ifs/wisdom/groups/mark_sheinin_lab/DATA/experiment-15/cube-08x11y_1000--31-03-20-12-10/experiment_config.json not found,"NoneType: None
",2026-04-23T05:08:46.983181,missing_experiment_config,cube-08x11y,31-03-20-12-10,cube,grid_single,1,False,False,False,False,1000,8.0,11.0,,,,,,,,,,,,,,,,,,,,,False,False,False,False,False,False,False,False,False,False,False,False,False
cube-08x11y_1000--31-03-20-29-40,396,"Command '['ssh', 'ethantu@mcluster11.wisdom.weizmann.ac.il', ""bash -lc '$HOME/venvs/experiment16-migrate/bin/python /home/ethantu/tmp/migrate_experiment15_to_16_one.py --remote-worker --old-dir /net/mraid20/ifs/wisdom/groups/mark_sheinin_lab/DATA/experiment-15 --new-dir /net/mraid20/ifs/wisdom/groups/mark_sheinin_lab/DATA/experiment-16 --hf-repo eturok-weizmann/laser-vibrations --source-dir-name cube-08x11y_1000--31-03-20-29-40 --sample-id 396 --stage pre_segment --overwrite --remote-audio-path /home/ethantu/tmp/chirp_50_1000_3.0sec.wav'""]' returned non-zero exit status 1.","Traceback (most recent call last):
  File ""/Users/eitanturok/good-vibrations/scripts/backfill_batch.py"", line 317, in _run_batch
  File ""/Users/eitanturok/good-vibrations/scripts/backfill_batch.py"", line 245, in process_sample
    f""    api.upload_file(path_or_fileobj=audio_local, path_in_repo=audio_repo,\n""
    ^^^^^^^^^^^^^^^^^^^^^^^^^^^
  File ""/Users/eitanturok/.local/share/uv/python/cpython-3.12.5-macos-aarch64-none/lib/python3.12/concurrent/futures/_base.py"", line 449, in result
    return self.__get_result()
           ^^^^^^^^^^^^^^^^^^^
  File ""/Users/eitanturok/.local/share/uv/python/cpython-3.12.5-macos-aarch64-none/lib/python3.12/concurrent/futures/_base.py"", line 401, in __get_result
    raise self._exception
  File ""/Users/eitanturok/.local/share/uv/python/cpython-3.12.5-macos-aarch64-none/lib/python3.12/concurrent/futures/thread.py"", line 58, in run
    result = self.fn(*self.args, **self.kwargs)
             ^^^^^^^^^^^^^^^^^^^^^^^^^^^^^^^^^^
  File ""/Users/eitanturok/good-vibrations/scripts/backfill_batch.py"", line 121, in _run_remote_stage
    ])
  File ""/Users/eitanturok/good-vibrations/scripts/backfill_batch.py"", line 64, in _ssh_run
    """"""Run a remote command, streaming output to stdout.""""""
  File ""/Users/eitanturok/.local/share/uv/python/cpython-3.12.5-macos-aarch64-none/lib/python3.12/subprocess.py"", line 571, in run
    raise CalledProcessError(retcode, process.args,
subprocess.CalledProcessError: Command '['ssh', 'ethantu@mcluster11.wisdom.weizmann.ac.il', ""bash -lc '$HOME/venvs/experiment16-migrate/bin/python /home/ethantu/tmp/migrate_experiment15_to_16_one.py --remote-worker --old-dir /net/mraid20/ifs/wisdom/groups/mark_sheinin_lab/DATA/experiment-15 --new-dir /net/mraid20/ifs/wisdom/groups/mark_sheinin_lab/DATA/experiment-16 --hf-repo eturok-weizmann/laser-vibrations --source-dir-name cube-08x11y_1000--31-03-20-29-40 --sample-id 396 --stage pre_segment --overwrite --remote-audio-path /home/ethantu/tmp/chirp_50_1000_3.0sec.wav'""]' returned non-zero exit status 1.
",2026-04-23T06:23:21.662071,script_failure,cube-08x11y,31-03-20-29-40,cube,grid_single,1,False,False,False,False,1000,8.0,11.0,,,,,,,,,,,,,,,,,,,,,False,False,False,False,False,False,False,False,False,False,False,False,False
cube-10x07y_0100--31-03-19-08-39,479,"Command '['ssh', 'ethantu@mcluster11.wisdom.weizmann.ac.il', ""bash -lc '$HOME/venvs/experiment16-migrate/bin/python /home/ethantu/tmp/migrate_experiment15_to_16_one.py --remote-worker --old-dir /net/mraid20/ifs/wisdom/groups/mark_sheinin_lab/DATA/experiment-15 --new-dir /net/mraid20/ifs/wisdom/groups/mark_sheinin_lab/DATA/experiment-16 --hf-repo eturok-weizmann/laser-vibrations --source-dir-name cube-10x07y_0100--31-03-19-08-39 --sample-id 479 --stage post_segment --overwrite --remote-audio-path /home/ethantu/tmp/chirp_50_1000_3.0sec.wav'""]' returned non-zero exit status 255.","Traceback (most recent call last):
  File ""/Users/eitanturok/good-vibrations/scripts/backfill_batch.py"", line 317, in _run_batch
  File ""/Users/eitanturok/good-vibrations/scripts/backfill_batch.py"", line 275, in process_sample
    """"""Return all sample_ids already recorded in an HF upload job.""""""
    ^^^^^^^^^^^^^^^^^^^^^^^^^^^^^^^^^^^^^^^^^^^^^^^^^^^^^^^^^^^^^
  File ""/Users/eitanturok/good-vibrations/scripts/backfill_batch.py"", line 121, in _run_remote_stage
    ])
  File ""/Users/eitanturok/good-vibrations/scripts/backfill_batch.py"", line 64, in _ssh_run
    """"""Run a remote command, streaming output to stdout.""""""
  File ""/Users/eitanturok/.local/share/uv/python/cpython-3.12.5-macos-aarch64-none/lib/python3.12/subprocess.py"", line 571, in run
    raise CalledProcessError(retcode, process.args,
subprocess.CalledProcessError: Command '['ssh', 'ethantu@mcluster11.wisdom.weizmann.ac.il', ""bash -lc '$HOME/venvs/experiment16-migrate/bin/python /home/ethantu/tmp/migrate_experiment15_to_16_one.py --remote-worker --old-dir /net/mraid20/ifs/wisdom/groups/mark_sheinin_lab/DATA/experiment-15 --new-dir /net/mraid20/ifs/wisdom/groups/mark_sheinin_lab/DATA/experiment-16 --hf-repo eturok-weizmann/laser-vibrations --source-dir-name cube-10x07y_0100--31-03-19-08-39 --sample-id 479 --stage post_segment --overwrite --remote-audio-path /home/ethantu/tmp/chirp_50_1000_3.0sec.wav'""]' returned non-zero exit status 255.
",2026-04-23T09:20:58.827454,ssh_or_remote_failure,cube-10x07y,31-03-19-08-39,cube,grid_single,1,False,False,False,False,0100,10.0,7.0,cube-10x07y_0100--31-03-19-08-39,cube,1.0,0100,10.0,7.0,"{'bytes': None, 'path': 'https://huggingface.co/datasets/eturok-weizmann/laser-vibrations/resolve/main/image/cube-010x-007y-1obj-cardboard-2026-03-31-19-08-39/mask.png'}","{'bytes': None, 'path': 'https://huggingface.co/datasets/eturok-weizmann/laser-vibrations/resolve/main/image/cube-010x-007y-1obj-cardboard-2026-03-31-19-08-39/segmented_overhead.png'}","{'bytes': None, 'path': 'https://huggingface.co/datasets/eturok-weizmann/laser-vibrations/resolve/main/data/0000479/speckle_vibrations.mp4'}","{'bytes': None, 'path': 'https://huggingface.co/datasets/eturok-weizmann/laser-vibrations/resolve/main/audio/chirp_50_1000_3.0sec.wav'}","{'bytes': None, 'path': 'https://huggingface.co/datasets/eturok-weizmann/laser-vibrations/resolve/main/data/0000479/speckle_shifts_ifft_audio.wav'}",,,,,,,,,,True,False,False,True,True,True,True,False,False,False,False,False,False
cube-10x07y_1000--31-03-19-08-37,480,"Command '['ssh', 'ethantu@mcluster11.wisdom.weizmann.ac.il', ""bash -lc '$HOME/venvs/experiment16-migrate/bin/python /home/ethantu/tmp/migrate_experiment15_to_16_one.py --remote-worker --old-dir /net/mraid20/ifs/wisdom/groups/mark_sheinin_lab/DATA/experiment-15 --new-dir /net/mraid20/ifs/wisdom/groups/mark_sheinin_lab/DATA/experiment-16 --hf-repo eturok-weizmann/laser-vibrations --source-dir-name cube-10x07y_1000--31-03-19-08-37 --sample-id 480 --stage pre_segment --overwrite --remote-audio-path /home/ethantu/tmp/chirp_50_1000_3.0sec.wav'""]' returned non-zero exit status 255.","Traceback (most recent call last):
  File ""/Users/eitanturok/good-vibrations/scripts/backfill_batch.py"", line 317, in _run_batch
  File ""/Users/eitanturok/good-vibrations/scripts/backfill_batch.py"", line 245, in process_sample
    f""    api.upload_file(path_or_fileobj=audio_local, path_in_repo=audio_repo,\n""
    ^^^^^^^^^^^^^^^^^^^^^^^^^^^
  File ""/Users/eitanturok/.local/share/uv/python/cpython-3.12.5-macos-aarch64-none/lib/python3.12/concurrent/futures/_base.py"", line 449, in result
    return self.__get_result()
           ^^^^^^^^^^^^^^^^^^^
  File ""/Users/eitanturok/.local/share/uv/python/cpython-3.12.5-macos-aarch64-none/lib/python3.12/concurrent/futures/_base.py"", line 401, in __get_result
    raise self._exception
  File ""/Users/eitanturok/.local/share/uv/python/cpython-3.12.5-macos-aarch64-none/lib/python3.12/concurrent/futures/thread.py"", line 58, in run
    result = self.fn(*self.args, **self.kwargs)
             ^^^^^^^^^^^^^^^^^^^^^^^^^^^^^^^^^^
  File ""/Users/eitanturok/good-vibrations/scripts/backfill_batch.py"", line 121, in _run_remote_stage
    ])
  File ""/Users/eitanturok/good-vibrations/scripts/backfill_batch.py"", line 64, in _ssh_run
    """"""Run a remote command, streaming output to stdout.""""""
  File ""/Users/eitanturok/.local/share/uv/python/cpython-3.12.5-macos-aarch64-none/lib/python3.12/subprocess.py"", line 571, in run
    raise CalledProcessError(retcode, process.args,
subprocess.CalledProcessError: Command '['ssh', 'ethantu@mcluster11.wisdom.weizmann.ac.il', ""bash -lc '$HOME/venvs/experiment16-migrate/bin/python /home/ethantu/tmp/migrate_experiment15_to_16_one.py --remote-worker --old-dir /net/mraid20/ifs/wisdom/groups/mark_sheinin_lab/DATA/experiment-15 --new-dir /net/mraid20/ifs/wisdom/groups/mark_sheinin_lab/DATA/experiment-16 --hf-repo eturok-weizmann/laser-vibrations --source-dir-name cube-10x07y_1000--31-03-19-08-37 --sample-id 480 --stage pre_segment --overwrite --remote-audio-path /home/ethantu/tmp/chirp_50_1000_3.0sec.wav'""]' returned non-zero exit status 255.
",2026-04-23T09:20:58.846774,ssh_or_remote_failure,cube-10x07y,31-03-19-08-37,cube,grid_single,1,False,False,False,False,1000,10.0,7.0,,,,,,,,,,,,,,,,,,,,,False,False,False,False,False,False,False,False,False,False,False,False,False
cube-10x08y_0001--31-03-19-15-12,481,The app is stopped or disabled,"Traceback (most recent call last):
  File ""/Users/eitanturok/good-vibrations/scripts/backfill_batch.py"", line 317, in _run_batch
  File ""/Users/eitanturok/good-vibrations/scripts/backfill_batch.py"", line 260, in process_sample
    f""cat {shlex.quote(NEW_DIR + '/data/metadata.jsonl')} 2>/dev/null || true""
      ^^^^^^^^^^^^^^^^^^^^^^^^^^^^^^^^^^^^^^^^^^^^^^^^^^^^^^^^^^^^^^^^^^^^^^^^^
  File ""/Users/eitanturok/good-vibrations/.venv/lib/python3.12/site-packages/modal/_object.py"", line 46, in wrapped
    return await method(self, *args, **kwargs)
           ^^^^^^^^^^^^^^^^^^^^^^^^^^^^^^^^^^^
  File ""/Users/eitanturok/good-vibrations/.venv/lib/python3.12/site-packages/modal/_functions.py"", line 1702, in remote
    return await self._call_function(args, kwargs)
           ^^^^^^^^^^^^^^^^^^^^^^^^^^^^^^^^^^^^^^^
  File ""/Users/eitanturok/good-vibrations/.venv/lib/python3.12/site-packages/modal/_functions.py"", line 1638, in _call_function
    invocation = await _Invocation.create(
                 ^^^^^^^^^^^^^^^^^^^^^^^^^
  File ""/Users/eitanturok/good-vibrations/.venv/lib/python3.12/site-packages/modal/_functions.py"", line 182, in create
    response = await client.stub.FunctionMap(request)
               ^^^^^^^^^^^^^^^^^^^^^^^^^^^^^^^^^^^^^^
modal.exception.ConflictError: The app is stopped or disabled
",2026-04-23T09:21:20.632870,modal_disabled,cube-10x08y,31-03-19-15-12,cube,grid_single,1,False,False,False,False,0001,10.0,8.0,cube-10x08y_0001--31-03-19-15-12,cube,1.0,0001,10.0,8.0,"{'bytes': None, 'path': 'https://huggingface.co/datasets/eturok-weizmann/laser-vibrations/resolve/main/image/cube-010x-008y-1obj-cardboard-2026-03-31-19-15-12/mask.png'}","{'bytes': None, 'path': 'https://huggingface.co/datasets/eturok-weizmann/laser-vibrations/resolve/main/image/cube-010x-008y-1obj-cardboard-2026-03-31-19-15-12/segmented_overhead.png'}","{'bytes': None, 'path': 'https://huggingface.co/datasets/eturok-weizmann/laser-vibrations/resolve/main/data/0000481/speckle_vibrations.mp4'}","{'bytes': None, 'path': 'https://huggingface.co/datasets/eturok-weizmann/laser-vibrations/resolve/main/audio/chirp_50_1000_3.0sec.wav'}","{'bytes': None, 'path': 'https://huggingface.co/datasets/eturok-weizmann/laser-vibrations/resolve/main/data/0000481/speckle_shifts_ifft_audio.wav'}",,,,,,,,,,True,False,False,True,True,True,True,False,False,False,False,False,False
cube-10x08y_0001--31-03-19-15-12,481,The app is stopped or disabled,"Traceback (most recent call last):
  File ""/Users/eitanturok/good-vibrations/scripts/backfill_batch.py"", line 317, in _run_batch
  File ""/Users/eitanturok/good-vibrations/scripts/backfill_batch.py"", line 260, in process_sample
    f""cat {shlex.quote(NEW_DIR + '/data/metadata.jsonl')} 2>/dev/null || true""
      ^^^^^^^^^^^^^^^^^^^^^^^^^^^^^^^^^^^^^^^^^^^^^^^^^^^^^^^^^^^^^^^^^^^^^^^^^
  File ""/Users/eitanturok/good-vibrations/.venv/lib/python3.12/site-packages/modal/_object.py"", line 46, in wrapped
    return await method(self, *args, **kwargs)
           ^^^^^^^^^^^^^^^^^^^^^^^^^^^^^^^^^^^
  File ""/Users/eitanturok/good-vibrations/.venv/lib/python3.12/site-packages/modal/_functions.py"", line 1702, in remote
    return await self._call_function(args, kwargs)
           ^^^^^^^^^^^^^^^^^^^^^^^^^^^^^^^^^^^^^^^
  File ""/Users/eitanturok/good-vibrations/.venv/lib/python3.12/site-packages/modal/_functions.py"", line 1638, in _call_function
    invocation = await _Invocation.create(
                 ^^^^^^^^^^^^^^^^^^^^^^^^^
  File ""/Users/eitanturok/good-vibrations/.venv/lib/python3.12/site-packages/modal/_functions.py"", line 182, in create
    response = await client.stub.FunctionMap(request)
               ^^^^^^^^^^^^^^^^^^^^^^^^^^^^^^^^^^^^^^
modal.exception.ConflictError: The app is stopped or disabled
",2026-04-23T09:21:20.632870,modal_disabled,cube-10x08y,31-03-19-15-12,cube,grid_single,1,False,False,False,False,0001,10.0,8.0,cube-10x08y_0001--31-03-19-15-12,cube,1.0,0001,10.0,8.0,"{'bytes': None, 'path': 'https://huggingface.co/datasets/eturok-weizmann/laser-vibrations/resolve/main/image/cube-010x-008y-1obj-cardboard-2026-03-31-19-15-12/mask.png'}","{'bytes': None, 'path': 'https://huggingface.co/datasets/eturok-weizmann/laser-vibrations/resolve/main/image/cube-010x-008y-1obj-cardboard-2026-03-31-19-15-12/segmented_overhead.png'}","{'bytes': None, 'path': 'https://huggingface.co/datasets/eturok-weizmann/laser-vibrations/resolve/main/data/0000481/speckle_vibrations.mp4'}","{'bytes': None, 'path': 'https://huggingface.co/datasets/eturok-weizmann/laser-vibrations/resolve/main/audio/chirp_50_1000_3.0sec.wav'}","{'bytes': None, 'path': 'https://huggingface.co/datasets/eturok-weizmann/laser-vibrations/resolve/main/data/0000481/speckle_shifts_ifft_audio.wav'}",,,,,,,,,,True,False,False,True,True,True,True,False,False,False,False,False,False
cube-10x08y_0010--31-03-19-15-10,482,The app is stopped or disabled,"Traceback (most recent call last):
  File ""/Users/eitanturok/good-vibrations/scripts/backfill_batch.py"", line 317, in _run_batch
  File ""/Users/eitanturok/good-vibrations/scripts/backfill_batch.py"", line 260, in process_sample
    f""cat {shlex.quote(NEW_DIR + '/data/metadata.jsonl')} 2>/dev/null || true""
      ^^^^^^^^^^^^^^^^^^^^^^^^^^^^^^^^^^^^^^^^^^^^^^^^^^^^^^^^^^^^^^^^^^^^^^^^^
  File ""/Users/eitanturok/good-vibrations/.venv/lib/python3.12/site-packages/modal/_object.py"", line 46, in wrapped
    return await method(self, *args, **kwargs)
           ^^^^^^^^^^^^^^^^^^^^^^^^^^^^^^^^^^^
  File ""/Users/eitanturok/good-vibrations/.venv/lib/python3.12/site-packages/modal/_functions.py"", line 1702, in remote
    return await self._call_function(args, kwargs)
           ^^^^^^^^^^^^^^^^^^^^^^^^^^^^^^^^^^^^^^^
  File ""/Users/eitanturok/good-vibrations/.venv/lib/python3.12/site-packages/modal/_functions.py"", line 1638, in _call_function
    invocation = await _Invocation.create(
                 ^^^^^^^^^^^^^^^^^^^^^^^^^
  File ""/Users/eitanturok/good-vibrations/.venv/lib/python3.12/site-packages/modal/_functions.py"", line 182, in create
    response = await client.stub.FunctionMap(request)
               ^^^^^^^^^^^^^^^^^^^^^^^^^^^^^^^^^^^^^^
modal.exception.ConflictError: The app is stopped or disabled
",2026-04-23T09:21:36.317687,modal_disabled,cube-10x08y,31-03-19-15-10,cube,grid_single,1,False,False,False,False,0010,10.0,8.0,cube-10x08y_0010--31-03-19-15-10,cube,1.0,0010,10.0,8.0,"{'bytes': None, 'path': 'https://huggingface.co/datasets/eturok-weizmann/laser-vibrations/resolve/main/image/cube-010x-008y-1obj-cardboard-2026-03-31-19-15-10/mask.png'}","{'bytes': None, 'path': 'https://huggingface.co/datasets/eturok-weizmann/laser-vibrations/resolve/main/image/cube-010x-008y-1obj-cardboard-2026-03-31-19-15-10/segmented_overhead.png'}","{'bytes': None, 'path': 'https://huggingface.co/datasets/eturok-weizmann/laser-vibrations/resolve/main/data/0000482/speckle_vibrations.mp4'}","{'bytes': None, 'path': 'https://huggingface.co/datasets/eturok-weizmann/laser-vibrations/resolve/main/audio/chirp_50_1000_3.0sec.wav'}","{'bytes': None, 'path': 'https://huggingface.co/datasets/eturok-weizmann/laser-vibrations/resolve/main/data/0000482/speckle_shifts_ifft_audio.wav'}",,,,,,,,,,True,False,False,True,True,True,True,False,False,False,False,False,False
cube-10x08y_0100--31-03-19-15-08,483,The app is stopped or disabled,"Traceback (most recent call last):
  File ""/Users/eitanturok/good-vibrations/scripts/backfill_batch.py"", line 317, in _run_batch
  File ""/Users/eitanturok/good-vibrations/scripts/backfill_batch.py"", line 260, in process_sample
    f""cat {shlex.quote(NEW_DIR + '/data/metadata.jsonl')} 2>/dev/null || true""
      ^^^^^^^^^^^^^^^^^^^^^^^^^^^^^^^^^^^^^^^^^^^^^^^^^^^^^^^^^^^^^^^^^^^^^^^^^
  File ""/Users/eitanturok/good-vibrations/.venv/lib/python3.12/site-packages/modal/_object.py"", line 46, in wrapped
    return await method(self, *args, **kwargs)
           ^^^^^^^^^^^^^^^^^^^^^^^^^^^^^^^^^^^
  File ""/Users/eitanturok/good-vibrations/.venv/lib/python3.12/site-packages/modal/_functions.py"", line 1702, in remote
    return await self._call_function(args, kwargs)
           ^^^^^^^^^^^^^^^^^^^^^^^^^^^^^^^^^^^^^^^
  File ""/Users/eitanturok/good-vibrations/.venv/lib/python3.12/site-packages/modal/_functions.py"", line 1638, in _call_function
    invocation = await _Invocation.create(
                 ^^^^^^^^^^^^^^^^^^^^^^^^^
  File ""/Users/eitanturok/good-vibrations/.venv/lib/python3.12/site-packages/modal/_functions.py"", line 182, in create
    response = await client.stub.FunctionMap(request)
               ^^^^^^^^^^^^^^^^^^^^^^^^^^^^^^^^^^^^^^
modal.exception.ConflictError: The app is stopped or disabled
",2026-04-23T09:21:51.594855,modal_disabled,cube-10x08y,31-03-19-15-08,cube,grid_single,1,False,False,False,False,0100,10.0,8.0,cube-10x08y_0100--31-03-19-15-08,cube,1.0,0100,10.0,8.0,"{'bytes': None, 'path': 'https://huggingface.co/datasets/eturok-weizmann/laser-vibrations/resolve/main/image/cube-010x-008y-1obj-cardboard-2026-03-31-19-15-08/mask.png'}","{'bytes': None, 'path': 'https://huggingface.co/datasets/eturok-weizmann/laser-vibrations/resolve/main/image/cube-010x-008y-1obj-cardboard-2026-03-31-19-15-08/segmented_overhead.png'}","{'bytes': None, 'path': 'https://huggingface.co/datasets/eturok-weizmann/laser-vibrations/resolve/main/data/0000483/speckle_vibrations.mp4'}","{'bytes': None, 'path': 'https://huggingface.co/datasets/eturok-weizmann/laser-vibrations/resolve/main/audio/chirp_50_1000_3.0sec.wav'}","{'bytes': None, 'path': 'https://huggingface.co/datasets/eturok-weizmann/laser-vibrations/resolve/main/data/0000483/speckle_shifts_ifft_audio.wav'}",,,,,,,,,,True,False,False,True,True,True,True,False,False,False,False,False,False
cube-10x08y_1000--31-03-19-15-06,484,The app is stopped or disabled,"Traceback (most recent call last):
  File ""/Users/eitanturok/good-vibrations/scripts/backfill_batch.py"", line 317, in _run_batch
  File ""/Users/eitanturok/good-vibrations/scripts/backfill_batch.py"", line 260, in process_sample
    f""cat {shlex.quote(NEW_DIR + '/data/metadata.jsonl')} 2>/dev/null || true""
      ^^^^^^^^^^^^^^^^^^^^^^^^^^^^^^^^^^^^^^^^^^^^^^^^^^^^^^^^^^^^^^^^^^^^^^^^^
  File ""/Users/eitanturok/good-vibrations/.venv/lib/python3.12/site-packages/modal/_object.py"", line 46, in wrapped
    return await method(self, *args, **kwargs)
           ^^^^^^^^^^^^^^^^^^^^^^^^^^^^^^^^^^^
  File ""/Users/eitanturok/good-vibrations/.venv/lib/python3.12/site-packages/modal/_functions.py"", line 1702, in remote
    return await self._call_function(args, kwargs)
           ^^^^^^^^^^^^^^^^^^^^^^^^^^^^^^^^^^^^^^^
  File ""/Users/eitanturok/good-vibrations/.venv/lib/python3.12/site-packages/modal/_functions.py"", line 1638, in _call_function
    invocation = await _Invocation.create(
                 ^^^^^^^^^^^^^^^^^^^^^^^^^
  File ""/Users/eitanturok/good-vibrations/.venv/lib/python3.12/site-packages/modal/_functions.py"", line 182, in create
    response = await client.stub.FunctionMap(request)
               ^^^^^^^^^^^^^^^^^^^^^^^^^^^^^^^^^^^^^^
modal.exception.ConflictError: The app is stopped or disabled
",2026-04-23T09:22:05.767763,modal_disabled,cube-10x08y,31-03-19-15-06,cube,grid_single,1,False,False,False,False,1000,10.0,8.0,cube-10x08y_1000--31-03-19-15-06,cube,1.0,1000,10.0,8.0,"{'bytes': None, 'path': 'https://huggingface.co/datasets/eturok-weizmann/laser-vibrations/resolve/main/image/cube-010x-008y-1obj-cardboard-2026-03-31-19-15-06/mask.png'}","{'bytes': None, 'path': 'https://huggingface.co/datasets/eturok-weizmann/laser-vibrations/resolve/main/image/cube-010x-008y-1obj-cardboard-2026-03-31-19-15-06/segmented_overhead.png'}","{'bytes': None, 'path': 'https://huggingface.co/datasets/eturok-weizmann/laser-vibrations/resolve/main/data/0000484/speckle_vibrations.mp4'}","{'bytes': None, 'path': 'https://huggingface.co/datasets/eturok-weizmann/laser-vibrations/resolve/main/audio/chirp_50_1000_3.0sec.wav'}","{'bytes': None, 'path': 'https://huggingface.co/datasets/eturok-weizmann/laser-vibrations/resolve/main/data/0000484/speckle_shifts_ifft_audio.wav'}",,,,,,,,,,True,False,False,True,True,True,True,False,False,False,False,False,False
cube-10x09y_0001--31-03-19-59-28,485,The app is stopped or disabled,"Traceback (most recent call last):
  File ""/Users/eitanturok/good-vibrations/scripts/backfill_batch.py"", line 317, in _run_batch
  File ""/Users/eitanturok/good-vibrations/scripts/backfill_batch.py"", line 260, in process_sample
    f""cat {shlex.quote(NEW_DIR + '/data/metadata.jsonl')} 2>/dev/null || true""
      ^^^^^^^^^^^^^^^^^^^^^^^^^^^^^^^^^^^^^^^^^^^^^^^^^^^^^^^^^^^^^^^^^^^^^^^^^
  File ""/Users/eitanturok/good-vibrations/.venv/lib/python3.12/site-packages/modal/_object.py"", line 46, in wrapped
    return await method(self, *args, **kwargs)
           ^^^^^^^^^^^^^^^^^^^^^^^^^^^^^^^^^^^
  File ""/Users/eitanturok/good-vibrations/.venv/lib/python3.12/site-packages/modal/_functions.py"", line 1702, in remote
    return await self._call_function(args, kwargs)
           ^^^^^^^^^^^^^^^^^^^^^^^^^^^^^^^^^^^^^^^
  File ""/Users/eitanturok/good-vibrations/.venv/lib/python3.12/site-packages/modal/_functions.py"", line 1638, in _call_function
    invocation = await _Invocation.create(
                 ^^^^^^^^^^^^^^^^^^^^^^^^^
  File ""/Users/eitanturok/good-vibrations/.venv/lib/python3.12/site-packages/modal/_functions.py"", line 182, in create
    response = await client.stub.FunctionMap(request)
               ^^^^^^^^^^^^^^^^^^^^^^^^^^^^^^^^^^^^^^
modal.exception.ConflictError: The app is stopped or disabled
",2026-04-23T09:22:21.785737,modal_disabled,cube-10x09y,31-03-19-59-28,cube,grid_single,1,False,False,False,False,0001,10.0,9.0,cube-10x09y_0001--31-03-19-59-28,cube,1.0,0001,10.0,9.0,"{'bytes': None, 'path': 'https://huggingface.co/datasets/eturok-weizmann/laser-vibrations/resolve/main/image/cube-010x-009y-1obj-cardboard-2026-03-31-19-59-28/mask.png'}","{'bytes': None, 'path': 'https://huggingface.co/datasets/eturok-weizmann/laser-vibrations/resolve/main/image/cube-010x-009y-1obj-cardboard-2026-03-31-19-59-28/segmented_overhead.png'}","{'bytes': None, 'path': 'https://huggingface.co/datasets/eturok-weizmann/laser-vibrations/resolve/main/data/0000485/speckle_vibrations.mp4'}","{'bytes': None, 'path': 'https://huggingface.co/datasets/eturok-weizmann/laser-vibrations/resolve/main/audio/chirp_50_1000_3.0sec.wav'}","{'bytes': None, 'path': 'https://huggingface.co/datasets/eturok-weizmann/laser-vibrations/resolve/main/data/0000485/speckle_shifts_ifft_audio.wav'}",,,,,,,,,,True,False,False,True,True,True,True,False,False,False,False,False,False
cube-10x09y_0010--31-03-19-59-26,486,The app is stopped or disabled,"Traceback (most recent call last):
  File ""/Users/eitanturok/good-vibrations/scripts/backfill_batch.py"", line 317, in _run_batch
  File ""/Users/eitanturok/good-vibrations/scripts/backfill_batch.py"", line 260, in process_sample
    f""cat {shlex.quote(NEW_DIR + '/data/metadata.jsonl')} 2>/dev/null || true""
      ^^^^^^^^^^^^^^^^^^^^^^^^^^^^^^^^^^^^^^^^^^^^^^^^^^^^^^^^^^^^^^^^^^^^^^^^^
  File ""/Users/eitanturok/good-vibrations/.venv/lib/python3.12/site-packages/modal/_object.py"", line 46, in wrapped
    return await method(self, *args, **kwargs)
           ^^^^^^^^^^^^^^^^^^^^^^^^^^^^^^^^^^^
  File ""/Users/eitanturok/good-vibrations/.venv/lib/python3.12/site-packages/modal/_functions.py"", line 1702, in remote
    return await self._call_function(args, kwargs)
           ^^^^^^^^^^^^^^^^^^^^^^^^^^^^^^^^^^^^^^^
  File ""/Users/eitanturok/good-vibrations/.venv/lib/python3.12/site-packages/modal/_functions.py"", line 1638, in _call_function
    invocation = await _Invocation.create(
                 ^^^^^^^^^^^^^^^^^^^^^^^^^
  File ""/Users/eitanturok/good-vibrations/.venv/lib/python3.12/site-packages/modal/_functions.py"", line 182, in create
    response = await client.stub.FunctionMap(request)
               ^^^^^^^^^^^^^^^^^^^^^^^^^^^^^^^^^^^^^^
modal.exception.ConflictError: The app is stopped or disabled
",2026-04-23T09:22:36.937064,modal_disabled,cube-10x09y,31-03-19-59-26,cube,grid_single,1,False,False,False,False,0010,10.0,9.0,cube-10x09y_0010--31-03-19-59-26,cube,1.0,0010,10.0,9.0,"{'bytes': None, 'path': 'https://huggingface.co/datasets/eturok-weizmann/laser-vibrations/resolve/main/image/cube-010x-009y-1obj-cardboard-2026-03-31-19-59-26/mask.png'}","{'bytes': None, 'path': 'https://huggingface.co/datasets/eturok-weizmann/laser-vibrations/resolve/main/image/cube-010x-009y-1obj-cardboard-2026-03-31-19-59-26/segmented_overhead.png'}","{'bytes': None, 'path': 'https://huggingface.co/datasets/eturok-weizmann/laser-vibrations/resolve/main/data/0000486/speckle_vibrations.mp4'}","{'bytes': None, 'path': 'https://huggingface.co/datasets/eturok-weizmann/laser-vibrations/resolve/main/audio/chirp_50_1000_3.0sec.wav'}","{'bytes': None, 'path': 'https://huggingface.co/datasets/eturok-weizmann/laser-vibrations/resolve/main/data/0000486/speckle_shifts_ifft_audio.wav'}",,,,,,,,,,True,False,False,True,True,True,True,False,False,False,False,False,False
cube-10x09y_0100--31-03-19-59-24,487,The app is stopped or disabled,"Traceback (most recent call last):
  File ""/Users/eitanturok/good-vibrations/scripts/backfill_batch.py"", line 317, in _run_batch
  File ""/Users/eitanturok/good-vibrations/scripts/backfill_batch.py"", line 260, in process_sample
    f""cat {shlex.quote(NEW_DIR + '/data/metadata.jsonl')} 2>/dev/null || true""
      ^^^^^^^^^^^^^^^^^^^^^^^^^^^^^^^^^^^^^^^^^^^^^^^^^^^^^^^^^^^^^^^^^^^^^^^^^
  File ""/Users/eitanturok/good-vibrations/.venv/lib/python3.12/site-packages/modal/_object.py"", line 46, in wrapped
    return await method(self, *args, **kwargs)
           ^^^^^^^^^^^^^^^^^^^^^^^^^^^^^^^^^^^
  File ""/Users/eitanturok/good-vibrations/.venv/lib/python3.12/site-packages/modal/_functions.py"", line 1702, in remote
    return await self._call_function(args, kwargs)
           ^^^^^^^^^^^^^^^^^^^^^^^^^^^^^^^^^^^^^^^
  File ""/Users/eitanturok/good-vibrations/.venv/lib/python3.12/site-packages/modal/_functions.py"", line 1638, in _call_function
    invocation = await _Invocation.create(
                 ^^^^^^^^^^^^^^^^^^^^^^^^^
  File ""/Users/eitanturok/good-vibrations/.venv/lib/python3.12/site-packages/modal/_functions.py"", line 182, in create
    response = await client.stub.FunctionMap(request)
               ^^^^^^^^^^^^^^^^^^^^^^^^^^^^^^^^^^^^^^
modal.exception.ConflictError: The app is stopped or disabled
",2026-04-23T09:22:52.821469,modal_disabled,cube-10x09y,31-03-19-59-24,cube,grid_single,1,False,False,False,False,0100,10.0,9.0,cube-10x09y_0100--31-03-19-59-24,cube,1.0,0100,10.0,9.0,"{'bytes': None, 'path': 'https://huggingface.co/datasets/eturok-weizmann/laser-vibrations/resolve/main/image/cube-010x-009y-1obj-cardboard-2026-03-31-19-59-24/mask.png'}","{'bytes': None, 'path': 'https://huggingface.co/datasets/eturok-weizmann/laser-vibrations/resolve/main/image/cube-010x-009y-1obj-cardboard-2026-03-31-19-59-24/segmented_overhead.png'}","{'bytes': None, 'path': 'https://huggingface.co/datasets/eturok-weizmann/laser-vibrations/resolve/main/data/0000487/speckle_vibrations.mp4'}","{'bytes': None, 'path': 'https://huggingface.co/datasets/eturok-weizmann/laser-vibrations/resolve/main/audio/chirp_50_1000_3.0sec.wav'}","{'bytes': None, 'path': 'https://huggingface.co/datasets/eturok-weizmann/laser-vibrations/resolve/main/data/0000487/speckle_shifts_ifft_audio.wav'}",,,,,,,,,,True,False,False,True,True,True,True,False,False,False,False,False,False
cube-10x09y_1000--31-03-19-59-22,488,The app is stopped or disabled,"Traceback (most recent call last):
  File ""/Users/eitanturok/good-vibrations/scripts/backfill_batch.py"", line 317, in _run_batch
  File ""/Users/eitanturok/good-vibrations/scripts/backfill_batch.py"", line 260, in process_sample
    f""cat {shlex.quote(NEW_DIR + '/data/metadata.jsonl')} 2>/dev/null || true""
      ^^^^^^^^^^^^^^^^^^^^^^^^^^^^^^^^^^^^^^^^^^^^^^^^^^^^^^^^^^^^^^^^^^^^^^^^^
  File ""/Users/eitanturok/good-vibrations/.venv/lib/python3.12/site-packages/modal/_object.py"", line 46, in wrapped
    return await method(self, *args, **kwargs)
           ^^^^^^^^^^^^^^^^^^^^^^^^^^^^^^^^^^^
  File ""/Users/eitanturok/good-vibrations/.venv/lib/python3.12/site-packages/modal/_functions.py"", line 1702, in remote
    return await self._call_function(args, kwargs)
           ^^^^^^^^^^^^^^^^^^^^^^^^^^^^^^^^^^^^^^^
  File ""/Users/eitanturok/good-vibrations/.venv/lib/python3.12/site-packages/modal/_functions.py"", line 1638, in _call_function
    invocation = await _Invocation.create(
                 ^^^^^^^^^^^^^^^^^^^^^^^^^
  File ""/Users/eitanturok/good-vibrations/.venv/lib/python3.12/site-packages/modal/_functions.py"", line 182, in create
    response = await client.stub.FunctionMap(request)
               ^^^^^^^^^^^^^^^^^^^^^^^^^^^^^^^^^^^^^^
modal.exception.ConflictError: The app is stopped or disabled
",2026-04-23T09:23:05.228340,modal_disabled,cube-10x09y,31-03-19-59-22,cube,grid_single,1,False,False,False,False,1000,10.0,9.0,cube-10x09y_1000--31-03-19-59-22,cube,1.0,1000,10.0,9.0,"{'bytes': None, 'path': 'https://huggingface.co/datasets/eturok-weizmann/laser-vibrations/resolve/main/image/cube-010x-009y-1obj-cardboard-2026-03-31-19-59-22/mask.png'}","{'bytes': None, 'path': 'https://huggingface.co/datasets/eturok-weizmann/laser-vibrations/resolve/main/image/cube-010x-009y-1obj-cardboard-2026-03-31-19-59-22/segmented_overhead.png'}","{'bytes': None, 'path': 'https://huggingface.co/datasets/eturok-weizmann/laser-vibrations/resolve/main/data/0000488/speckle_vibrations.mp4'}","{'bytes': None, 'path': 'https://huggingface.co/datasets/eturok-weizmann/laser-vibrations/resolve/main/audio/chirp_50_1000_3.0sec.wav'}","{'bytes': None, 'path': 'https://huggingface.co/datasets/eturok-weizmann/laser-vibrations/resolve/main/data/0000488/speckle_shifts_ifft_audio.wav'}",,,,,,,,,,True,False,False,True,True,True,True,False,False,False,False,False,False
cube-10x10y_0001--31-03-20-05-11,489,The app is stopped or disabled,"Traceback (most recent call last):
  File ""/Users/eitanturok/good-vibrations/scripts/backfill_batch.py"", line 317, in _run_batch
  File ""/Users/eitanturok/good-vibrations/scripts/backfill_batch.py"", line 260, in process_sample
    f""cat {shlex.quote(NEW_DIR + '/data/metadata.jsonl')} 2>/dev/null || true""
      ^^^^^^^^^^^^^^^^^^^^^^^^^^^^^^^^^^^^^^^^^^^^^^^^^^^^^^^^^^^^^^^^^^^^^^^^^
  File ""/Users/eitanturok/good-vibrations/.venv/lib/python3.12/site-packages/modal/_object.py"", line 46, in wrapped
    return await method(self, *args, **kwargs)
           ^^^^^^^^^^^^^^^^^^^^^^^^^^^^^^^^^^^
  File ""/Users/eitanturok/good-vibrations/.venv/lib/python3.12/site-packages/modal/_functions.py"", line 1702, in remote
    return await self._call_function(args, kwargs)
           ^^^^^^^^^^^^^^^^^^^^^^^^^^^^^^^^^^^^^^^
  File ""/Users/eitanturok/good-vibrations/.venv/lib/python3.12/site-packages/modal/_functions.py"", line 1638, in _call_function
    invocation = await _Invocation.create(
                 ^^^^^^^^^^^^^^^^^^^^^^^^^
  File ""/Users/eitanturok/good-vibrations/.venv/lib/python3.12/site-packages/modal/_functions.py"", line 182, in create
    response = await client.stub.FunctionMap(request)
               ^^^^^^^^^^^^^^^^^^^^^^^^^^^^^^^^^^^^^^
modal.exception.ConflictError: The app is stopped or disabled
",2026-04-23T09:23:22.821773,modal_disabled,cube-10x10y,31-03-20-05-11,cube,grid_single,1,False,False,False,False,0001,10.0,10.0,cube-10x10y_0001--31-03-20-05-11,cube,1.0,0001,10.0,10.0,"{'bytes': None, 'path': 'https://huggingface.co/datasets/eturok-weizmann/laser-vibrations/resolve/main/image/cube-010x-010y-1obj-cardboard-2026-03-31-20-05-11/mask.png'}","{'bytes': None, 'path': 'https://huggingface.co/datasets/eturok-weizmann/laser-vibrations/resolve/main/image/cube-010x-010y-1obj-cardboard-2026-03-31-20-05-11/segmented_overhead.png'}","{'bytes': None, 'path': 'https://huggingface.co/datasets/eturok-weizmann/laser-vibrations/resolve/main/data/0000489/speckle_vibrations.mp4'}","{'bytes': None, 'path': 'https://huggingface.co/datasets/eturok-weizmann/laser-vibrations/resolve/main/audio/chirp_50_1000_3.0sec.wav'}","{'bytes': None, 'path': 'https://huggingface.co/datasets/eturok-weizmann/laser-vibrations/resolve/main/data/0000489/speckle_shifts_ifft_audio.wav'}",,,,,,,,,,True,False,False,True,True,True,True,False,False,False,False,False,False
cube-10x10y_0010--31-03-20-05-08,490,The app is stopped or disabled,"Traceback (most recent call last):
  File ""/Users/eitanturok/good-vibrations/scripts/backfill_batch.py"", line 317, in _run_batch
  File ""/Users/eitanturok/good-vibrations/scripts/backfill_batch.py"", line 260, in process_sample
    f""cat {shlex.quote(NEW_DIR + '/data/metadata.jsonl')} 2>/dev/null || true""
      ^^^^^^^^^^^^^^^^^^^^^^^^^^^^^^^^^^^^^^^^^^^^^^^^^^^^^^^^^^^^^^^^^^^^^^^^^
  File ""/Users/eitanturok/good-vibrations/.venv/lib/python3.12/site-packages/modal/_object.py"", line 46, in wrapped
    return await method(self, *args, **kwargs)
           ^^^^^^^^^^^^^^^^^^^^^^^^^^^^^^^^^^^
  File ""/Users/eitanturok/good-vibrations/.venv/lib/python3.12/site-packages/modal/_functions.py"", line 1702, in remote
    return await self._call_function(args, kwargs)
           ^^^^^^^^^^^^^^^^^^^^^^^^^^^^^^^^^^^^^^^
  File ""/Users/eitanturok/good-vibrations/.venv/lib/python3.12/site-packages/modal/_functions.py"", line 1638, in _call_function
    invocation = await _Invocation.create(
                 ^^^^^^^^^^^^^^^^^^^^^^^^^
  File ""/Users/eitanturok/good-vibrations/.venv/lib/python3.12/site-packages/modal/_functions.py"", line 182, in create
    response = await client.stub.FunctionMap(request)
               ^^^^^^^^^^^^^^^^^^^^^^^^^^^^^^^^^^^^^^
modal.exception.ConflictError: The app is stopped or disabled
",2026-04-23T09:23:36.651359,modal_disabled,cube-10x10y,31-03-20-05-08,cube,grid_single,1,False,False,False,False,0010,10.0,10.0,cube-10x10y_0010--31-03-20-05-08,cube,1.0,0010,10.0,10.0,"{'bytes': None, 'path': 'https://huggingface.co/datasets/eturok-weizmann/laser-vibrations/resolve/main/image/cube-010x-010y-1obj-cardboard-2026-03-31-20-05-08/mask.png'}","{'bytes': None, 'path': 'https://huggingface.co/datasets/eturok-weizmann/laser-vibrations/resolve/main/image/cube-010x-010y-1obj-cardboard-2026-03-31-20-05-08/segmented_overhead.png'}","{'bytes': None, 'path': 'https://huggingface.co/datasets/eturok-weizmann/laser-vibrations/resolve/main/data/0000490/speckle_vibrations.mp4'}","{'bytes': None, 'path': 'https://huggingface.co/datasets/eturok-weizmann/laser-vibrations/resolve/main/audio/chirp_50_1000_3.0sec.wav'}","{'bytes': None, 'path': 'https://huggingface.co/datasets/eturok-weizmann/laser-vibrations/resolve/main/data/0000490/speckle_shifts_ifft_audio.wav'}",,,,,,,,,,True,False,False,True,True,True,True,False,False,False,False,False,False
cube-10x10y_0100--31-03-20-05-06,491,The app is stopped or disabled,"Traceback (most recent call last):
  File ""/Users/eitanturok/good-vibrations/scripts/backfill_batch.py"", line 317, in _run_batch
  File ""/Users/eitanturok/good-vibrations/scripts/backfill_batch.py"", line 260, in process_sample
    f""cat {shlex.quote(NEW_DIR + '/data/metadata.jsonl')} 2>/dev/null || true""
      ^^^^^^^^^^^^^^^^^^^^^^^^^^^^^^^^^^^^^^^^^^^^^^^^^^^^^^^^^^^^^^^^^^^^^^^^^
  File ""/Users/eitanturok/good-vibrations/.venv/lib/python3.12/site-packages/modal/_object.py"", line 46, in wrapped
    return await method(self, *args, **kwargs)
           ^^^^^^^^^^^^^^^^^^^^^^^^^^^^^^^^^^^
  File ""/Users/eitanturok/good-vibrations/.venv/lib/python3.12/site-packages/modal/_functions.py"", line 1702, in remote
    return await self._call_function(args, kwargs)
           ^^^^^^^^^^^^^^^^^^^^^^^^^^^^^^^^^^^^^^^
  File ""/Users/eitanturok/good-vibrations/.venv/lib/python3.12/site-packages/modal/_functions.py"", line 1638, in _call_function
    invocation = await _Invocation.create(
                 ^^^^^^^^^^^^^^^^^^^^^^^^^
  File ""/Users/eitanturok/good-vibrations/.venv/lib/python3.12/site-packages/modal/_functions.py"", line 182, in create
    response = await client.stub.FunctionMap(request)
               ^^^^^^^^^^^^^^^^^^^^^^^^^^^^^^^^^^^^^^
modal.exception.ConflictError: The app is stopped or disabled
",2026-04-23T09:23:53.488418,modal_disabled,cube-10x10y,31-03-20-05-06,cube,grid_single,1,False,False,False,False,0100,10.0,10.0,cube-10x10y_0100--31-03-20-05-06,cube,1.0,0100,10.0,10.0,"{'bytes': None, 'path': 'https://huggingface.co/datasets/eturok-weizmann/laser-vibrations/resolve/main/image/cube-010x-010y-1obj-cardboard-2026-03-31-20-05-06/mask.png'}","{'bytes': None, 'path': 'https://huggingface.co/datasets/eturok-weizmann/laser-vibrations/resolve/main/image/cube-010x-010y-1obj-cardboard-2026-03-31-20-05-06/segmented_overhead.png'}","{'bytes': None, 'path': 'https://huggingface.co/datasets/eturok-weizmann/laser-vibrations/resolve/main/data/0000491/speckle_vibrations.mp4'}","{'bytes': None, 'path': 'https://huggingface.co/datasets/eturok-weizmann/laser-vibrations/resolve/main/audio/chirp_50_1000_3.0sec.wav'}","{'bytes': None, 'path': 'https://huggingface.co/datasets/eturok-weizmann/laser-vibrations/resolve/main/data/0000491/speckle_shifts_ifft_audio.wav'}",,,,,,,,,,True,False,False,True,True,True,True,False,False,False,False,False,False
cube-10x10y_1000--31-03-20-05-04,492,The app is stopped or disabled,"Traceback (most recent call last):
  File ""/Users/eitanturok/good-vibrations/scripts/backfill_batch.py"", line 317, in _run_batch
  File ""/Users/eitanturok/good-vibrations/scripts/backfill_batch.py"", line 260, in process_sample
    f""cat {shlex.quote(NEW_DIR + '/data/metadata.jsonl')} 2>/dev/null || true""
      ^^^^^^^^^^^^^^^^^^^^^^^^^^^^^^^^^^^^^^^^^^^^^^^^^^^^^^^^^^^^^^^^^^^^^^^^^
  File ""/Users/eitanturok/good-vibrations/.venv/lib/python3.12/site-packages/modal/_object.py"", line 46, in wrapped
    return await method(self, *args, **kwargs)
           ^^^^^^^^^^^^^^^^^^^^^^^^^^^^^^^^^^^
  File ""/Users/eitanturok/good-vibrations/.venv/lib/python3.12/site-packages/modal/_functions.py"", line 1702, in remote
    return await self._call_function(args, kwargs)
           ^^^^^^^^^^^^^^^^^^^^^^^^^^^^^^^^^^^^^^^
  File ""/Users/eitanturok/good-vibrations/.venv/lib/python3.12/site-packages/modal/_functions.py"", line 1638, in _call_function
    invocation = await _Invocation.create(
                 ^^^^^^^^^^^^^^^^^^^^^^^^^
  File ""/Users/eitanturok/good-vibrations/.venv/lib/python3.12/site-packages/modal/_functions.py"", line 182, in create
    response = await client.stub.FunctionMap(request)
               ^^^^^^^^^^^^^^^^^^^^^^^^^^^^^^^^^^^^^^
modal.exception.ConflictError: The app is stopped or disabled
",2026-04-23T09:24:07.889704,modal_disabled,cube-10x10y,31-03-20-05-04,cube,grid_single,1,False,False,False,False,1000,10.0,10.0,cube-10x10y_1000--31-03-20-05-04,cube,1.0,1000,10.0,10.0,"{'bytes': None, 'path': 'https://huggingface.co/datasets/eturok-weizmann/laser-vibrations/resolve/main/image/cube-010x-010y-1obj-cardboard-2026-03-31-20-05-04/mask.png'}","{'bytes': None, 'path': 'https://huggingface.co/datasets/eturok-weizmann/laser-vibrations/resolve/main/image/cube-010x-010y-1obj-cardboard-2026-03-31-20-05-04/segmented_overhead.png'}","{'bytes': None, 'path': 'https://huggingface.co/datasets/eturok-weizmann/laser-vibrations/resolve/main/data/0000492/speckle_vibrations.mp4'}","{'bytes': None, 'path': 'https://huggingface.co/datasets/eturok-weizmann/laser-vibrations/resolve/main/audio/chirp_50_1000_3.0sec.wav'}","{'bytes': None, 'path': 'https://huggingface.co/datasets/eturok-weizmann/laser-vibrations/resolve/main/data/0000492/speckle_shifts_ifft_audio.wav'}",,,,,,,,,,True,False,False,True,True,True,True,False,False,False,False,False,False
cube-10x11y_0001--31-03-20-42-15,493,The app is stopped or disabled,"Traceback (most recent call last):
  File ""/Users/eitanturok/good-vibrations/scripts/backfill_batch.py"", line 317, in _run_batch
  File ""/Users/eitanturok/good-vibrations/scripts/backfill_batch.py"", line 260, in process_sample
    f""cat {shlex.quote(NEW_DIR + '/data/metadata.jsonl')} 2>/dev/null || true""
      ^^^^^^^^^^^^^^^^^^^^^^^^^^^^^^^^^^^^^^^^^^^^^^^^^^^^^^^^^^^^^^^^^^^^^^^^^
  File ""/Users/eitanturok/good-vibrations/.venv/lib/python3.12/site-packages/modal/_object.py"", line 46, in wrapped
    return await method(self, *args, **kwargs)
           ^^^^^^^^^^^^^^^^^^^^^^^^^^^^^^^^^^^
  File ""/Users/eitanturok/good-vibrations/.venv/lib/python3.12/site-packages/modal/_functions.py"", line 1702, in remote
    return await self._call_function(args, kwargs)
           ^^^^^^^^^^^^^^^^^^^^^^^^^^^^^^^^^^^^^^^
  File ""/Users/eitanturok/good-vibrations/.venv/lib/python3.12/site-packages/modal/_functions.py"", line 1638, in _call_function
    invocation = await _Invocation.create(
                 ^^^^^^^^^^^^^^^^^^^^^^^^^
  File ""/Users/eitanturok/good-vibrations/.venv/lib/python3.12/site-packages/modal/_functions.py"", line 182, in create
    response = await client.stub.FunctionMap(request)
               ^^^^^^^^^^^^^^^^^^^^^^^^^^^^^^^^^^^^^^
modal.exception.ConflictError: The app is stopped or disabled
",2026-04-23T09:24:24.889794,modal_disabled,cube-10x11y,31-03-20-42-15,cube,grid_single,1,False,False,False,False,0001,10.0,11.0,cube-10x11y_0001--31-03-20-42-15,cube,1.0,0001,10.0,11.0,"{'bytes': None, 'path': 'https://huggingface.co/datasets/eturok-weizmann/laser-vibrations/resolve/main/image/cube-010x-011y-1obj-cardboard-2026-03-31-20-42-15/mask.png'}","{'bytes': None, 'path': 'https://huggingface.co/datasets/eturok-weizmann/laser-vibrations/resolve/main/image/cube-010x-011y-1obj-cardboard-2026-03-31-20-42-15/segmented_overhead.png'}","{'bytes': None, 'path': 'https://huggingface.co/datasets/eturok-weizmann/laser-vibrations/resolve/main/data/0000493/speckle_vibrations.mp4'}","{'bytes': None, 'path': 'https://huggingface.co/datasets/eturok-weizmann/laser-vibrations/resolve/main/audio/chirp_50_1000_3.0sec.wav'}","{'bytes': None, 'path': 'https://huggingface.co/datasets/eturok-weizmann/laser-vibrations/resolve/main/data/0000493/speckle_shifts_ifft_audio.wav'}",,,,,,,,,,True,False,False,True,True,True,True,False,False,False,False,False,False
cube-10x11y_0010--31-03-20-42-13,494,The app is stopped or disabled,"Traceback (most recent call last):
  File ""/Users/eitanturok/good-vibrations/scripts/backfill_batch.py"", line 317, in _run_batch
  File ""/Users/eitanturok/good-vibrations/scripts/backfill_batch.py"", line 260, in process_sample
    f""cat {shlex.quote(NEW_DIR + '/data/metadata.jsonl')} 2>/dev/null || true""
      ^^^^^^^^^^^^^^^^^^^^^^^^^^^^^^^^^^^^^^^^^^^^^^^^^^^^^^^^^^^^^^^^^^^^^^^^^
  File ""/Users/eitanturok/good-vibrations/.venv/lib/python3.12/site-packages/modal/_object.py"", line 46, in wrapped
    return await method(self, *args, **kwargs)
           ^^^^^^^^^^^^^^^^^^^^^^^^^^^^^^^^^^^
  File ""/Users/eitanturok/good-vibrations/.venv/lib/python3.12/site-packages/modal/_functions.py"", line 1702, in remote
    return await self._call_function(args, kwargs)
           ^^^^^^^^^^^^^^^^^^^^^^^^^^^^^^^^^^^^^^^
  File ""/Users/eitanturok/good-vibrations/.venv/lib/python3.12/site-packages/modal/_functions.py"", line 1638, in _call_function
    invocation = await _Invocation.create(
                 ^^^^^^^^^^^^^^^^^^^^^^^^^
  File ""/Users/eitanturok/good-vibrations/.venv/lib/python3.12/site-packages/modal/_functions.py"", line 182, in create
    response = await client.stub.FunctionMap(request)
               ^^^^^^^^^^^^^^^^^^^^^^^^^^^^^^^^^^^^^^
modal.exception.ConflictError: The app is stopped or disabled
",2026-04-23T09:24:40.498740,modal_disabled,cube-10x11y,31-03-20-42-13,cube,grid_single,1,False,False,False,False,0010,10.0,11.0,cube-10x11y_0010--31-03-20-42-13,cube,1.0,0010,10.0,11.0,"{'bytes': None, 'path': 'https://huggingface.co/datasets/eturok-weizmann/laser-vibrations/resolve/main/image/cube-010x-011y-1obj-cardboard-2026-03-31-20-42-13/mask.png'}","{'bytes': None, 'path': 'https://huggingface.co/datasets/eturok-weizmann/laser-vibrations/resolve/main/image/cube-010x-011y-1obj-cardboard-2026-03-31-20-42-13/segmented_overhead.png'}","{'bytes': None, 'path': 'https://huggingface.co/datasets/eturok-weizmann/laser-vibrations/resolve/main/data/0000494/speckle_vibrations.mp4'}","{'bytes': None, 'path': 'https://huggingface.co/datasets/eturok-weizmann/laser-vibrations/resolve/main/audio/chirp_50_1000_3.0sec.wav'}","{'bytes': None, 'path': 'https://huggingface.co/datasets/eturok-weizmann/laser-vibrations/resolve/main/data/0000494/speckle_shifts_ifft_audio.wav'}",,,,,,,,,,True,False,False,True,True,True,True,False,False,False,False,False,False
cube-10x11y_0100--31-03-20-42-12,495,The app is stopped or disabled,"Traceback (most recent call last):
  File ""/Users/eitanturok/good-vibrations/scripts/backfill_batch.py"", line 317, in _run_batch
  File ""/Users/eitanturok/good-vibrations/scripts/backfill_batch.py"", line 260, in process_sample
    f""cat {shlex.quote(NEW_DIR + '/data/metadata.jsonl')} 2>/dev/null || true""
      ^^^^^^^^^^^^^^^^^^^^^^^^^^^^^^^^^^^^^^^^^^^^^^^^^^^^^^^^^^^^^^^^^^^^^^^^^
  File ""/Users/eitanturok/good-vibrations/.venv/lib/python3.12/site-packages/modal/_object.py"", line 46, in wrapped
    return await method(self, *args, **kwargs)
           ^^^^^^^^^^^^^^^^^^^^^^^^^^^^^^^^^^^
  File ""/Users/eitanturok/good-vibrations/.venv/lib/python3.12/site-packages/modal/_functions.py"", line 1702, in remote
    return await self._call_function(args, kwargs)
           ^^^^^^^^^^^^^^^^^^^^^^^^^^^^^^^^^^^^^^^
  File ""/Users/eitanturok/good-vibrations/.venv/lib/python3.12/site-packages/modal/_functions.py"", line 1638, in _call_function
    invocation = await _Invocation.create(
                 ^^^^^^^^^^^^^^^^^^^^^^^^^
  File ""/Users/eitanturok/good-vibrations/.venv/lib/python3.12/site-packages/modal/_functions.py"", line 182, in create
    response = await client.stub.FunctionMap(request)
               ^^^^^^^^^^^^^^^^^^^^^^^^^^^^^^^^^^^^^^
modal.exception.ConflictError: The app is stopped or disabled
",2026-04-23T09:24:56.995079,modal_disabled,cube-10x11y,31-03-20-42-12,cube,grid_single,1,False,False,False,False,0100,10.0,11.0,cube-10x11y_0100--31-03-20-42-12,cube,1.0,0100,10.0,11.0,"{'bytes': None, 'path': 'https://huggingface.co/datasets/eturok-weizmann/laser-vibrations/resolve/main/image/cube-010x-011y-1obj-cardboard-2026-03-31-20-42-12/mask.png'}","{'bytes': None, 'path': 'https://huggingface.co/datasets/eturok-weizmann/laser-vibrations/resolve/main/image/cube-010x-011y-1obj-cardboard-2026-03-31-20-42-12/segmented_overhead.png'}","{'bytes': None, 'path': 'https://huggingface.co/datasets/eturok-weizmann/laser-vibrations/resolve/main/data/0000495/speckle_vibrations.mp4'}","{'bytes': None, 'path': 'https://huggingface.co/datasets/eturok-weizmann/laser-vibrations/resolve/main/audio/chirp_50_1000_3.0sec.wav'}","{'bytes': None, 'path': 'https://huggingface.co/datasets/eturok-weizmann/laser-vibrations/resolve/main/data/0000495/speckle_shifts_ifft_audio.wav'}",,,,,,,,,,True,False,False,True,True,True,True,False,False,False,False,False,False
cube-10x11y_1000--31-03-20-42-10,496,The app is stopped or disabled,"Traceback (most recent call last):
  File ""/Users/eitanturok/good-vibrations/scripts/backfill_batch.py"", line 317, in _run_batch
  File ""/Users/eitanturok/good-vibrations/scripts/backfill_batch.py"", line 260, in process_sample
    f""cat {shlex.quote(NEW_DIR + '/data/metadata.jsonl')} 2>/dev/null || true""
      ^^^^^^^^^^^^^^^^^^^^^^^^^^^^^^^^^^^^^^^^^^^^^^^^^^^^^^^^^^^^^^^^^^^^^^^^^
  File ""/Users/eitanturok/good-vibrations/.venv/lib/python3.12/site-packages/modal/_object.py"", line 46, in wrapped
    return await method(self, *args, **kwargs)
           ^^^^^^^^^^^^^^^^^^^^^^^^^^^^^^^^^^^
  File ""/Users/eitanturok/good-vibrations/.venv/lib/python3.12/site-packages/modal/_functions.py"", line 1702, in remote
    return await self._call_function(args, kwargs)
           ^^^^^^^^^^^^^^^^^^^^^^^^^^^^^^^^^^^^^^^
  File ""/Users/eitanturok/good-vibrations/.venv/lib/python3.12/site-packages/modal/_functions.py"", line 1638, in _call_function
    invocation = await _Invocation.create(
                 ^^^^^^^^^^^^^^^^^^^^^^^^^
  File ""/Users/eitanturok/good-vibrations/.venv/lib/python3.12/site-packages/modal/_functions.py"", line 182, in create
    response = await client.stub.FunctionMap(request)
               ^^^^^^^^^^^^^^^^^^^^^^^^^^^^^^^^^^^^^^
modal.exception.ConflictError: The app is stopped or disabled
",2026-04-23T09:25:12.378572,modal_disabled,cube-10x11y,31-03-20-42-10,cube,grid_single,1,False,False,False,False,1000,10.0,11.0,cube-10x11y_1000--31-03-20-42-10,cube,1.0,1000,10.0,11.0,"{'bytes': None, 'path': 'https://huggingface.co/datasets/eturok-weizmann/laser-vibrations/resolve/main/image/cube-010x-011y-1obj-cardboard-2026-03-31-20-42-10/mask.png'}","{'bytes': None, 'path': 'https://huggingface.co/datasets/eturok-weizmann/laser-vibrations/resolve/main/image/cube-010x-011y-1obj-cardboard-2026-03-31-20-42-10/segmented_overhead.png'}","{'bytes': None, 'path': 'https://huggingface.co/datasets/eturok-weizmann/laser-vibrations/resolve/main/data/0000496/speckle_vibrations.mp4'}","{'bytes': None, 'path': 'https://huggingface.co/datasets/eturok-weizmann/laser-vibrations/resolve/main/audio/chirp_50_1000_3.0sec.wav'}","{'bytes': None, 'path': 'https://huggingface.co/datasets/eturok-weizmann/laser-vibrations/resolve/main/data/0000496/speckle_shifts_ifft_audio.wav'}",,,,,,,,,,True,False,False,True,True,True,True,False,False,False,False,False,False
cube-1x0y_0001--31-03-18-16-20,497,The app is stopped or disabled,"Traceback (most recent call last):
  File ""/Users/eitanturok/good-vibrations/scripts/backfill_batch.py"", line 317, in _run_batch
  File ""/Users/eitanturok/good-vibrations/scripts/backfill_batch.py"", line 260, in process_sample
    f""cat {shlex.quote(NEW_DIR + '/data/metadata.jsonl')} 2>/dev/null || true""
      ^^^^^^^^^^^^^^^^^^^^^^^^^^^^^^^^^^^^^^^^^^^^^^^^^^^^^^^^^^^^^^^^^^^^^^^^^
  File ""/Users/eitanturok/good-vibrations/.venv/lib/python3.12/site-packages/modal/_object.py"", line 46, in wrapped
    return await method(self, *args, **kwargs)
           ^^^^^^^^^^^^^^^^^^^^^^^^^^^^^^^^^^^
  File ""/Users/eitanturok/good-vibrations/.venv/lib/python3.12/site-packages/modal/_functions.py"", line 1702, in remote
    return await self._call_function(args, kwargs)
           ^^^^^^^^^^^^^^^^^^^^^^^^^^^^^^^^^^^^^^^
  File ""/Users/eitanturok/good-vibrations/.venv/lib/python3.12/site-packages/modal/_functions.py"", line 1638, in _call_function
    invocation = await _Invocation.create(
                 ^^^^^^^^^^^^^^^^^^^^^^^^^
  File ""/Users/eitanturok/good-vibrations/.venv/lib/python3.12/site-packages/modal/_functions.py"", line 182, in create
    response = await client.stub.FunctionMap(request)
               ^^^^^^^^^^^^^^^^^^^^^^^^^^^^^^^^^^^^^^
modal.exception.ConflictError: The app is stopped or disabled
",2026-04-23T09:25:30.334267,modal_disabled,cube-1x0y,31-03-18-16-20,cube,grid_single,1,False,False,False,False,0001,1.0,0.0,cube-1x0y_0001--31-03-18-16-20,cube,1.0,0001,,,"{'bytes': None, 'path': 'https://huggingface.co/datasets/eturok-weizmann/laser-vibrations/resolve/main/image/cube-POSx-POSy-1obj-cardboard-2026-03-31-18-16-20/mask.png'}","{'bytes': None, 'path': 'https://huggingface.co/datasets/eturok-weizmann/laser-vibrations/resolve/main/image/cube-POSx-POSy-1obj-cardboard-2026-03-31-18-16-20/segmented_overhead.png'}","{'bytes': None, 'path': 'https://huggingface.co/datasets/eturok-weizmann/laser-vibrations/resolve/main/data/0000497/speckle_vibrations.mp4'}","{'bytes': None, 'path': 'https://huggingface.co/datasets/eturok-weizmann/laser-vibrations/resolve/main/audio/chirp_50_1000_3.0sec.wav'}","{'bytes': None, 'path': 'https://huggingface.co/datasets/eturok-weizmann/laser-vibrations/resolve/main/data/0000497/speckle_shifts_ifft_audio.wav'}",,,,,,,,,,True,False,False,True,True,True,True,False,False,False,False,False,False
cube-1x0y_0010--31-03-18-16-18,498,The app is stopped or disabled,"Traceback (most recent call last):
  File ""/Users/eitanturok/good-vibrations/scripts/backfill_batch.py"", line 317, in _run_batch
  File ""/Users/eitanturok/good-vibrations/scripts/backfill_batch.py"", line 260, in process_sample
    f""cat {shlex.quote(NEW_DIR + '/data/metadata.jsonl')} 2>/dev/null || true""
      ^^^^^^^^^^^^^^^^^^^^^^^^^^^^^^^^^^^^^^^^^^^^^^^^^^^^^^^^^^^^^^^^^^^^^^^^^
  File ""/Users/eitanturok/good-vibrations/.venv/lib/python3.12/site-packages/modal/_object.py"", line 46, in wrapped
    return await method(self, *args, **kwargs)
           ^^^^^^^^^^^^^^^^^^^^^^^^^^^^^^^^^^^
  File ""/Users/eitanturok/good-vibrations/.venv/lib/python3.12/site-packages/modal/_functions.py"", line 1702, in remote
    return await self._call_function(args, kwargs)
           ^^^^^^^^^^^^^^^^^^^^^^^^^^^^^^^^^^^^^^^
  File ""/Users/eitanturok/good-vibrations/.venv/lib/python3.12/site-packages/modal/_functions.py"", line 1638, in _call_function
    invocation = await _Invocation.create(
                 ^^^^^^^^^^^^^^^^^^^^^^^^^
  File ""/Users/eitanturok/good-vibrations/.venv/lib/python3.12/site-packages/modal/_functions.py"", line 182, in create
    response = await client.stub.FunctionMap(request)
               ^^^^^^^^^^^^^^^^^^^^^^^^^^^^^^^^^^^^^^
modal.exception.ConflictError: The app is stopped or disabled
",2026-04-23T09:25:45.797297,modal_disabled,cube-1x0y,31-03-18-16-18,cube,grid_single,1,False,False,False,False,0010,1.0,0.0,cube-1x0y_0010--31-03-18-16-18,cube,1.0,0010,,,"{'bytes': None, 'path': 'https://huggingface.co/datasets/eturok-weizmann/laser-vibrations/resolve/main/image/cube-POSx-POSy-1obj-cardboard-2026-03-31-18-16-18/mask.png'}","{'bytes': None, 'path': 'https://huggingface.co/datasets/eturok-weizmann/laser-vibrations/resolve/main/image/cube-POSx-POSy-1obj-cardboard-2026-03-31-18-16-18/segmented_overhead.png'}","{'bytes': None, 'path': 'https://huggingface.co/datasets/eturok-weizmann/laser-vibrations/resolve/main/data/0000498/speckle_vibrations.mp4'}","{'bytes': None, 'path': 'https://huggingface.co/datasets/eturok-weizmann/laser-vibrations/resolve/main/audio/chirp_50_1000_3.0sec.wav'}","{'bytes': None, 'path': 'https://huggingface.co/datasets/eturok-weizmann/laser-vibrations/resolve/main/data/0000498/speckle_shifts_ifft_audio.wav'}",,,,,,,,,,True,False,False,True,True,True,True,False,False,False,False,False,False
cube-1x0y_0100--31-03-18-16-16,499,The app is stopped or disabled,"Traceback (most recent call last):
  File ""/Users/eitanturok/good-vibrations/scripts/backfill_batch.py"", line 317, in _run_batch
  File ""/Users/eitanturok/good-vibrations/scripts/backfill_batch.py"", line 260, in process_sample
    f""cat {shlex.quote(NEW_DIR + '/data/metadata.jsonl')} 2>/dev/null || true""
      ^^^^^^^^^^^^^^^^^^^^^^^^^^^^^^^^^^^^^^^^^^^^^^^^^^^^^^^^^^^^^^^^^^^^^^^^^
  File ""/Users/eitanturok/good-vibrations/.venv/lib/python3.12/site-packages/modal/_object.py"", line 46, in wrapped
    return await method(self, *args, **kwargs)
           ^^^^^^^^^^^^^^^^^^^^^^^^^^^^^^^^^^^
  File ""/Users/eitanturok/good-vibrations/.venv/lib/python3.12/site-packages/modal/_functions.py"", line 1702, in remote
    return await self._call_function(args, kwargs)
           ^^^^^^^^^^^^^^^^^^^^^^^^^^^^^^^^^^^^^^^
  File ""/Users/eitanturok/good-vibrations/.venv/lib/python3.12/site-packages/modal/_functions.py"", line 1638, in _call_function
    invocation = await _Invocation.create(
                 ^^^^^^^^^^^^^^^^^^^^^^^^^
  File ""/Users/eitanturok/good-vibrations/.venv/lib/python3.12/site-packages/modal/_functions.py"", line 182, in create
    response = await client.stub.FunctionMap(request)
               ^^^^^^^^^^^^^^^^^^^^^^^^^^^^^^^^^^^^^^
modal.exception.ConflictError: The app is stopped or disabled
",2026-04-23T09:26:00.139893,modal_disabled,cube-1x0y,31-03-18-16-16,cube,grid_single,1,False,False,False,False,0100,1.0,0.0,cube-1x0y_0100--31-03-18-16-16,cube,1.0,0100,,,"{'bytes': None, 'path': 'https://huggingface.co/datasets/eturok-weizmann/laser-vibrations/resolve/main/image/cube-POSx-POSy-1obj-cardboard-2026-03-31-18-16-16/mask.png'}","{'bytes': None, 'path': 'https://huggingface.co/datasets/eturok-weizmann/laser-vibrations/resolve/main/image/cube-POSx-POSy-1obj-cardboard-2026-03-31-18-16-16/segmented_overhead.png'}","{'bytes': None, 'path': 'https://huggingface.co/datasets/eturok-weizmann/laser-vibrations/resolve/main/data/0000499/speckle_vibrations.mp4'}","{'bytes': None, 'path': 'https://huggingface.co/datasets/eturok-weizmann/laser-vibrations/resolve/main/audio/chirp_50_1000_3.0sec.wav'}","{'bytes': None, 'path': 'https://huggingface.co/datasets/eturok-weizmann/laser-vibrations/resolve/main/data/0000499/speckle_shifts_ifft_audio.wav'}",,,,,,,,,,True,False,False,True,True,True,True,False,False,False,False,False,False
cube-1x0y_1000--31-03-18-16-14,500,The app is stopped or disabled,"Traceback (most recent call last):
  File ""/Users/eitanturok/good-vibrations/scripts/backfill_batch.py"", line 317, in _run_batch
  File ""/Users/eitanturok/good-vibrations/scripts/backfill_batch.py"", line 260, in process_sample
    f""cat {shlex.quote(NEW_DIR + '/data/metadata.jsonl')} 2>/dev/null || true""
      ^^^^^^^^^^^^^^^^^^^^^^^^^^^^^^^^^^^^^^^^^^^^^^^^^^^^^^^^^^^^^^^^^^^^^^^^^
  File ""/Users/eitanturok/good-vibrations/.venv/lib/python3.12/site-packages/modal/_object.py"", line 46, in wrapped
    return await method(self, *args, **kwargs)
           ^^^^^^^^^^^^^^^^^^^^^^^^^^^^^^^^^^^
  File ""/Users/eitanturok/good-vibrations/.venv/lib/python3.12/site-packages/modal/_functions.py"", line 1702, in remote
    return await self._call_function(args, kwargs)
           ^^^^^^^^^^^^^^^^^^^^^^^^^^^^^^^^^^^^^^^
  File ""/Users/eitanturok/good-vibrations/.venv/lib/python3.12/site-packages/modal/_functions.py"", line 1638, in _call_function
    invocation = await _Invocation.create(
                 ^^^^^^^^^^^^^^^^^^^^^^^^^
  File ""/Users/eitanturok/good-vibrations/.venv/lib/python3.12/site-packages/modal/_functions.py"", line 182, in create
    response = await client.stub.FunctionMap(request)
               ^^^^^^^^^^^^^^^^^^^^^^^^^^^^^^^^^^^^^^
modal.exception.ConflictError: The app is stopped or disabled
",2026-04-23T09:26:15.799744,modal_disabled,cube-1x0y,31-03-18-16-14,cube,grid_single,1,False,False,False,False,1000,1.0,0.0,cube-1x0y_1000--31-03-18-16-14,cube,1.0,1000,,,"{'bytes': None, 'path': 'https://huggingface.co/datasets/eturok-weizmann/laser-vibrations/resolve/main/image/cube-POSx-POSy-1obj-cardboard-2026-03-31-18-16-14/mask.png'}","{'bytes': None, 'path': 'https://huggingface.co/datasets/eturok-weizmann/laser-vibrations/resolve/main/image/cube-POSx-POSy-1obj-cardboard-2026-03-31-18-16-14/segmented_overhead.png'}","{'bytes': None, 'path': 'https://huggingface.co/datasets/eturok-weizmann/laser-vibrations/resolve/main/data/0000500/speckle_vibrations.mp4'}","{'bytes': None, 'path': 'https://huggingface.co/datasets/eturok-weizmann/laser-vibrations/resolve/main/audio/chirp_50_1000_3.0sec.wav'}","{'bytes': None, 'path': 'https://huggingface.co/datasets/eturok-weizmann/laser-vibrations/resolve/main/data/0000500/speckle_shifts_ifft_audio.wav'}",,,,,,,,,,True,False,False,True,True,True,True,False,False,False,False,False,False
cube-2x0y_0001--31-03-18-16-49,501,The app is stopped or disabled,"Traceback (most recent call last):
  File ""/Users/eitanturok/good-vibrations/scripts/backfill_batch.py"", line 317, in _run_batch
  File ""/Users/eitanturok/good-vibrations/scripts/backfill_batch.py"", line 260, in process_sample
    f""cat {shlex.quote(NEW_DIR + '/data/metadata.jsonl')} 2>/dev/null || true""
      ^^^^^^^^^^^^^^^^^^^^^^^^^^^^^^^^^^^^^^^^^^^^^^^^^^^^^^^^^^^^^^^^^^^^^^^^^
  File ""/Users/eitanturok/good-vibrations/.venv/lib/python3.12/site-packages/modal/_object.py"", line 46, in wrapped
    return await method(self, *args, **kwargs)
           ^^^^^^^^^^^^^^^^^^^^^^^^^^^^^^^^^^^
  File ""/Users/eitanturok/good-vibrations/.venv/lib/python3.12/site-packages/modal/_functions.py"", line 1702, in remote
    return await self._call_function(args, kwargs)
           ^^^^^^^^^^^^^^^^^^^^^^^^^^^^^^^^^^^^^^^
  File ""/Users/eitanturok/good-vibrations/.venv/lib/python3.12/site-packages/modal/_functions.py"", line 1638, in _call_function
    invocation = await _Invocation.create(
                 ^^^^^^^^^^^^^^^^^^^^^^^^^
  File ""/Users/eitanturok/good-vibrations/.venv/lib/python3.12/site-packages/modal/_functions.py"", line 182, in create
    response = await client.stub.FunctionMap(request)
               ^^^^^^^^^^^^^^^^^^^^^^^^^^^^^^^^^^^^^^
modal.exception.ConflictError: The app is stopped or disabled
",2026-04-23T09:26:32.866964,modal_disabled,cube-2x0y,31-03-18-16-49,cube,grid_single,1,False,False,False,False,0001,2.0,0.0,cube-2x0y_0001--31-03-18-16-49,cube,1.0,0001,,,"{'bytes': None, 'path': 'https://huggingface.co/datasets/eturok-weizmann/laser-vibrations/resolve/main/image/cube-POSx-POSy-1obj-cardboard-2026-03-31-18-16-49/mask.png'}","{'bytes': None, 'path': 'https://huggingface.co/datasets/eturok-weizmann/laser-vibrations/resolve/main/image/cube-POSx-POSy-1obj-cardboard-2026-03-31-18-16-49/segmented_overhead.png'}","{'bytes': None, 'path': 'https://huggingface.co/datasets/eturok-weizmann/laser-vibrations/resolve/main/data/0000501/speckle_vibrations.mp4'}","{'bytes': None, 'path': 'https://huggingface.co/datasets/eturok-weizmann/laser-vibrations/resolve/main/audio/chirp_50_1000_3.0sec.wav'}","{'bytes': None, 'path': 'https://huggingface.co/datasets/eturok-weizmann/laser-vibrations/resolve/main/data/0000501/speckle_shifts_ifft_audio.wav'}",,,,,,,,,,True,False,False,True,True,True,True,False,False,False,False,False,False
cube-2x0y_0010--31-03-18-16-47,502,The app is stopped or disabled,"Traceback (most recent call last):
  File ""/Users/eitanturok/good-vibrations/scripts/backfill_batch.py"", line 317, in _run_batch
  File ""/Users/eitanturok/good-vibrations/scripts/backfill_batch.py"", line 260, in process_sample
    f""cat {shlex.quote(NEW_DIR + '/data/metadata.jsonl')} 2>/dev/null || true""
      ^^^^^^^^^^^^^^^^^^^^^^^^^^^^^^^^^^^^^^^^^^^^^^^^^^^^^^^^^^^^^^^^^^^^^^^^^
  File ""/Users/eitanturok/good-vibrations/.venv/lib/python3.12/site-packages/modal/_object.py"", line 46, in wrapped
    return await method(self, *args, **kwargs)
           ^^^^^^^^^^^^^^^^^^^^^^^^^^^^^^^^^^^
  File ""/Users/eitanturok/good-vibrations/.venv/lib/python3.12/site-packages/modal/_functions.py"", line 1702, in remote
    return await self._call_function(args, kwargs)
           ^^^^^^^^^^^^^^^^^^^^^^^^^^^^^^^^^^^^^^^
  File ""/Users/eitanturok/good-vibrations/.venv/lib/python3.12/site-packages/modal/_functions.py"", line 1638, in _call_function
    invocation = await _Invocation.create(
                 ^^^^^^^^^^^^^^^^^^^^^^^^^
  File ""/Users/eitanturok/good-vibrations/.venv/lib/python3.12/site-packages/modal/_functions.py"", line 182, in create
    response = await client.stub.FunctionMap(request)
               ^^^^^^^^^^^^^^^^^^^^^^^^^^^^^^^^^^^^^^
modal.exception.ConflictError: The app is stopped or disabled
",2026-04-23T09:26:48.779453,modal_disabled,cube-2x0y,31-03-18-16-47,cube,grid_single,1,False,False,False,False,0010,2.0,0.0,cube-2x0y_0010--31-03-18-16-47,cube,1.0,0010,,,"{'bytes': None, 'path': 'https://huggingface.co/datasets/eturok-weizmann/laser-vibrations/resolve/main/image/cube-POSx-POSy-1obj-cardboard-2026-03-31-18-16-47/mask.png'}","{'bytes': None, 'path': 'https://huggingface.co/datasets/eturok-weizmann/laser-vibrations/resolve/main/image/cube-POSx-POSy-1obj-cardboard-2026-03-31-18-16-47/segmented_overhead.png'}","{'bytes': None, 'path': 'https://huggingface.co/datasets/eturok-weizmann/laser-vibrations/resolve/main/data/0000502/speckle_vibrations.mp4'}","{'bytes': None, 'path': 'https://huggingface.co/datasets/eturok-weizmann/laser-vibrations/resolve/main/audio/chirp_50_1000_3.0sec.wav'}","{'bytes': None, 'path': 'https://huggingface.co/datasets/eturok-weizmann/laser-vibrations/resolve/main/data/0000502/speckle_shifts_ifft_audio.wav'}",,,,,,,,,,True,False,False,True,True,True,True,False,False,False,False,False,False
cube-2x0y_0100--31-03-18-16-45,503,The app is stopped or disabled,"Traceback (most recent call last):
  File ""/Users/eitanturok/good-vibrations/scripts/backfill_batch.py"", line 317, in _run_batch
  File ""/Users/eitanturok/good-vibrations/scripts/backfill_batch.py"", line 260, in process_sample
    f""cat {shlex.quote(NEW_DIR + '/data/metadata.jsonl')} 2>/dev/null || true""
      ^^^^^^^^^^^^^^^^^^^^^^^^^^^^^^^^^^^^^^^^^^^^^^^^^^^^^^^^^^^^^^^^^^^^^^^^^
  File ""/Users/eitanturok/good-vibrations/.venv/lib/python3.12/site-packages/modal/_object.py"", line 46, in wrapped
    return await method(self, *args, **kwargs)
           ^^^^^^^^^^^^^^^^^^^^^^^^^^^^^^^^^^^
  File ""/Users/eitanturok/good-vibrations/.venv/lib/python3.12/site-packages/modal/_functions.py"", line 1702, in remote
    return await self._call_function(args, kwargs)
           ^^^^^^^^^^^^^^^^^^^^^^^^^^^^^^^^^^^^^^^
  File ""/Users/eitanturok/good-vibrations/.venv/lib/python3.12/site-packages/modal/_functions.py"", line 1638, in _call_function
    invocation = await _Invocation.create(
                 ^^^^^^^^^^^^^^^^^^^^^^^^^
  File ""/Users/eitanturok/good-vibrations/.venv/lib/python3.12/site-packages/modal/_functions.py"", line 182, in create
    response = await client.stub.FunctionMap(request)
               ^^^^^^^^^^^^^^^^^^^^^^^^^^^^^^^^^^^^^^
modal.exception.ConflictError: The app is stopped or disabled
",2026-04-23T09:27:02.592523,modal_disabled,cube-2x0y,31-03-18-16-45,cube,grid_single,1,False,False,False,False,0100,2.0,0.0,cube-2x0y_0100--31-03-18-16-45,cube,1.0,0100,,,"{'bytes': None, 'path': 'https://huggingface.co/datasets/eturok-weizmann/laser-vibrations/resolve/main/image/cube-POSx-POSy-1obj-cardboard-2026-03-31-18-16-45/mask.png'}","{'bytes': None, 'path': 'https://huggingface.co/datasets/eturok-weizmann/laser-vibrations/resolve/main/image/cube-POSx-POSy-1obj-cardboard-2026-03-31-18-16-45/segmented_overhead.png'}","{'bytes': None, 'path': 'https://huggingface.co/datasets/eturok-weizmann/laser-vibrations/resolve/main/data/0000503/speckle_vibrations.mp4'}","{'bytes': None, 'path': 'https://huggingface.co/datasets/eturok-weizmann/laser-vibrations/resolve/main/audio/chirp_50_1000_3.0sec.wav'}","{'bytes': None, 'path': 'https://huggingface.co/datasets/eturok-weizmann/laser-vibrations/resolve/main/data/0000503/speckle_shifts_ifft_audio.wav'}",,,,,,,,,,True,False,False,True,True,True,True,False,False,False,False,False,False
cube-2x0y_1000--31-03-18-16-43,504,The app is stopped or disabled,"Traceback (most recent call last):
  File ""/Users/eitanturok/good-vibrations/scripts/backfill_batch.py"", line 317, in _run_batch
  File ""/Users/eitanturok/good-vibrations/scripts/backfill_batch.py"", line 260, in process_sample
    f""cat {shlex.quote(NEW_DIR + '/data/metadata.jsonl')} 2>/dev/null || true""
      ^^^^^^^^^^^^^^^^^^^^^^^^^^^^^^^^^^^^^^^^^^^^^^^^^^^^^^^^^^^^^^^^^^^^^^^^^
  File ""/Users/eitanturok/good-vibrations/.venv/lib/python3.12/site-packages/modal/_object.py"", line 46, in wrapped
    return await method(self, *args, **kwargs)
           ^^^^^^^^^^^^^^^^^^^^^^^^^^^^^^^^^^^
  File ""/Users/eitanturok/good-vibrations/.venv/lib/python3.12/site-packages/modal/_functions.py"", line 1702, in remote
    return await self._call_function(args, kwargs)
           ^^^^^^^^^^^^^^^^^^^^^^^^^^^^^^^^^^^^^^^
  File ""/Users/eitanturok/good-vibrations/.venv/lib/python3.12/site-packages/modal/_functions.py"", line 1638, in _call_function
    invocation = await _Invocation.create(
                 ^^^^^^^^^^^^^^^^^^^^^^^^^
  File ""/Users/eitanturok/good-vibrations/.venv/lib/python3.12/site-packages/modal/_functions.py"", line 182, in create
    response = await client.stub.FunctionMap(request)
               ^^^^^^^^^^^^^^^^^^^^^^^^^^^^^^^^^^^^^^
modal.exception.ConflictError: The app is stopped or disabled
",2026-04-23T09:27:16.128555,modal_disabled,cube-2x0y,31-03-18-16-43,cube,grid_single,1,False,False,False,False,1000,2.0,0.0,cube-2x0y_1000--31-03-18-16-43,cube,1.0,1000,,,"{'bytes': None, 'path': 'https://huggingface.co/datasets/eturok-weizmann/laser-vibrations/resolve/main/image/cube-POSx-POSy-1obj-cardboard-2026-03-31-18-16-43/mask.png'}","{'bytes': None, 'path': 'https://huggingface.co/datasets/eturok-weizmann/laser-vibrations/resolve/main/image/cube-POSx-POSy-1obj-cardboard-2026-03-31-18-16-43/segmented_overhead.png'}","{'bytes': None, 'path': 'https://huggingface.co/datasets/eturok-weizmann/laser-vibrations/resolve/main/data/0000504/speckle_vibrations.mp4'}","{'bytes': None, 'path': 'https://huggingface.co/datasets/eturok-weizmann/laser-vibrations/resolve/main/audio/chirp_50_1000_3.0sec.wav'}","{'bytes': None, 'path': 'https://huggingface.co/datasets/eturok-weizmann/laser-vibrations/resolve/main/data/0000504/speckle_shifts_ifft_audio.wav'}",,,,,,,,,,True,False,False,True,True,True,True,False,False,False,False,False,False
cube-3x0y_0001--31-03-18-17-15,505,The app is stopped or disabled,"Traceback (most recent call last):
  File ""/Users/eitanturok/good-vibrations/scripts/backfill_batch.py"", line 317, in _run_batch
  File ""/Users/eitanturok/good-vibrations/scripts/backfill_batch.py"", line 260, in process_sample
    f""cat {shlex.quote(NEW_DIR + '/data/metadata.jsonl')} 2>/dev/null || true""
      ^^^^^^^^^^^^^^^^^^^^^^^^^^^^^^^^^^^^^^^^^^^^^^^^^^^^^^^^^^^^^^^^^^^^^^^^^
  File ""/Users/eitanturok/good-vibrations/.venv/lib/python3.12/site-packages/modal/_object.py"", line 46, in wrapped
    return await method(self, *args, **kwargs)
           ^^^^^^^^^^^^^^^^^^^^^^^^^^^^^^^^^^^
  File ""/Users/eitanturok/good-vibrations/.venv/lib/python3.12/site-packages/modal/_functions.py"", line 1702, in remote
    return await self._call_function(args, kwargs)
           ^^^^^^^^^^^^^^^^^^^^^^^^^^^^^^^^^^^^^^^
  File ""/Users/eitanturok/good-vibrations/.venv/lib/python3.12/site-packages/modal/_functions.py"", line 1638, in _call_function
    invocation = await _Invocation.create(
                 ^^^^^^^^^^^^^^^^^^^^^^^^^
  File ""/Users/eitanturok/good-vibrations/.venv/lib/python3.12/site-packages/modal/_functions.py"", line 182, in create
    response = await client.stub.FunctionMap(request)
               ^^^^^^^^^^^^^^^^^^^^^^^^^^^^^^^^^^^^^^
modal.exception.ConflictError: The app is stopped or disabled
",2026-04-23T09:27:31.338821,modal_disabled,cube-3x0y,31-03-18-17-15,cube,grid_single,1,False,False,False,False,0001,3.0,0.0,cube-3x0y_0001--31-03-18-17-15,cube,1.0,0001,,,"{'bytes': None, 'path': 'https://huggingface.co/datasets/eturok-weizmann/laser-vibrations/resolve/main/image/cube-POSx-POSy-1obj-cardboard-2026-03-31-18-17-15/mask.png'}","{'bytes': None, 'path': 'https://huggingface.co/datasets/eturok-weizmann/laser-vibrations/resolve/main/image/cube-POSx-POSy-1obj-cardboard-2026-03-31-18-17-15/segmented_overhead.png'}","{'bytes': None, 'path': 'https://huggingface.co/datasets/eturok-weizmann/laser-vibrations/resolve/main/data/0000505/speckle_vibrations.mp4'}","{'bytes': None, 'path': 'https://huggingface.co/datasets/eturok-weizmann/laser-vibrations/resolve/main/audio/chirp_50_1000_3.0sec.wav'}","{'bytes': None, 'path': 'https://huggingface.co/datasets/eturok-weizmann/laser-vibrations/resolve/main/data/0000505/speckle_shifts_ifft_audio.wav'}",,,,,,,,,,True,False,False,True,True,True,True,False,False,False,False,False,False
cube-3x0y_0010--31-03-18-17-13,506,The app is stopped or disabled,"Traceback (most recent call last):
  File ""/Users/eitanturok/good-vibrations/scripts/backfill_batch.py"", line 317, in _run_batch
  File ""/Users/eitanturok/good-vibrations/scripts/backfill_batch.py"", line 260, in process_sample
    f""cat {shlex.quote(NEW_DIR + '/data/metadata.jsonl')} 2>/dev/null || true""
      ^^^^^^^^^^^^^^^^^^^^^^^^^^^^^^^^^^^^^^^^^^^^^^^^^^^^^^^^^^^^^^^^^^^^^^^^^
  File ""/Users/eitanturok/good-vibrations/.venv/lib/python3.12/site-packages/modal/_object.py"", line 46, in wrapped
    return await method(self, *args, **kwargs)
           ^^^^^^^^^^^^^^^^^^^^^^^^^^^^^^^^^^^
  File ""/Users/eitanturok/good-vibrations/.venv/lib/python3.12/site-packages/modal/_functions.py"", line 1702, in remote
    return await self._call_function(args, kwargs)
           ^^^^^^^^^^^^^^^^^^^^^^^^^^^^^^^^^^^^^^^
  File ""/Users/eitanturok/good-vibrations/.venv/lib/python3.12/site-packages/modal/_functions.py"", line 1638, in _call_function
    invocation = await _Invocation.create(
                 ^^^^^^^^^^^^^^^^^^^^^^^^^
  File ""/Users/eitanturok/good-vibrations/.venv/lib/python3.12/site-packages/modal/_functions.py"", line 182, in create
    response = await client.stub.FunctionMap(request)
               ^^^^^^^^^^^^^^^^^^^^^^^^^^^^^^^^^^^^^^
modal.exception.ConflictError: The app is stopped or disabled
",2026-04-23T09:27:46.029252,modal_disabled,cube-3x0y,31-03-18-17-13,cube,grid_single,1,False,False,False,False,0010,3.0,0.0,cube-3x0y_0010--31-03-18-17-13,cube,1.0,0010,,,"{'bytes': None, 'path': 'https://huggingface.co/datasets/eturok-weizmann/laser-vibrations/resolve/main/image/cube-POSx-POSy-1obj-cardboard-2026-03-31-18-17-13/mask.png'}","{'bytes': None, 'path': 'https://huggingface.co/datasets/eturok-weizmann/laser-vibrations/resolve/main/image/cube-POSx-POSy-1obj-cardboard-2026-03-31-18-17-13/segmented_overhead.png'}","{'bytes': None, 'path': 'https://huggingface.co/datasets/eturok-weizmann/laser-vibrations/resolve/main/data/0000506/speckle_vibrations.mp4'}","{'bytes': None, 'path': 'https://huggingface.co/datasets/eturok-weizmann/laser-vibrations/resolve/main/audio/chirp_50_1000_3.0sec.wav'}","{'bytes': None, 'path': 'https://huggingface.co/datasets/eturok-weizmann/laser-vibrations/resolve/main/data/0000506/speckle_shifts_ifft_audio.wav'}",,,,,,,,,,True,False,False,True,True,True,True,False,False,False,False,False,False
cube-3x0y_0100--31-03-18-17-12,507,The app is stopped or disabled,"Traceback (most recent call last):
  File ""/Users/eitanturok/good-vibrations/scripts/backfill_batch.py"", line 317, in _run_batch
  File ""/Users/eitanturok/good-vibrations/scripts/backfill_batch.py"", line 260, in process_sample
    f""cat {shlex.quote(NEW_DIR + '/data/metadata.jsonl')} 2>/dev/null || true""
      ^^^^^^^^^^^^^^^^^^^^^^^^^^^^^^^^^^^^^^^^^^^^^^^^^^^^^^^^^^^^^^^^^^^^^^^^^
  File ""/Users/eitanturok/good-vibrations/.venv/lib/python3.12/site-packages/modal/_object.py"", line 46, in wrapped
    return await method(self, *args, **kwargs)
           ^^^^^^^^^^^^^^^^^^^^^^^^^^^^^^^^^^^
  File ""/Users/eitanturok/good-vibrations/.venv/lib/python3.12/site-packages/modal/_functions.py"", line 1702, in remote
    return await self._call_function(args, kwargs)
           ^^^^^^^^^^^^^^^^^^^^^^^^^^^^^^^^^^^^^^^
  File ""/Users/eitanturok/good-vibrations/.venv/lib/python3.12/site-packages/modal/_functions.py"", line 1638, in _call_function
    invocation = await _Invocation.create(
                 ^^^^^^^^^^^^^^^^^^^^^^^^^
  File ""/Users/eitanturok/good-vibrations/.venv/lib/python3.12/site-packages/modal/_functions.py"", line 182, in create
    response = await client.stub.FunctionMap(request)
               ^^^^^^^^^^^^^^^^^^^^^^^^^^^^^^^^^^^^^^
modal.exception.ConflictError: The app is stopped or disabled
",2026-04-23T09:28:00.938957,modal_disabled,cube-3x0y,31-03-18-17-12,cube,grid_single,1,False,False,False,False,0100,3.0,0.0,cube-3x0y_0100--31-03-18-17-12,cube,1.0,0100,,,"{'bytes': None, 'path': 'https://huggingface.co/datasets/eturok-weizmann/laser-vibrations/resolve/main/image/cube-POSx-POSy-1obj-cardboard-2026-03-31-18-17-12/mask.png'}","{'bytes': None, 'path': 'https://huggingface.co/datasets/eturok-weizmann/laser-vibrations/resolve/main/image/cube-POSx-POSy-1obj-cardboard-2026-03-31-18-17-12/segmented_overhead.png'}","{'bytes': None, 'path': 'https://huggingface.co/datasets/eturok-weizmann/laser-vibrations/resolve/main/data/0000507/speckle_vibrations.mp4'}","{'bytes': None, 'path': 'https://huggingface.co/datasets/eturok-weizmann/laser-vibrations/resolve/main/audio/chirp_50_1000_3.0sec.wav'}","{'bytes': None, 'path': 'https://huggingface.co/datasets/eturok-weizmann/laser-vibrations/resolve/main/data/0000507/speckle_shifts_ifft_audio.wav'}",,,,,,,,,,True,False,False,True,True,True,True,False,False,False,False,False,False
cube-3x0y_1000--31-03-18-17-10,508,The app is stopped or disabled,"Traceback (most recent call last):
  File ""/Users/eitanturok/good-vibrations/scripts/backfill_batch.py"", line 317, in _run_batch
  File ""/Users/eitanturok/good-vibrations/scripts/backfill_batch.py"", line 260, in process_sample
    f""cat {shlex.quote(NEW_DIR + '/data/metadata.jsonl')} 2>/dev/null || true""
      ^^^^^^^^^^^^^^^^^^^^^^^^^^^^^^^^^^^^^^^^^^^^^^^^^^^^^^^^^^^^^^^^^^^^^^^^^
  File ""/Users/eitanturok/good-vibrations/.venv/lib/python3.12/site-packages/modal/_object.py"", line 46, in wrapped
    return await method(self, *args, **kwargs)
           ^^^^^^^^^^^^^^^^^^^^^^^^^^^^^^^^^^^
  File ""/Users/eitanturok/good-vibrations/.venv/lib/python3.12/site-packages/modal/_functions.py"", line 1702, in remote
    return await self._call_function(args, kwargs)
           ^^^^^^^^^^^^^^^^^^^^^^^^^^^^^^^^^^^^^^^
  File ""/Users/eitanturok/good-vibrations/.venv/lib/python3.12/site-packages/modal/_functions.py"", line 1638, in _call_function
    invocation = await _Invocation.create(
                 ^^^^^^^^^^^^^^^^^^^^^^^^^
  File ""/Users/eitanturok/good-vibrations/.venv/lib/python3.12/site-packages/modal/_functions.py"", line 182, in create
    response = await client.stub.FunctionMap(request)
               ^^^^^^^^^^^^^^^^^^^^^^^^^^^^^^^^^^^^^^
modal.exception.ConflictError: The app is stopped or disabled
",2026-04-23T09:28:15.616263,modal_disabled,cube-3x0y,31-03-18-17-10,cube,grid_single,1,False,False,False,False,1000,3.0,0.0,cube-3x0y_1000--31-03-18-17-10,cube,1.0,1000,,,"{'bytes': None, 'path': 'https://huggingface.co/datasets/eturok-weizmann/laser-vibrations/resolve/main/image/cube-POSx-POSy-1obj-cardboard-2026-03-31-18-17-10/mask.png'}","{'bytes': None, 'path': 'https://huggingface.co/datasets/eturok-weizmann/laser-vibrations/resolve/main/image/cube-POSx-POSy-1obj-cardboard-2026-03-31-18-17-10/segmented_overhead.png'}","{'bytes': None, 'path': 'https://huggingface.co/datasets/eturok-weizmann/laser-vibrations/resolve/main/data/0000508/speckle_vibrations.mp4'}","{'bytes': None, 'path': 'https://huggingface.co/datasets/eturok-weizmann/laser-vibrations/resolve/main/audio/chirp_50_1000_3.0sec.wav'}","{'bytes': None, 'path': 'https://huggingface.co/datasets/eturok-weizmann/laser-vibrations/resolve/main/data/0000508/speckle_shifts_ifft_audio.wav'}",,,,,,,,,,True,False,False,True,True,True,True,False,False,False,False,False,False
cube-4x0y_0001--31-03-18-17-45,509,The app is stopped or disabled,"Traceback (most recent call last):
  File ""/Users/eitanturok/good-vibrations/scripts/backfill_batch.py"", line 317, in _run_batch
  File ""/Users/eitanturok/good-vibrations/scripts/backfill_batch.py"", line 260, in process_sample
    f""cat {shlex.quote(NEW_DIR + '/data/metadata.jsonl')} 2>/dev/null || true""
      ^^^^^^^^^^^^^^^^^^^^^^^^^^^^^^^^^^^^^^^^^^^^^^^^^^^^^^^^^^^^^^^^^^^^^^^^^
  File ""/Users/eitanturok/good-vibrations/.venv/lib/python3.12/site-packages/modal/_object.py"", line 46, in wrapped
    return await method(self, *args, **kwargs)
           ^^^^^^^^^^^^^^^^^^^^^^^^^^^^^^^^^^^
  File ""/Users/eitanturok/good-vibrations/.venv/lib/python3.12/site-packages/modal/_functions.py"", line 1702, in remote
    return await self._call_function(args, kwargs)
           ^^^^^^^^^^^^^^^^^^^^^^^^^^^^^^^^^^^^^^^
  File ""/Users/eitanturok/good-vibrations/.venv/lib/python3.12/site-packages/modal/_functions.py"", line 1638, in _call_function
    invocation = await _Invocation.create(
                 ^^^^^^^^^^^^^^^^^^^^^^^^^
  File ""/Users/eitanturok/good-vibrations/.venv/lib/python3.12/site-packages/modal/_functions.py"", line 182, in create
    response = await client.stub.FunctionMap(request)
               ^^^^^^^^^^^^^^^^^^^^^^^^^^^^^^^^^^^^^^
modal.exception.ConflictError: The app is stopped or disabled
",2026-04-23T09:28:31.031157,modal_disabled,cube-4x0y,31-03-18-17-45,cube,grid_single,1,False,False,False,False,0001,4.0,0.0,cube-4x0y_0001--31-03-18-17-45,cube,1.0,0001,,,"{'bytes': None, 'path': 'https://huggingface.co/datasets/eturok-weizmann/laser-vibrations/resolve/main/image/cube-POSx-POSy-1obj-cardboard-2026-03-31-18-17-45/mask.png'}","{'bytes': None, 'path': 'https://huggingface.co/datasets/eturok-weizmann/laser-vibrations/resolve/main/image/cube-POSx-POSy-1obj-cardboard-2026-03-31-18-17-45/segmented_overhead.png'}","{'bytes': None, 'path': 'https://huggingface.co/datasets/eturok-weizmann/laser-vibrations/resolve/main/data/0000509/speckle_vibrations.mp4'}","{'bytes': None, 'path': 'https://huggingface.co/datasets/eturok-weizmann/laser-vibrations/resolve/main/audio/chirp_50_1000_3.0sec.wav'}","{'bytes': None, 'path': 'https://huggingface.co/datasets/eturok-weizmann/laser-vibrations/resolve/main/data/0000509/speckle_shifts_ifft_audio.wav'}",,,,,,,,,,True,False,False,True,True,True,True,False,False,False,False,False,False
cube-4x0y_0010--31-03-18-17-43,510,The app is stopped or disabled,"Traceback (most recent call last):
  File ""/Users/eitanturok/good-vibrations/scripts/backfill_batch.py"", line 317, in _run_batch
  File ""/Users/eitanturok/good-vibrations/scripts/backfill_batch.py"", line 260, in process_sample
    f""cat {shlex.quote(NEW_DIR + '/data/metadata.jsonl')} 2>/dev/null || true""
      ^^^^^^^^^^^^^^^^^^^^^^^^^^^^^^^^^^^^^^^^^^^^^^^^^^^^^^^^^^^^^^^^^^^^^^^^^
  File ""/Users/eitanturok/good-vibrations/.venv/lib/python3.12/site-packages/modal/_object.py"", line 46, in wrapped
    return await method(self, *args, **kwargs)
           ^^^^^^^^^^^^^^^^^^^^^^^^^^^^^^^^^^^
  File ""/Users/eitanturok/good-vibrations/.venv/lib/python3.12/site-packages/modal/_functions.py"", line 1702, in remote
    return await self._call_function(args, kwargs)
           ^^^^^^^^^^^^^^^^^^^^^^^^^^^^^^^^^^^^^^^
  File ""/Users/eitanturok/good-vibrations/.venv/lib/python3.12/site-packages/modal/_functions.py"", line 1638, in _call_function
    invocation = await _Invocation.create(
                 ^^^^^^^^^^^^^^^^^^^^^^^^^
  File ""/Users/eitanturok/good-vibrations/.venv/lib/python3.12/site-packages/modal/_functions.py"", line 182, in create
    response = await client.stub.FunctionMap(request)
               ^^^^^^^^^^^^^^^^^^^^^^^^^^^^^^^^^^^^^^
modal.exception.ConflictError: The app is stopped or disabled
",2026-04-23T09:28:47.031100,modal_disabled,cube-4x0y,31-03-18-17-43,cube,grid_single,1,False,False,False,False,0010,4.0,0.0,cube-4x0y_0010--31-03-18-17-43,cube,1.0,0010,,,"{'bytes': None, 'path': 'https://huggingface.co/datasets/eturok-weizmann/laser-vibrations/resolve/main/image/cube-POSx-POSy-1obj-cardboard-2026-03-31-18-17-43/mask.png'}","{'bytes': None, 'path': 'https://huggingface.co/datasets/eturok-weizmann/laser-vibrations/resolve/main/image/cube-POSx-POSy-1obj-cardboard-2026-03-31-18-17-43/segmented_overhead.png'}","{'bytes': None, 'path': 'https://huggingface.co/datasets/eturok-weizmann/laser-vibrations/resolve/main/data/0000510/speckle_vibrations.mp4'}","{'bytes': None, 'path': 'https://huggingface.co/datasets/eturok-weizmann/laser-vibrations/resolve/main/audio/chirp_50_1000_3.0sec.wav'}","{'bytes': None, 'path': 'https://huggingface.co/datasets/eturok-weizmann/laser-vibrations/resolve/main/data/0000510/speckle_shifts_ifft_audio.wav'}",,,,,,,,,,True,False,False,True,True,True,True,False,False,False,False,False,False
cube-4x0y_0100--31-03-18-17-41,511,The app is stopped or disabled,"Traceback (most recent call last):
  File ""/Users/eitanturok/good-vibrations/scripts/backfill_batch.py"", line 317, in _run_batch
  File ""/Users/eitanturok/good-vibrations/scripts/backfill_batch.py"", line 260, in process_sample
    f""cat {shlex.quote(NEW_DIR + '/data/metadata.jsonl')} 2>/dev/null || true""
      ^^^^^^^^^^^^^^^^^^^^^^^^^^^^^^^^^^^^^^^^^^^^^^^^^^^^^^^^^^^^^^^^^^^^^^^^^
  File ""/Users/eitanturok/good-vibrations/.venv/lib/python3.12/site-packages/modal/_object.py"", line 46, in wrapped
    return await method(self, *args, **kwargs)
           ^^^^^^^^^^^^^^^^^^^^^^^^^^^^^^^^^^^
  File ""/Users/eitanturok/good-vibrations/.venv/lib/python3.12/site-packages/modal/_functions.py"", line 1702, in remote
    return await self._call_function(args, kwargs)
           ^^^^^^^^^^^^^^^^^^^^^^^^^^^^^^^^^^^^^^^
  File ""/Users/eitanturok/good-vibrations/.venv/lib/python3.12/site-packages/modal/_functions.py"", line 1638, in _call_function
    invocation = await _Invocation.create(
                 ^^^^^^^^^^^^^^^^^^^^^^^^^
  File ""/Users/eitanturok/good-vibrations/.venv/lib/python3.12/site-packages/modal/_functions.py"", line 182, in create
    response = await client.stub.FunctionMap(request)
               ^^^^^^^^^^^^^^^^^^^^^^^^^^^^^^^^^^^^^^
modal.exception.ConflictError: The app is stopped or disabled
",2026-04-23T09:29:01.582348,modal_disabled,cube-4x0y,31-03-18-17-41,cube,grid_single,1,False,False,False,False,0100,4.0,0.0,cube-4x0y_0100--31-03-18-17-41,cube,1.0,0100,,,"{'bytes': None, 'path': 'https://huggingface.co/datasets/eturok-weizmann/laser-vibrations/resolve/main/image/cube-POSx-POSy-1obj-cardboard-2026-03-31-18-17-41/mask.png'}","{'bytes': None, 'path': 'https://huggingface.co/datasets/eturok-weizmann/laser-vibrations/resolve/main/image/cube-POSx-POSy-1obj-cardboard-2026-03-31-18-17-41/segmented_overhead.png'}","{'bytes': None, 'path': 'https://huggingface.co/datasets/eturok-weizmann/laser-vibrations/resolve/main/data/0000511/speckle_vibrations.mp4'}","{'bytes': None, 'path': 'https://huggingface.co/datasets/eturok-weizmann/laser-vibrations/resolve/main/audio/chirp_50_1000_3.0sec.wav'}","{'bytes': None, 'path': 'https://huggingface.co/datasets/eturok-weizmann/laser-vibrations/resolve/main/data/0000511/speckle_shifts_ifft_audio.wav'}",,,,,,,,,,True,False,False,True,True,True,True,False,False,False,False,False,False
cube-4x0y_1000--31-03-18-17-39,512,The app is stopped or disabled,"Traceback (most recent call last):
  File ""/Users/eitanturok/good-vibrations/scripts/backfill_batch.py"", line 317, in _run_batch
  File ""/Users/eitanturok/good-vibrations/scripts/backfill_batch.py"", line 260, in process_sample
    f""cat {shlex.quote(NEW_DIR + '/data/metadata.jsonl')} 2>/dev/null || true""
      ^^^^^^^^^^^^^^^^^^^^^^^^^^^^^^^^^^^^^^^^^^^^^^^^^^^^^^^^^^^^^^^^^^^^^^^^^
  File ""/Users/eitanturok/good-vibrations/.venv/lib/python3.12/site-packages/modal/_object.py"", line 46, in wrapped
    return await method(self, *args, **kwargs)
           ^^^^^^^^^^^^^^^^^^^^^^^^^^^^^^^^^^^
  File ""/Users/eitanturok/good-vibrations/.venv/lib/python3.12/site-packages/modal/_functions.py"", line 1702, in remote
    return await self._call_function(args, kwargs)
           ^^^^^^^^^^^^^^^^^^^^^^^^^^^^^^^^^^^^^^^
  File ""/Users/eitanturok/good-vibrations/.venv/lib/python3.12/site-packages/modal/_functions.py"", line 1638, in _call_function
    invocation = await _Invocation.create(
                 ^^^^^^^^^^^^^^^^^^^^^^^^^
  File ""/Users/eitanturok/good-vibrations/.venv/lib/python3.12/site-packages/modal/_functions.py"", line 182, in create
    response = await client.stub.FunctionMap(request)
               ^^^^^^^^^^^^^^^^^^^^^^^^^^^^^^^^^^^^^^
modal.exception.ConflictError: The app is stopped or disabled
",2026-04-23T09:29:17.743263,modal_disabled,cube-4x0y,31-03-18-17-39,cube,grid_single,1,False,False,False,False,1000,4.0,0.0,cube-4x0y_1000--31-03-18-17-39,cube,1.0,1000,,,"{'bytes': None, 'path': 'https://huggingface.co/datasets/eturok-weizmann/laser-vibrations/resolve/main/image/cube-POSx-POSy-1obj-cardboard-2026-03-31-18-17-39/mask.png'}","{'bytes': None, 'path': 'https://huggingface.co/datasets/eturok-weizmann/laser-vibrations/resolve/main/image/cube-POSx-POSy-1obj-cardboard-2026-03-31-18-17-39/segmented_overhead.png'}","{'bytes': None, 'path': 'https://huggingface.co/datasets/eturok-weizmann/laser-vibrations/resolve/main/data/0000512/speckle_vibrations.mp4'}","{'bytes': None, 'path': 'https://huggingface.co/datasets/eturok-weizmann/laser-vibrations/resolve/main/audio/chirp_50_1000_3.0sec.wav'}","{'bytes': None, 'path': 'https://huggingface.co/datasets/eturok-weizmann/laser-vibrations/resolve/main/data/0000512/speckle_shifts_ifft_audio.wav'}",,,,,,,,,,True,False,False,True,True,True,True,False,False,False,False,False,False
cube-5x0y_0001--31-03-18-18-15,513,The app is stopped or disabled,"Traceback (most recent call last):
  File ""/Users/eitanturok/good-vibrations/scripts/backfill_batch.py"", line 317, in _run_batch
  File ""/Users/eitanturok/good-vibrations/scripts/backfill_batch.py"", line 260, in process_sample
    f""cat {shlex.quote(NEW_DIR + '/data/metadata.jsonl')} 2>/dev/null || true""
      ^^^^^^^^^^^^^^^^^^^^^^^^^^^^^^^^^^^^^^^^^^^^^^^^^^^^^^^^^^^^^^^^^^^^^^^^^
  File ""/Users/eitanturok/good-vibrations/.venv/lib/python3.12/site-packages/modal/_object.py"", line 46, in wrapped
    return await method(self, *args, **kwargs)
           ^^^^^^^^^^^^^^^^^^^^^^^^^^^^^^^^^^^
  File ""/Users/eitanturok/good-vibrations/.venv/lib/python3.12/site-packages/modal/_functions.py"", line 1702, in remote
    return await self._call_function(args, kwargs)
           ^^^^^^^^^^^^^^^^^^^^^^^^^^^^^^^^^^^^^^^
  File ""/Users/eitanturok/good-vibrations/.venv/lib/python3.12/site-packages/modal/_functions.py"", line 1638, in _call_function
    invocation = await _Invocation.create(
                 ^^^^^^^^^^^^^^^^^^^^^^^^^
  File ""/Users/eitanturok/good-vibrations/.venv/lib/python3.12/site-packages/modal/_functions.py"", line 182, in create
    response = await client.stub.FunctionMap(request)
               ^^^^^^^^^^^^^^^^^^^^^^^^^^^^^^^^^^^^^^
modal.exception.ConflictError: The app is stopped or disabled
",2026-04-23T09:29:34.242969,modal_disabled,cube-5x0y,31-03-18-18-15,cube,grid_single,1,False,False,False,False,0001,5.0,0.0,cube-5x0y_0001--31-03-18-18-15,cube,1.0,0001,,,"{'bytes': None, 'path': 'https://huggingface.co/datasets/eturok-weizmann/laser-vibrations/resolve/main/image/cube-POSx-POSy-1obj-cardboard-2026-03-31-18-18-15/mask.png'}","{'bytes': None, 'path': 'https://huggingface.co/datasets/eturok-weizmann/laser-vibrations/resolve/main/image/cube-POSx-POSy-1obj-cardboard-2026-03-31-18-18-15/segmented_overhead.png'}","{'bytes': None, 'path': 'https://huggingface.co/datasets/eturok-weizmann/laser-vibrations/resolve/main/data/0000513/speckle_vibrations.mp4'}","{'bytes': None, 'path': 'https://huggingface.co/datasets/eturok-weizmann/laser-vibrations/resolve/main/audio/chirp_50_1000_3.0sec.wav'}","{'bytes': None, 'path': 'https://huggingface.co/datasets/eturok-weizmann/laser-vibrations/resolve/main/data/0000513/speckle_shifts_ifft_audio.wav'}",,,,,,,,,,True,False,False,True,True,True,True,False,False,False,False,False,False
cube-5x0y_0010--31-03-18-18-13,514,The app is stopped or disabled,"Traceback (most recent call last):
  File ""/Users/eitanturok/good-vibrations/scripts/backfill_batch.py"", line 317, in _run_batch
  File ""/Users/eitanturok/good-vibrations/scripts/backfill_batch.py"", line 260, in process_sample
    f""cat {shlex.quote(NEW_DIR + '/data/metadata.jsonl')} 2>/dev/null || true""
      ^^^^^^^^^^^^^^^^^^^^^^^^^^^^^^^^^^^^^^^^^^^^^^^^^^^^^^^^^^^^^^^^^^^^^^^^^
  File ""/Users/eitanturok/good-vibrations/.venv/lib/python3.12/site-packages/modal/_object.py"", line 46, in wrapped
    return await method(self, *args, **kwargs)
           ^^^^^^^^^^^^^^^^^^^^^^^^^^^^^^^^^^^
  File ""/Users/eitanturok/good-vibrations/.venv/lib/python3.12/site-packages/modal/_functions.py"", line 1702, in remote
    return await self._call_function(args, kwargs)
           ^^^^^^^^^^^^^^^^^^^^^^^^^^^^^^^^^^^^^^^
  File ""/Users/eitanturok/good-vibrations/.venv/lib/python3.12/site-packages/modal/_functions.py"", line 1638, in _call_function
    invocation = await _Invocation.create(
                 ^^^^^^^^^^^^^^^^^^^^^^^^^
  File ""/Users/eitanturok/good-vibrations/.venv/lib/python3.12/site-packages/modal/_functions.py"", line 182, in create
    response = await client.stub.FunctionMap(request)
               ^^^^^^^^^^^^^^^^^^^^^^^^^^^^^^^^^^^^^^
modal.exception.ConflictError: The app is stopped or disabled
",2026-04-23T09:29:51.266500,modal_disabled,cube-5x0y,31-03-18-18-13,cube,grid_single,1,False,False,False,False,0010,5.0,0.0,cube-5x0y_0010--31-03-18-18-13,cube,1.0,0010,,,"{'bytes': None, 'path': 'https://huggingface.co/datasets/eturok-weizmann/laser-vibrations/resolve/main/image/cube-POSx-POSy-1obj-cardboard-2026-03-31-18-18-13/mask.png'}","{'bytes': None, 'path': 'https://huggingface.co/datasets/eturok-weizmann/laser-vibrations/resolve/main/image/cube-POSx-POSy-1obj-cardboard-2026-03-31-18-18-13/segmented_overhead.png'}","{'bytes': None, 'path': 'https://huggingface.co/datasets/eturok-weizmann/laser-vibrations/resolve/main/data/0000514/speckle_vibrations.mp4'}","{'bytes': None, 'path': 'https://huggingface.co/datasets/eturok-weizmann/laser-vibrations/resolve/main/audio/chirp_50_1000_3.0sec.wav'}","{'bytes': None, 'path': 'https://huggingface.co/datasets/eturok-weizmann/laser-vibrations/resolve/main/data/0000514/speckle_shifts_ifft_audio.wav'}",,,,,,,,,,True,False,False,True,True,True,True,False,False,False,False,False,False
cube-5x0y_0100--31-03-18-18-11,515,The app is stopped or disabled,"Traceback (most recent call last):
  File ""/Users/eitanturok/good-vibrations/scripts/backfill_batch.py"", line 317, in _run_batch
  File ""/Users/eitanturok/good-vibrations/scripts/backfill_batch.py"", line 260, in process_sample
    f""cat {shlex.quote(NEW_DIR + '/data/metadata.jsonl')} 2>/dev/null || true""
      ^^^^^^^^^^^^^^^^^^^^^^^^^^^^^^^^^^^^^^^^^^^^^^^^^^^^^^^^^^^^^^^^^^^^^^^^^
  File ""/Users/eitanturok/good-vibrations/.venv/lib/python3.12/site-packages/modal/_object.py"", line 46, in wrapped
    return await method(self, *args, **kwargs)
           ^^^^^^^^^^^^^^^^^^^^^^^^^^^^^^^^^^^
  File ""/Users/eitanturok/good-vibrations/.venv/lib/python3.12/site-packages/modal/_functions.py"", line 1702, in remote
    return await self._call_function(args, kwargs)
           ^^^^^^^^^^^^^^^^^^^^^^^^^^^^^^^^^^^^^^^
  File ""/Users/eitanturok/good-vibrations/.venv/lib/python3.12/site-packages/modal/_functions.py"", line 1638, in _call_function
    invocation = await _Invocation.create(
                 ^^^^^^^^^^^^^^^^^^^^^^^^^
  File ""/Users/eitanturok/good-vibrations/.venv/lib/python3.12/site-packages/modal/_functions.py"", line 182, in create
    response = await client.stub.FunctionMap(request)
               ^^^^^^^^^^^^^^^^^^^^^^^^^^^^^^^^^^^^^^
modal.exception.ConflictError: The app is stopped or disabled
",2026-04-23T09:30:06.896987,modal_disabled,cube-5x0y,31-03-18-18-11,cube,grid_single,1,False,False,False,False,0100,5.0,0.0,cube-5x0y_0100--31-03-18-18-11,cube,1.0,0100,,,"{'bytes': None, 'path': 'https://huggingface.co/datasets/eturok-weizmann/laser-vibrations/resolve/main/image/cube-POSx-POSy-1obj-cardboard-2026-03-31-18-18-11/mask.png'}","{'bytes': None, 'path': 'https://huggingface.co/datasets/eturok-weizmann/laser-vibrations/resolve/main/image/cube-POSx-POSy-1obj-cardboard-2026-03-31-18-18-11/segmented_overhead.png'}","{'bytes': None, 'path': 'https://huggingface.co/datasets/eturok-weizmann/laser-vibrations/resolve/main/data/0000515/speckle_vibrations.mp4'}","{'bytes': None, 'path': 'https://huggingface.co/datasets/eturok-weizmann/laser-vibrations/resolve/main/audio/chirp_50_1000_3.0sec.wav'}","{'bytes': None, 'path': 'https://huggingface.co/datasets/eturok-weizmann/laser-vibrations/resolve/main/data/0000515/speckle_shifts_ifft_audio.wav'}",,,,,,,,,,True,False,False,True,True,True,True,False,False,False,False,False,False
cube-5x0y_1000--31-03-18-18-10,516,The app is stopped or disabled,"Traceback (most recent call last):
  File ""/Users/eitanturok/good-vibrations/scripts/backfill_batch.py"", line 317, in _run_batch
  File ""/Users/eitanturok/good-vibrations/scripts/backfill_batch.py"", line 260, in process_sample
    f""cat {shlex.quote(NEW_DIR + '/data/metadata.jsonl')} 2>/dev/null || true""
      ^^^^^^^^^^^^^^^^^^^^^^^^^^^^^^^^^^^^^^^^^^^^^^^^^^^^^^^^^^^^^^^^^^^^^^^^^
  File ""/Users/eitanturok/good-vibrations/.venv/lib/python3.12/site-packages/modal/_object.py"", line 46, in wrapped
    return await method(self, *args, **kwargs)
           ^^^^^^^^^^^^^^^^^^^^^^^^^^^^^^^^^^^
  File ""/Users/eitanturok/good-vibrations/.venv/lib/python3.12/site-packages/modal/_functions.py"", line 1702, in remote
    return await self._call_function(args, kwargs)
           ^^^^^^^^^^^^^^^^^^^^^^^^^^^^^^^^^^^^^^^
  File ""/Users/eitanturok/good-vibrations/.venv/lib/python3.12/site-packages/modal/_functions.py"", line 1638, in _call_function
    invocation = await _Invocation.create(
                 ^^^^^^^^^^^^^^^^^^^^^^^^^
  File ""/Users/eitanturok/good-vibrations/.venv/lib/python3.12/site-packages/modal/_functions.py"", line 182, in create
    response = await client.stub.FunctionMap(request)
               ^^^^^^^^^^^^^^^^^^^^^^^^^^^^^^^^^^^^^^
modal.exception.ConflictError: The app is stopped or disabled
",2026-04-23T09:30:21.404948,modal_disabled,cube-5x0y,31-03-18-18-10,cube,grid_single,1,False,False,False,False,1000,5.0,0.0,cube-5x0y_1000--31-03-18-18-10,cube,1.0,1000,,,"{'bytes': None, 'path': 'https://huggingface.co/datasets/eturok-weizmann/laser-vibrations/resolve/main/image/cube-POSx-POSy-1obj-cardboard-2026-03-31-18-18-10/mask.png'}","{'bytes': None, 'path': 'https://huggingface.co/datasets/eturok-weizmann/laser-vibrations/resolve/main/image/cube-POSx-POSy-1obj-cardboard-2026-03-31-18-18-10/segmented_overhead.png'}","{'bytes': None, 'path': 'https://huggingface.co/datasets/eturok-weizmann/laser-vibrations/resolve/main/data/0000516/speckle_vibrations.mp4'}","{'bytes': None, 'path': 'https://huggingface.co/datasets/eturok-weizmann/laser-vibrations/resolve/main/audio/chirp_50_1000_3.0sec.wav'}","{'bytes': None, 'path': 'https://huggingface.co/datasets/eturok-weizmann/laser-vibrations/resolve/main/data/0000516/speckle_shifts_ifft_audio.wav'}",,,,,,,,,,True,False,False,True,True,True,True,False,False,False,False,False,False
cube-6x0y_0001--31-03-18-18-45,517,The app is stopped or disabled,"Traceback (most recent call last):
  File ""/Users/eitanturok/good-vibrations/scripts/backfill_batch.py"", line 317, in _run_batch
  File ""/Users/eitanturok/good-vibrations/scripts/backfill_batch.py"", line 260, in process_sample
    f""cat {shlex.quote(NEW_DIR + '/data/metadata.jsonl')} 2>/dev/null || true""
      ^^^^^^^^^^^^^^^^^^^^^^^^^^^^^^^^^^^^^^^^^^^^^^^^^^^^^^^^^^^^^^^^^^^^^^^^^
  File ""/Users/eitanturok/good-vibrations/.venv/lib/python3.12/site-packages/modal/_object.py"", line 46, in wrapped
    return await method(self, *args, **kwargs)
           ^^^^^^^^^^^^^^^^^^^^^^^^^^^^^^^^^^^
  File ""/Users/eitanturok/good-vibrations/.venv/lib/python3.12/site-packages/modal/_functions.py"", line 1702, in remote
    return await self._call_function(args, kwargs)
           ^^^^^^^^^^^^^^^^^^^^^^^^^^^^^^^^^^^^^^^
  File ""/Users/eitanturok/good-vibrations/.venv/lib/python3.12/site-packages/modal/_functions.py"", line 1638, in _call_function
    invocation = await _Invocation.create(
                 ^^^^^^^^^^^^^^^^^^^^^^^^^
  File ""/Users/eitanturok/good-vibrations/.venv/lib/python3.12/site-packages/modal/_functions.py"", line 182, in create
    response = await client.stub.FunctionMap(request)
               ^^^^^^^^^^^^^^^^^^^^^^^^^^^^^^^^^^^^^^
modal.exception.ConflictError: The app is stopped or disabled
",2026-04-23T09:30:38.355104,modal_disabled,cube-6x0y,31-03-18-18-45,cube,grid_single,1,False,False,False,False,0001,6.0,0.0,cube-6x0y_0001--31-03-18-18-45,cube,1.0,0001,,,"{'bytes': None, 'path': 'https://huggingface.co/datasets/eturok-weizmann/laser-vibrations/resolve/main/image/cube-POSx-POSy-1obj-cardboard-2026-03-31-18-18-45/mask.png'}","{'bytes': None, 'path': 'https://huggingface.co/datasets/eturok-weizmann/laser-vibrations/resolve/main/image/cube-POSx-POSy-1obj-cardboard-2026-03-31-18-18-45/segmented_overhead.png'}","{'bytes': None, 'path': 'https://huggingface.co/datasets/eturok-weizmann/laser-vibrations/resolve/main/data/0000517/speckle_vibrations.mp4'}","{'bytes': None, 'path': 'https://huggingface.co/datasets/eturok-weizmann/laser-vibrations/resolve/main/audio/chirp_50_1000_3.0sec.wav'}","{'bytes': None, 'path': 'https://huggingface.co/datasets/eturok-weizmann/laser-vibrations/resolve/main/data/0000517/speckle_shifts_ifft_audio.wav'}",,,,,,,,,,True,False,False,True,True,True,True,False,False,False,False,False,False
cube-6x0y_0010--31-03-18-18-43,518,The app is stopped or disabled,"Traceback (most recent call last):
  File ""/Users/eitanturok/good-vibrations/scripts/backfill_batch.py"", line 317, in _run_batch
  File ""/Users/eitanturok/good-vibrations/scripts/backfill_batch.py"", line 260, in process_sample
    f""cat {shlex.quote(NEW_DIR + '/data/metadata.jsonl')} 2>/dev/null || true""
      ^^^^^^^^^^^^^^^^^^^^^^^^^^^^^^^^^^^^^^^^^^^^^^^^^^^^^^^^^^^^^^^^^^^^^^^^^
  File ""/Users/eitanturok/good-vibrations/.venv/lib/python3.12/site-packages/modal/_object.py"", line 46, in wrapped
    return await method(self, *args, **kwargs)
           ^^^^^^^^^^^^^^^^^^^^^^^^^^^^^^^^^^^
  File ""/Users/eitanturok/good-vibrations/.venv/lib/python3.12/site-packages/modal/_functions.py"", line 1702, in remote
    return await self._call_function(args, kwargs)
           ^^^^^^^^^^^^^^^^^^^^^^^^^^^^^^^^^^^^^^^
  File ""/Users/eitanturok/good-vibrations/.venv/lib/python3.12/site-packages/modal/_functions.py"", line 1638, in _call_function
    invocation = await _Invocation.create(
                 ^^^^^^^^^^^^^^^^^^^^^^^^^
  File ""/Users/eitanturok/good-vibrations/.venv/lib/python3.12/site-packages/modal/_functions.py"", line 182, in create
    response = await client.stub.FunctionMap(request)
               ^^^^^^^^^^^^^^^^^^^^^^^^^^^^^^^^^^^^^^
modal.exception.ConflictError: The app is stopped or disabled
",2026-04-23T09:30:53.406596,modal_disabled,cube-6x0y,31-03-18-18-43,cube,grid_single,1,False,False,False,False,0010,6.0,0.0,cube-6x0y_0010--31-03-18-18-43,cube,1.0,0010,,,"{'bytes': None, 'path': 'https://huggingface.co/datasets/eturok-weizmann/laser-vibrations/resolve/main/image/cube-POSx-POSy-1obj-cardboard-2026-03-31-18-18-43/mask.png'}","{'bytes': None, 'path': 'https://huggingface.co/datasets/eturok-weizmann/laser-vibrations/resolve/main/image/cube-POSx-POSy-1obj-cardboard-2026-03-31-18-18-43/segmented_overhead.png'}","{'bytes': None, 'path': 'https://huggingface.co/datasets/eturok-weizmann/laser-vibrations/resolve/main/data/0000518/speckle_vibrations.mp4'}","{'bytes': None, 'path': 'https://huggingface.co/datasets/eturok-weizmann/laser-vibrations/resolve/main/audio/chirp_50_1000_3.0sec.wav'}","{'bytes': None, 'path': 'https://huggingface.co/datasets/eturok-weizmann/laser-vibrations/resolve/main/data/0000518/speckle_shifts_ifft_audio.wav'}",,,,,,,,,,True,False,False,True,True,True,True,False,False,False,False,False,False
cube-6x0y_0100--31-03-18-18-41,519,The app is stopped or disabled,"Traceback (most recent call last):
  File ""/Users/eitanturok/good-vibrations/scripts/backfill_batch.py"", line 317, in _run_batch
  File ""/Users/eitanturok/good-vibrations/scripts/backfill_batch.py"", line 260, in process_sample
    f""cat {shlex.quote(NEW_DIR + '/data/metadata.jsonl')} 2>/dev/null || true""
      ^^^^^^^^^^^^^^^^^^^^^^^^^^^^^^^^^^^^^^^^^^^^^^^^^^^^^^^^^^^^^^^^^^^^^^^^^
  File ""/Users/eitanturok/good-vibrations/.venv/lib/python3.12/site-packages/modal/_object.py"", line 46, in wrapped
    return await method(self, *args, **kwargs)
           ^^^^^^^^^^^^^^^^^^^^^^^^^^^^^^^^^^^
  File ""/Users/eitanturok/good-vibrations/.venv/lib/python3.12/site-packages/modal/_functions.py"", line 1702, in remote
    return await self._call_function(args, kwargs)
           ^^^^^^^^^^^^^^^^^^^^^^^^^^^^^^^^^^^^^^^
  File ""/Users/eitanturok/good-vibrations/.venv/lib/python3.12/site-packages/modal/_functions.py"", line 1638, in _call_function
    invocation = await _Invocation.create(
                 ^^^^^^^^^^^^^^^^^^^^^^^^^
  File ""/Users/eitanturok/good-vibrations/.venv/lib/python3.12/site-packages/modal/_functions.py"", line 182, in create
    response = await client.stub.FunctionMap(request)
               ^^^^^^^^^^^^^^^^^^^^^^^^^^^^^^^^^^^^^^
modal.exception.ConflictError: The app is stopped or disabled
",2026-04-23T09:31:08.416949,modal_disabled,cube-6x0y,31-03-18-18-41,cube,grid_single,1,False,False,False,False,0100,6.0,0.0,cube-6x0y_0100--31-03-18-18-41,cube,1.0,0100,,,"{'bytes': None, 'path': 'https://huggingface.co/datasets/eturok-weizmann/laser-vibrations/resolve/main/image/cube-POSx-POSy-1obj-cardboard-2026-03-31-18-18-41/mask.png'}","{'bytes': None, 'path': 'https://huggingface.co/datasets/eturok-weizmann/laser-vibrations/resolve/main/image/cube-POSx-POSy-1obj-cardboard-2026-03-31-18-18-41/segmented_overhead.png'}","{'bytes': None, 'path': 'https://huggingface.co/datasets/eturok-weizmann/laser-vibrations/resolve/main/data/0000519/speckle_vibrations.mp4'}","{'bytes': None, 'path': 'https://huggingface.co/datasets/eturok-weizmann/laser-vibrations/resolve/main/audio/chirp_50_1000_3.0sec.wav'}","{'bytes': None, 'path': 'https://huggingface.co/datasets/eturok-weizmann/laser-vibrations/resolve/main/data/0000519/speckle_shifts_ifft_audio.wav'}",,,,,,,,,,True,False,False,True,True,True,True,False,False,False,False,False,False
cube-6x0y_1000--31-03-18-18-39,520,"Put to url https://modal-blobs.s3-accelerate.amazonaws.com/R7/7r/7G/Z2Pj4JQ8FDQABLYG?AWSAccessKeyId=ASIAWWDIY6MCELV5PXJF&Signature=ZEnc8eQWI%2BLVMoblWWuPCvCaaEI%3D&content-type=application%2Foctet-stream&content-md5=TNjcW2zYzGms3N5sahxhCA%3D%3D&x-amz-security-token=IQoJb3JpZ2luX2VjEJr%2F%2F%2F%2F%2F%2F%2F%2F%2F%2FwEaCXVzLWVhc3QtMSJHMEUCIQCzhEAAc3iAltUm2B8uRhhbByVlw%2FWNuRjOQ1DbO6dFLwIgPkFjmdFRpQvm%2BqSnLyDd740NOaCyGf73P6BkhL2aJDoqiQUIYxACGgw0NTk3ODEyMzk1NTYiDHqQTMaxKGt6tC0LoyrmBB4KznUpYeJJVaXi25JRfCLXpsUGMLYOscTITdU%2F%2FcFlsVSoTtz7G52Ea%2FFK7lDYGZYdPpL0JRi7kHG%2FmDYUJ5dKwPh2IhSWpu2Wn82GuhKiQXeoTOvEao2Ws7U7jGi1LhKeKGKFaqZG%2Bq5DFMK4qWIDbg7Bqdd2iBa2RyNoFslu5XOpQ5gNlRoPWuFiQENkcIBtCWXP32PZCQmobIUPGcx4XRbiP1x%2FI1VMeXxewyW7k4MW5JdiLfHRHae3WvE8z7Bpt%2FfGcViZZ%2Be9twT8rKdF047LY%2FK3Fhl0%2FnU4WtTlSmVO52BlTyyQqBsBWN7pOoxGQIidc0rsPzhsb1%2FyI2VapN%2F7jdodCfp8f%2BUetSrpgKSmfpmKa%2Bsb4xUHW1DATvZsMRpJZGdSYCJLTSnNfzBs3yiKYBW0EDxT8walCjpdyTw%2BXlIPihxqBXnRVEI%2FdxQ%2BbEoc3fgNx3kj6JY9p6QwfRu5JBUmNuVVdatpZYRqba0hKcYhPkKzHDWXB0x0tvP1FCDSk%2Br3M997Xt4xNIvZQyCLC4l35xwoV81KL5rjSSEE2idDvEE8d1N5%2BYt688xxn3RfElOW5vArvMM4jbT9rpuUUqSd5SrPEfLVn2kcitoHqzss3yA3oZT6OK0n4m04%2Fcs8n01J2cdXaTRyuFa6zxwjjgEvr%2Bq6diFi2B20d65YmX6eSV4XHseK02BWs5Bxycp9VuRqUVDhaEDJ18uCDhmf9UzJZMjaSNR1yZa07QIrEu4%2FNmYr3Ys7dv3kHTc%2FEk6gysEYCjZuGQbMCdFqXMQH%2FS5UHZfMEck%2BByoso6fRBwgDMK7Kp88GOpgB0xC%2FfY3t2zQx1eCXVY2hSS9xXpOXSa0JTPSLCREHE1KaLhWKL1Pfos432CAsoezTbR8dMi2lLa180DqDQsU0WKs2Rr51hrpODgJkueCrC6sTmQ%2F18FoN01XMXe2BnOKnosq7BZ1Q4IZS8SPSK8OI3ej%2BbdkJ2rdxSNr48qsIBh424nxUWbPWReAOykpIFGeNTFhGGdnAeOw%3D&Expires=1776951082 failed with status 403: <?xml version=""1.0"" encoding=""UTF-8""?>
<Error><Code>AccessDenied</Code><Message>Request has expired</Message><Expires>2026-04-23T13:31:22Z</Expires><ServerTime>2026-04-26T05:52:56Z</ServerTime><RequestId>W0C6KFJEM82EXHEK</RequestId><HostId>PUS2l1ZSqtNvVgqpNI8bLOWyWYCThdPNRGezWvApbjNd0sKFMGN/6sHVTBcyCCUlYX8LaIQkIm4=</HostId></Error>","Traceback (most recent call last):
  File ""/Users/eitanturok/good-vibrations/scripts/backfill_batch.py"", line 317, in _run_batch
    wrap_cmd = (
                ^
  File ""/Users/eitanturok/good-vibrations/scripts/backfill_batch.py"", line 260, in process_sample
    f""# Audio only uploaded if missing (content never changes)\n""
          ^^^^^^^^^^^^^^^^^^^^^^^^^^^^^^^^^^^^^^^^^^^^^^^^^^^^^^^^
  File ""/Users/eitanturok/good-vibrations/.venv/lib/python3.12/site-packages/modal/_object.py"", line 46, in wrapped
    return await method(self, *args, **kwargs)
           ^^^^^^^^^^^^^^^^^^^^^^^^^^^^^^^^^^^
  File ""/Users/eitanturok/good-vibrations/.venv/lib/python3.12/site-packages/modal/_functions.py"", line 1702, in remote
    return await self._call_function(args, kwargs)
           ^^^^^^^^^^^^^^^^^^^^^^^^^^^^^^^^^^^^^^^
  File ""/Users/eitanturok/good-vibrations/.venv/lib/python3.12/site-packages/modal/_functions.py"", line 1638, in _call_function
    invocation = await _Invocation.create(
                 ^^^^^^^^^^^^^^^^^^^^^^^^^
  File ""/Users/eitanturok/good-vibrations/.venv/lib/python3.12/site-packages/modal/_functions.py"", line 149, in create
    item = await _create_input(
           ^^^^^^^^^^^^^^^^^^^^
  File ""/Users/eitanturok/good-vibrations/.venv/lib/python3.12/site-packages/modal/_utils/function_utils.py"", line 585, in _create_input
    args_blob_id, r2_failed, r2_throughput_bytes_s = await blob_upload_with_r2_failure_info(args_serialized, stub)
                                                     ^^^^^^^^^^^^^^^^^^^^^^^^^^^^^^^^^^^^^^^^^^^^^^^^^^^^^^^^^^^^^
  File ""/Users/eitanturok/good-vibrations/.venv/lib/python3.12/site-packages/modal/_utils/blob_utils.py"", line 283, in blob_upload_with_r2_failure_info
    blob_id, r2_failed, r2_throughput_bytes_s = await _blob_upload(upload_hashes, payload, stub)
                                                ^^^^^^^^^^^^^^^^^^^^^^^^^^^^^^^^^^^^^^^^^^^^^^^^
  File ""/Users/eitanturok/good-vibrations/.venv/lib/python3.12/site-packages/modal/_utils/blob_utils.py"", line 262, in _blob_upload
    blob_id, r2_failed, r2_throughput_bytes_s = await _blob_upload_with_fallback(
                                                ^^^^^^^^^^^^^^^^^^^^^^^^^^^^^^^^^
  File ""/Users/eitanturok/good-vibrations/.venv/lib/python3.12/site-packages/modal/_utils/blob_utils.py"", line 202, in _blob_upload_with_fallback
    await callback(item)
  File ""/Users/eitanturok/good-vibrations/.venv/lib/python3.12/site-packages/modal/_utils/blob_utils.py"", line 255, in upload_to_s3_url
    return await _upload_to_s3_url(
           ^^^^^^^^^^^^^^^^^^^^^^^^
  File ""/Users/eitanturok/good-vibrations/.venv/lib/python3.12/site-packages/modal/_utils/async_utils.py"", line 406, in f_wrapped
    return await asyncio.wait_for(fn(*args, **kwargs), timeout=timeout)
           ^^^^^^^^^^^^^^^^^^^^^^^^^^^^^^^^^^^^^^^^^^^^^^^^^^^^^^^^^^^^
  File ""/Users/eitanturok/.local/share/uv/python/cpython-3.12.5-macos-aarch64-none/lib/python3.12/asyncio/tasks.py"", line 520, in wait_for
    return await fut
           ^^^^^^^^^
  File ""/Users/eitanturok/good-vibrations/.venv/lib/python3.12/site-packages/modal/_utils/blob_utils.py"", line 92, in _upload_to_s3_url
    raise ExecutionError(f""Put to url {upload_url} failed with status {resp.status}: {text}"")
modal.exception.ExecutionError: Put to url https://modal-blobs.s3-accelerate.amazonaws.com/R7/7r/7G/Z2Pj4JQ8FDQABLYG?AWSAccessKeyId=ASIAWWDIY6MCELV5PXJF&Signature=ZEnc8eQWI%2BLVMoblWWuPCvCaaEI%3D&content-type=application%2Foctet-stream&content-md5=TNjcW2zYzGms3N5sahxhCA%3D%3D&x-amz-security-token=IQoJb3JpZ2luX2VjEJr%2F%2F%2F%2F%2F%2F%2F%2F%2F%2FwEaCXVzLWVhc3QtMSJHMEUCIQCzhEAAc3iAltUm2B8uRhhbByVlw%2FWNuRjOQ1DbO6dFLwIgPkFjmdFRpQvm%2BqSnLyDd740NOaCyGf73P6BkhL2aJDoqiQUIYxACGgw0NTk3ODEyMzk1NTYiDHqQTMaxKGt6tC0LoyrmBB4KznUpYeJJVaXi25JRfCLXpsUGMLYOscTITdU%2F%2FcFlsVSoTtz7G52Ea%2FFK7lDYGZYdPpL0JRi7kHG%2FmDYUJ5dKwPh2IhSWpu2Wn82GuhKiQXeoTOvEao2Ws7U7jGi1LhKeKGKFaqZG%2Bq5DFMK4qWIDbg7Bqdd2iBa2RyNoFslu5XOpQ5gNlRoPWuFiQENkcIBtCWXP32PZCQmobIUPGcx4XRbiP1x%2FI1VMeXxewyW7k4MW5JdiLfHRHae3WvE8z7Bpt%2FfGcViZZ%2Be9twT8rKdF047LY%2FK3Fhl0%2FnU4WtTlSmVO52BlTyyQqBsBWN7pOoxGQIidc0rsPzhsb1%2FyI2VapN%2F7jdodCfp8f%2BUetSrpgKSmfpmKa%2Bsb4xUHW1DATvZsMRpJZGdSYCJLTSnNfzBs3yiKYBW0EDxT8walCjpdyTw%2BXlIPihxqBXnRVEI%2FdxQ%2BbEoc3fgNx3kj6JY9p6QwfRu5JBUmNuVVdatpZYRqba0hKcYhPkKzHDWXB0x0tvP1FCDSk%2Br3M997Xt4xNIvZQyCLC4l35xwoV81KL5rjSSEE2idDvEE8d1N5%2BYt688xxn3RfElOW5vArvMM4jbT9rpuUUqSd5SrPEfLVn2kcitoHqzss3yA3oZT6OK0n4m04%2Fcs8n01J2cdXaTRyuFa6zxwjjgEvr%2Bq6diFi2B20d65YmX6eSV4XHseK02BWs5Bxycp9VuRqUVDhaEDJ18uCDhmf9UzJZMjaSNR1yZa07QIrEu4%2FNmYr3Ys7dv3kHTc%2FEk6gysEYCjZuGQbMCdFqXMQH%2FS5UHZfMEck%2BByoso6fRBwgDMK7Kp88GOpgB0xC%2FfY3t2zQx1eCXVY2hSS9xXpOXSa0JTPSLCREHE1KaLhWKL1Pfos432CAsoezTbR8dMi2lLa180DqDQsU0WKs2Rr51hrpODgJkueCrC6sTmQ%2F18FoN01XMXe2BnOKnosq7BZ1Q4IZS8SPSK8OI3ej%2BbdkJ2rdxSNr48qsIBh424nxUWbPWReAOykpIFGeNTFhGGdnAeOw%3D&Expires=1776951082 failed with status 403: <?xml version=""1.0"" encoding=""UTF-8""?>
<Error><Code>AccessDenied</Code><Message>Request has expired</Message><Expires>2026-04-23T13:31:22Z</Expires><ServerTime>2026-04-26T05:52:56Z</ServerTime><RequestId>W0C6KFJEM82EXHEK</RequestId><HostId>PUS2l1ZSqtNvVgqpNI8bLOWyWYCThdPNRGezWvApbjNd0sKFMGN/6sHVTBcyCCUlYX8LaIQkIm4=</HostId></Error>
",2026-04-26T05:52:56.003811,expired_upload_url,cube-6x0y,31-03-18-18-39,cube,grid_single,1,False,False,False,False,1000,6.0,0.0,,,,,,,,,,,,,,,,,,,,,False,False,False,False,False,False,False,False,False,False,False,False,False
cube-7x0y_0001--31-03-18-19-16,521,"Command '['ssh', 'ethantu@mcluster11.wisdom.weizmann.ac.il', ""bash -lc '$HOME/venvs/experiment16-migrate/bin/python /home/ethantu/tmp/migrate_experiment15_to_16_one.py --remote-worker --old-dir /net/mraid20/ifs/wisdom/groups/mark_sheinin_lab/DATA/experiment-15 --new-dir /net/mraid20/ifs/wisdom/groups/mark_sheinin_lab/DATA/experiment-16 --hf-repo eturok-weizmann/laser-vibrations --source-dir-name cube-7x0y_0001--31-03-18-19-16 --sample-id 521 --stage pre_segment --overwrite --remote-audio-path /home/ethantu/tmp/chirp_50_1000_3.0sec.wav'""]' returned non-zero exit status 255.","Traceback (most recent call last):
  File ""/Users/eitanturok/good-vibrations/scripts/backfill_batch.py"", line 317, in _run_batch
    wrap_cmd = (
                ^
  File ""/Users/eitanturok/good-vibrations/scripts/backfill_batch.py"", line 245, in process_sample
    f""# Config files always re-uploaded (content may have changed)\n""
    ^^^^^^^^^^^^^^^^^^^^^^^^^^^
  File ""/Users/eitanturok/.local/share/uv/python/cpython-3.12.5-macos-aarch64-none/lib/python3.12/concurrent/futures/_base.py"", line 449, in result
    return self.__get_result()
           ^^^^^^^^^^^^^^^^^^^
  File ""/Users/eitanturok/.local/share/uv/python/cpython-3.12.5-macos-aarch64-none/lib/python3.12/concurrent/futures/_base.py"", line 401, in __get_result
    raise self._exception
  File ""/Users/eitanturok/.local/share/uv/python/cpython-3.12.5-macos-aarch64-none/lib/python3.12/concurrent/futures/thread.py"", line 58, in run
    result = self.fn(*self.args, **self.kwargs)
             ^^^^^^^^^^^^^^^^^^^^^^^^^^^^^^^^^^
  File ""/Users/eitanturok/good-vibrations/scripts/backfill_batch.py"", line 121, in _run_remote_stage
    REMOTE_SCRIPT, ""--remote-worker"",
  File ""/Users/eitanturok/good-vibrations/scripts/backfill_batch.py"", line 64, in _ssh_run
    # ── SSH helpers ───────────────────────────────────────────────────────────────
       ^^^^^^^^^^^^^^^^^^^^^^^^^^^^^^^^^^^^^^^^^^^^^^^^^^^^^^^^^^^^^^^^^^^^^^^^^^^^^
  File ""/Users/eitanturok/.local/share/uv/python/cpython-3.12.5-macos-aarch64-none/lib/python3.12/subprocess.py"", line 571, in run
    raise CalledProcessError(retcode, process.args,
subprocess.CalledProcessError: Command '['ssh', 'ethantu@mcluster11.wisdom.weizmann.ac.il', ""bash -lc '$HOME/venvs/experiment16-migrate/bin/python /home/ethantu/tmp/migrate_experiment15_to_16_one.py --remote-worker --old-dir /net/mraid20/ifs/wisdom/groups/mark_sheinin_lab/DATA/experiment-15 --new-dir /net/mraid20/ifs/wisdom/groups/mark_sheinin_lab/DATA/experiment-16 --hf-repo eturok-weizmann/laser-vibrations --source-dir-name cube-7x0y_0001--31-03-18-19-16 --sample-id 521 --stage pre_segment --overwrite --remote-audio-path /home/ethantu/tmp/chirp_50_1000_3.0sec.wav'""]' returned non-zero exit status 255.
",2026-04-26T05:52:56.023894,ssh_or_remote_failure,cube-7x0y,31-03-18-19-16,cube,grid_single,1,False,False,False,False,0001,7.0,0.0,,,,,,,,,,,,,,,,,,,,,False,False,False,False,False,False,False,False,False,False,False,False,False
cube-7x0y_0010--31-03-18-19-14,522,"Command '['ssh', 'ethantu@mcluster11.wisdom.weizmann.ac.il', ""bash -lc '$HOME/venvs/experiment16-migrate/bin/python /home/ethantu/tmp/migrate_experiment15_to_16_one.py --remote-worker --old-dir /net/mraid20/ifs/wisdom/groups/mark_sheinin_lab/DATA/experiment-15 --new-dir /net/mraid20/ifs/wisdom/groups/mark_sheinin_lab/DATA/experiment-16 --hf-repo eturok-weizmann/laser-vibrations --source-dir-name cube-7x0y_0010--31-03-18-19-14 --sample-id 522 --stage pre_segment --overwrite --remote-audio-path /home/ethantu/tmp/chirp_50_1000_3.0sec.wav'""]' returned non-zero exit status 255.","Traceback (most recent call last):
  File ""/Users/eitanturok/good-vibrations/scripts/backfill_batch.py"", line 317, in _run_batch
    wrap_cmd = (
                ^
  File ""/Users/eitanturok/good-vibrations/scripts/backfill_batch.py"", line 245, in process_sample
    f""# Config files always re-uploaded (content may have changed)\n""
    ^^^^^^^^^^^^^^^^^^^^^^^^^^^
  File ""/Users/eitanturok/.local/share/uv/python/cpython-3.12.5-macos-aarch64-none/lib/python3.12/concurrent/futures/_base.py"", line 456, in result
    return self.__get_result()
           ^^^^^^^^^^^^^^^^^^^
  File ""/Users/eitanturok/.local/share/uv/python/cpython-3.12.5-macos-aarch64-none/lib/python3.12/concurrent/futures/_base.py"", line 401, in __get_result
    raise self._exception
  File ""/Users/eitanturok/.local/share/uv/python/cpython-3.12.5-macos-aarch64-none/lib/python3.12/concurrent/futures/thread.py"", line 58, in run
    result = self.fn(*self.args, **self.kwargs)
             ^^^^^^^^^^^^^^^^^^^^^^^^^^^^^^^^^^
  File ""/Users/eitanturok/good-vibrations/scripts/backfill_batch.py"", line 121, in _run_remote_stage
    REMOTE_SCRIPT, ""--remote-worker"",
  File ""/Users/eitanturok/good-vibrations/scripts/backfill_batch.py"", line 64, in _ssh_run
    # ── SSH helpers ───────────────────────────────────────────────────────────────
       ^^^^^^^^^^^^^^^^^^^^^^^^^^^^^^^^^^^^^^^^^^^^^^^^^^^^^^^^^^^^^^^^^^^^^^^^^^^^^
  File ""/Users/eitanturok/.local/share/uv/python/cpython-3.12.5-macos-aarch64-none/lib/python3.12/subprocess.py"", line 571, in run
    raise CalledProcessError(retcode, process.args,
subprocess.CalledProcessError: Command '['ssh', 'ethantu@mcluster11.wisdom.weizmann.ac.il', ""bash -lc '$HOME/venvs/experiment16-migrate/bin/python /home/ethantu/tmp/migrate_experiment15_to_16_one.py --remote-worker --old-dir /net/mraid20/ifs/wisdom/groups/mark_sheinin_lab/DATA/experiment-15 --new-dir /net/mraid20/ifs/wisdom/groups/mark_sheinin_lab/DATA/experiment-16 --hf-repo eturok-weizmann/laser-vibrations --source-dir-name cube-7x0y_0010--31-03-18-19-14 --sample-id 522 --stage pre_segment --overwrite --remote-audio-path /home/ethantu/tmp/chirp_50_1000_3.0sec.wav'""]' returned non-zero exit status 255.
",2026-04-26T05:52:56.125909,ssh_or_remote_failure,cube-7x0y,31-03-18-19-14,cube,grid_single,1,False,False,False,False,0010,7.0,0.0,,,,,,,,,,,,,,,,,,,,,False,False,False,False,False,False,False,False,False,False,False,False,False
cube-7x0y_0100--31-03-18-19-12,523,"Command '['ssh', 'ethantu@mcluster11.wisdom.weizmann.ac.il', ""bash -lc '$HOME/venvs/experiment16-migrate/bin/python /home/ethantu/tmp/migrate_experiment15_to_16_one.py --remote-worker --old-dir /net/mraid20/ifs/wisdom/groups/mark_sheinin_lab/DATA/experiment-15 --new-dir /net/mraid20/ifs/wisdom/groups/mark_sheinin_lab/DATA/experiment-16 --hf-repo eturok-weizmann/laser-vibrations --source-dir-name cube-7x0y_0100--31-03-18-19-12 --sample-id 523 --stage pre_segment --overwrite --remote-audio-path /home/ethantu/tmp/chirp_50_1000_3.0sec.wav'""]' returned non-zero exit status 255.","Traceback (most recent call last):
  File ""/Users/eitanturok/good-vibrations/scripts/backfill_batch.py"", line 317, in _run_batch
    wrap_cmd = (
                ^
  File ""/Users/eitanturok/good-vibrations/scripts/backfill_batch.py"", line 245, in process_sample
    f""# Config files always re-uploaded (content may have changed)\n""
    ^^^^^^^^^^^^^^^^^^^^^^^^^^^
  File ""/Users/eitanturok/.local/share/uv/python/cpython-3.12.5-macos-aarch64-none/lib/python3.12/concurrent/futures/_base.py"", line 456, in result
    return self.__get_result()
           ^^^^^^^^^^^^^^^^^^^
  File ""/Users/eitanturok/.local/share/uv/python/cpython-3.12.5-macos-aarch64-none/lib/python3.12/concurrent/futures/_base.py"", line 401, in __get_result
    raise self._exception
  File ""/Users/eitanturok/.local/share/uv/python/cpython-3.12.5-macos-aarch64-none/lib/python3.12/concurrent/futures/thread.py"", line 58, in run
    result = self.fn(*self.args, **self.kwargs)
             ^^^^^^^^^^^^^^^^^^^^^^^^^^^^^^^^^^
  File ""/Users/eitanturok/good-vibrations/scripts/backfill_batch.py"", line 121, in _run_remote_stage
    REMOTE_SCRIPT, ""--remote-worker"",
  File ""/Users/eitanturok/good-vibrations/scripts/backfill_batch.py"", line 64, in _ssh_run
    # ── SSH helpers ───────────────────────────────────────────────────────────────
       ^^^^^^^^^^^^^^^^^^^^^^^^^^^^^^^^^^^^^^^^^^^^^^^^^^^^^^^^^^^^^^^^^^^^^^^^^^^^^
  File ""/Users/eitanturok/.local/share/uv/python/cpython-3.12.5-macos-aarch64-none/lib/python3.12/subprocess.py"", line 571, in run
    raise CalledProcessError(retcode, process.args,
subprocess.CalledProcessError: Command '['ssh', 'ethantu@mcluster11.wisdom.weizmann.ac.il', ""bash -lc '$HOME/venvs/experiment16-migrate/bin/python /home/ethantu/tmp/migrate_experiment15_to_16_one.py --remote-worker --old-dir /net/mraid20/ifs/wisdom/groups/mark_sheinin_lab/DATA/experiment-15 --new-dir /net/mraid20/ifs/wisdom/groups/mark_sheinin_lab/DATA/experiment-16 --hf-repo eturok-weizmann/laser-vibrations --source-dir-name cube-7x0y_0100--31-03-18-19-12 --sample-id 523 --stage pre_segment --overwrite --remote-audio-path /home/ethantu/tmp/chirp_50_1000_3.0sec.wav'""]' returned non-zero exit status 255.
",2026-04-26T05:52:56.141887,ssh_or_remote_failure,cube-7x0y,31-03-18-19-12,cube,grid_single,1,False,False,False,False,0100,7.0,0.0,,,,,,,,,,,,,,,,,,,,,False,False,False,False,False,False,False,False,False,False,False,False,False
cube-7x0y_1000--31-03-18-19-10,524,"Command '['ssh', 'ethantu@mcluster11.wisdom.weizmann.ac.il', ""bash -lc '$HOME/venvs/experiment16-migrate/bin/python /home/ethantu/tmp/migrate_experiment15_to_16_one.py --remote-worker --old-dir /net/mraid20/ifs/wisdom/groups/mark_sheinin_lab/DATA/experiment-15 --new-dir /net/mraid20/ifs/wisdom/groups/mark_sheinin_lab/DATA/experiment-16 --hf-repo eturok-weizmann/laser-vibrations --source-dir-name cube-7x0y_1000--31-03-18-19-10 --sample-id 524 --stage pre_segment --overwrite --remote-audio-path /home/ethantu/tmp/chirp_50_1000_3.0sec.wav'""]' returned non-zero exit status 255.","Traceback (most recent call last):
  File ""/Users/eitanturok/good-vibrations/scripts/backfill_batch.py"", line 317, in _run_batch
    wrap_cmd = (
                ^
  File ""/Users/eitanturok/good-vibrations/scripts/backfill_batch.py"", line 245, in process_sample
    f""# Config files always re-uploaded (content may have changed)\n""
    ^^^^^^^^^^^^^^^^^^^^^^^^^^^
  File ""/Users/eitanturok/.local/share/uv/python/cpython-3.12.5-macos-aarch64-none/lib/python3.12/concurrent/futures/_base.py"", line 456, in result
    return self.__get_result()
           ^^^^^^^^^^^^^^^^^^^
  File ""/Users/eitanturok/.local/share/uv/python/cpython-3.12.5-macos-aarch64-none/lib/python3.12/concurrent/futures/_base.py"", line 401, in __get_result
    raise self._exception
  File ""/Users/eitanturok/.local/share/uv/python/cpython-3.12.5-macos-aarch64-none/lib/python3.12/concurrent/futures/thread.py"", line 58, in run
    result = self.fn(*self.args, **self.kwargs)
             ^^^^^^^^^^^^^^^^^^^^^^^^^^^^^^^^^^
  File ""/Users/eitanturok/good-vibrations/scripts/backfill_batch.py"", line 121, in _run_remote_stage
    REMOTE_SCRIPT, ""--remote-worker"",
  File ""/Users/eitanturok/good-vibrations/scripts/backfill_batch.py"", line 64, in _ssh_run
    # ── SSH helpers ───────────────────────────────────────────────────────────────
       ^^^^^^^^^^^^^^^^^^^^^^^^^^^^^^^^^^^^^^^^^^^^^^^^^^^^^^^^^^^^^^^^^^^^^^^^^^^^^
  File ""/Users/eitanturok/.local/share/uv/python/cpython-3.12.5-macos-aarch64-none/lib/python3.12/subprocess.py"", line 571, in run
    raise CalledProcessError(retcode, process.args,
subprocess.CalledProcessError: Command '['ssh', 'ethantu@mcluster11.wisdom.weizmann.ac.il', ""bash -lc '$HOME/venvs/experiment16-migrate/bin/python /home/ethantu/tmp/migrate_experiment15_to_16_one.py --remote-worker --old-dir /net/mraid20/ifs/wisdom/groups/mark_sheinin_lab/DATA/experiment-15 --new-dir /net/mraid20/ifs/wisdom/groups/mark_sheinin_lab/DATA/experiment-16 --hf-repo eturok-weizmann/laser-vibrations --source-dir-name cube-7x0y_1000--31-03-18-19-10 --sample-id 524 --stage pre_segment --overwrite --remote-audio-path /home/ethantu/tmp/chirp_50_1000_3.0sec.wav'""]' returned non-zero exit status 255.
",2026-04-26T05:52:56.188259,ssh_or_remote_failure,cube-7x0y,31-03-18-19-10,cube,grid_single,1,False,False,False,False,1000,7.0,0.0,,,,,,,,,,,,,,,,,,,,,False,False,False,False,False,False,False,False,False,False,False,False,False
cube-8x0y_0001--31-03-18-19-46,525,"Command '['ssh', 'ethantu@mcluster11.wisdom.weizmann.ac.il', ""bash -lc '$HOME/venvs/experiment16-migrate/bin/python /home/ethantu/tmp/migrate_experiment15_to_16_one.py --remote-worker --old-dir /net/mraid20/ifs/wisdom/groups/mark_sheinin_lab/DATA/experiment-15 --new-dir /net/mraid20/ifs/wisdom/groups/mark_sheinin_lab/DATA/experiment-16 --hf-repo eturok-weizmann/laser-vibrations --source-dir-name cube-8x0y_0001--31-03-18-19-46 --sample-id 525 --stage pre_segment --overwrite --remote-audio-path /home/ethantu/tmp/chirp_50_1000_3.0sec.wav'""]' returned non-zero exit status 255.","Traceback (most recent call last):
  File ""/Users/eitanturok/good-vibrations/scripts/backfill_batch.py"", line 317, in _run_batch
    wrap_cmd = (
                ^
  File ""/Users/eitanturok/good-vibrations/scripts/backfill_batch.py"", line 245, in process_sample
    f""# Config files always re-uploaded (content may have changed)\n""
    ^^^^^^^^^^^^^^^^^^^^^^^^^^^
  File ""/Users/eitanturok/.local/share/uv/python/cpython-3.12.5-macos-aarch64-none/lib/python3.12/concurrent/futures/_base.py"", line 456, in result
    return self.__get_result()
           ^^^^^^^^^^^^^^^^^^^
  File ""/Users/eitanturok/.local/share/uv/python/cpython-3.12.5-macos-aarch64-none/lib/python3.12/concurrent/futures/_base.py"", line 401, in __get_result
    raise self._exception
  File ""/Users/eitanturok/.local/share/uv/python/cpython-3.12.5-macos-aarch64-none/lib/python3.12/concurrent/futures/thread.py"", line 58, in run
    result = self.fn(*self.args, **self.kwargs)
             ^^^^^^^^^^^^^^^^^^^^^^^^^^^^^^^^^^
  File ""/Users/eitanturok/good-vibrations/scripts/backfill_batch.py"", line 121, in _run_remote_stage
    REMOTE_SCRIPT, ""--remote-worker"",
  File ""/Users/eitanturok/good-vibrations/scripts/backfill_batch.py"", line 64, in _ssh_run
    # ── SSH helpers ───────────────────────────────────────────────────────────────
       ^^^^^^^^^^^^^^^^^^^^^^^^^^^^^^^^^^^^^^^^^^^^^^^^^^^^^^^^^^^^^^^^^^^^^^^^^^^^^
  File ""/Users/eitanturok/.local/share/uv/python/cpython-3.12.5-macos-aarch64-none/lib/python3.12/subprocess.py"", line 571, in run
    raise CalledProcessError(retcode, process.args,
subprocess.CalledProcessError: Command '['ssh', 'ethantu@mcluster11.wisdom.weizmann.ac.il', ""bash -lc '$HOME/venvs/experiment16-migrate/bin/python /home/ethantu/tmp/migrate_experiment15_to_16_one.py --remote-worker --old-dir /net/mraid20/ifs/wisdom/groups/mark_sheinin_lab/DATA/experiment-15 --new-dir /net/mraid20/ifs/wisdom/groups/mark_sheinin_lab/DATA/experiment-16 --hf-repo eturok-weizmann/laser-vibrations --source-dir-name cube-8x0y_0001--31-03-18-19-46 --sample-id 525 --stage pre_segment --overwrite --remote-audio-path /home/ethantu/tmp/chirp_50_1000_3.0sec.wav'""]' returned non-zero exit status 255.
",2026-04-26T05:52:56.215154,ssh_or_remote_failure,cube-8x0y,31-03-18-19-46,cube,grid_single,1,False,False,False,False,0001,8.0,0.0,,,,,,,,,,,,,,,,,,,,,False,False,False,False,False,False,False,False,False,False,False,False,False
cube-8x0y_0010--31-03-18-19-44,526,"Command '['ssh', 'ethantu@mcluster11.wisdom.weizmann.ac.il', ""bash -lc '$HOME/venvs/experiment16-migrate/bin/python /home/ethantu/tmp/migrate_experiment15_to_16_one.py --remote-worker --old-dir /net/mraid20/ifs/wisdom/groups/mark_sheinin_lab/DATA/experiment-15 --new-dir /net/mraid20/ifs/wisdom/groups/mark_sheinin_lab/DATA/experiment-16 --hf-repo eturok-weizmann/laser-vibrations --source-dir-name cube-8x0y_0010--31-03-18-19-44 --sample-id 526 --stage pre_segment --overwrite --remote-audio-path /home/ethantu/tmp/chirp_50_1000_3.0sec.wav'""]' returned non-zero exit status 255.","Traceback (most recent call last):
  File ""/Users/eitanturok/good-vibrations/scripts/backfill_batch.py"", line 317, in _run_batch
    wrap_cmd = (
                ^
  File ""/Users/eitanturok/good-vibrations/scripts/backfill_batch.py"", line 245, in process_sample
    f""# Config files always re-uploaded (content may have changed)\n""
    ^^^^^^^^^^^^^^^^^^^^^^^^^^^
  File ""/Users/eitanturok/.local/share/uv/python/cpython-3.12.5-macos-aarch64-none/lib/python3.12/concurrent/futures/_base.py"", line 456, in result
    return self.__get_result()
           ^^^^^^^^^^^^^^^^^^^
  File ""/Users/eitanturok/.local/share/uv/python/cpython-3.12.5-macos-aarch64-none/lib/python3.12/concurrent/futures/_base.py"", line 401, in __get_result
    raise self._exception
  File ""/Users/eitanturok/.local/share/uv/python/cpython-3.12.5-macos-aarch64-none/lib/python3.12/concurrent/futures/thread.py"", line 58, in run
    result = self.fn(*self.args, **self.kwargs)
             ^^^^^^^^^^^^^^^^^^^^^^^^^^^^^^^^^^
  File ""/Users/eitanturok/good-vibrations/scripts/backfill_batch.py"", line 121, in _run_remote_stage
    REMOTE_SCRIPT, ""--remote-worker"",
  File ""/Users/eitanturok/good-vibrations/scripts/backfill_batch.py"", line 64, in _ssh_run
    # ── SSH helpers ───────────────────────────────────────────────────────────────
       ^^^^^^^^^^^^^^^^^^^^^^^^^^^^^^^^^^^^^^^^^^^^^^^^^^^^^^^^^^^^^^^^^^^^^^^^^^^^^
  File ""/Users/eitanturok/.local/share/uv/python/cpython-3.12.5-macos-aarch64-none/lib/python3.12/subprocess.py"", line 571, in run
    raise CalledProcessError(retcode, process.args,
subprocess.CalledProcessError: Command '['ssh', 'ethantu@mcluster11.wisdom.weizmann.ac.il', ""bash -lc '$HOME/venvs/experiment16-migrate/bin/python /home/ethantu/tmp/migrate_experiment15_to_16_one.py --remote-worker --old-dir /net/mraid20/ifs/wisdom/groups/mark_sheinin_lab/DATA/experiment-15 --new-dir /net/mraid20/ifs/wisdom/groups/mark_sheinin_lab/DATA/experiment-16 --hf-repo eturok-weizmann/laser-vibrations --source-dir-name cube-8x0y_0010--31-03-18-19-44 --sample-id 526 --stage pre_segment --overwrite --remote-audio-path /home/ethantu/tmp/chirp_50_1000_3.0sec.wav'""]' returned non-zero exit status 255.
",2026-04-26T05:52:56.238637,ssh_or_remote_failure,cube-8x0y,31-03-18-19-44,cube,grid_single,1,False,False,False,False,0010,8.0,0.0,,,,,,,,,,,,,,,,,,,,,False,False,False,False,False,False,False,False,False,False,False,False,False
cube-8x0y_0100--31-03-18-19-43,527,"Command '['ssh', 'ethantu@mcluster11.wisdom.weizmann.ac.il', ""bash -lc '$HOME/venvs/experiment16-migrate/bin/python /home/ethantu/tmp/migrate_experiment15_to_16_one.py --remote-worker --old-dir /net/mraid20/ifs/wisdom/groups/mark_sheinin_lab/DATA/experiment-15 --new-dir /net/mraid20/ifs/wisdom/groups/mark_sheinin_lab/DATA/experiment-16 --hf-repo eturok-weizmann/laser-vibrations --source-dir-name cube-8x0y_0100--31-03-18-19-43 --sample-id 527 --stage pre_segment --overwrite --remote-audio-path /home/ethantu/tmp/chirp_50_1000_3.0sec.wav'""]' returned non-zero exit status 255.","Traceback (most recent call last):
  File ""/Users/eitanturok/good-vibrations/scripts/backfill_batch.py"", line 317, in _run_batch
    wrap_cmd = (
                ^
  File ""/Users/eitanturok/good-vibrations/scripts/backfill_batch.py"", line 245, in process_sample
    f""# Config files always re-uploaded (content may have changed)\n""
    ^^^^^^^^^^^^^^^^^^^^^^^^^^^
  File ""/Users/eitanturok/.local/share/uv/python/cpython-3.12.5-macos-aarch64-none/lib/python3.12/concurrent/futures/_base.py"", line 456, in result
    return self.__get_result()
           ^^^^^^^^^^^^^^^^^^^
  File ""/Users/eitanturok/.local/share/uv/python/cpython-3.12.5-macos-aarch64-none/lib/python3.12/concurrent/futures/_base.py"", line 401, in __get_result
    raise self._exception
  File ""/Users/eitanturok/.local/share/uv/python/cpython-3.12.5-macos-aarch64-none/lib/python3.12/concurrent/futures/thread.py"", line 58, in run
    result = self.fn(*self.args, **self.kwargs)
             ^^^^^^^^^^^^^^^^^^^^^^^^^^^^^^^^^^
  File ""/Users/eitanturok/good-vibrations/scripts/backfill_batch.py"", line 121, in _run_remote_stage
    REMOTE_SCRIPT, ""--remote-worker"",
  File ""/Users/eitanturok/good-vibrations/scripts/backfill_batch.py"", line 64, in _ssh_run
    # ── SSH helpers ───────────────────────────────────────────────────────────────
       ^^^^^^^^^^^^^^^^^^^^^^^^^^^^^^^^^^^^^^^^^^^^^^^^^^^^^^^^^^^^^^^^^^^^^^^^^^^^^
  File ""/Users/eitanturok/.local/share/uv/python/cpython-3.12.5-macos-aarch64-none/lib/python3.12/subprocess.py"", line 571, in run
    raise CalledProcessError(retcode, process.args,
subprocess.CalledProcessError: Command '['ssh', 'ethantu@mcluster11.wisdom.weizmann.ac.il', ""bash -lc '$HOME/venvs/experiment16-migrate/bin/python /home/ethantu/tmp/migrate_experiment15_to_16_one.py --remote-worker --old-dir /net/mraid20/ifs/wisdom/groups/mark_sheinin_lab/DATA/experiment-15 --new-dir /net/mraid20/ifs/wisdom/groups/mark_sheinin_lab/DATA/experiment-16 --hf-repo eturok-weizmann/laser-vibrations --source-dir-name cube-8x0y_0100--31-03-18-19-43 --sample-id 527 --stage pre_segment --overwrite --remote-audio-path /home/ethantu/tmp/chirp_50_1000_3.0sec.wav'""]' returned non-zero exit status 255.
",2026-04-26T05:52:56.273728,ssh_or_remote_failure,cube-8x0y,31-03-18-19-43,cube,grid_single,1,False,False,False,False,0100,8.0,0.0,,,,,,,,,,,,,,,,,,,,,False,False,False,False,False,False,False,False,False,False,False,False,False
cube-8x0y_1000--31-03-18-19-41,528,"Command '['ssh', 'ethantu@mcluster11.wisdom.weizmann.ac.il', ""bash -lc '$HOME/venvs/experiment16-migrate/bin/python /home/ethantu/tmp/migrate_experiment15_to_16_one.py --remote-worker --old-dir /net/mraid20/ifs/wisdom/groups/mark_sheinin_lab/DATA/experiment-15 --new-dir /net/mraid20/ifs/wisdom/groups/mark_sheinin_lab/DATA/experiment-16 --hf-repo eturok-weizmann/laser-vibrations --source-dir-name cube-8x0y_1000--31-03-18-19-41 --sample-id 528 --stage pre_segment --overwrite --remote-audio-path /home/ethantu/tmp/chirp_50_1000_3.0sec.wav'""]' returned non-zero exit status 255.","Traceback (most recent call last):
  File ""/Users/eitanturok/good-vibrations/scripts/backfill_batch.py"", line 317, in _run_batch
    wrap_cmd = (
                ^
  File ""/Users/eitanturok/good-vibrations/scripts/backfill_batch.py"", line 245, in process_sample
    f""# Config files always re-uploaded (content may have changed)\n""
    ^^^^^^^^^^^^^^^^^^^^^^^^^^^
  File ""/Users/eitanturok/.local/share/uv/python/cpython-3.12.5-macos-aarch64-none/lib/python3.12/concurrent/futures/_base.py"", line 456, in result
    return self.__get_result()
           ^^^^^^^^^^^^^^^^^^^
  File ""/Users/eitanturok/.local/share/uv/python/cpython-3.12.5-macos-aarch64-none/lib/python3.12/concurrent/futures/_base.py"", line 401, in __get_result
    raise self._exception
  File ""/Users/eitanturok/.local/share/uv/python/cpython-3.12.5-macos-aarch64-none/lib/python3.12/concurrent/futures/thread.py"", line 58, in run
    result = self.fn(*self.args, **self.kwargs)
             ^^^^^^^^^^^^^^^^^^^^^^^^^^^^^^^^^^
  File ""/Users/eitanturok/good-vibrations/scripts/backfill_batch.py"", line 121, in _run_remote_stage
    REMOTE_SCRIPT, ""--remote-worker"",
  File ""/Users/eitanturok/good-vibrations/scripts/backfill_batch.py"", line 64, in _ssh_run
    # ── SSH helpers ───────────────────────────────────────────────────────────────
       ^^^^^^^^^^^^^^^^^^^^^^^^^^^^^^^^^^^^^^^^^^^^^^^^^^^^^^^^^^^^^^^^^^^^^^^^^^^^^
  File ""/Users/eitanturok/.local/share/uv/python/cpython-3.12.5-macos-aarch64-none/lib/python3.12/subprocess.py"", line 571, in run
    raise CalledProcessError(retcode, process.args,
subprocess.CalledProcessError: Command '['ssh', 'ethantu@mcluster11.wisdom.weizmann.ac.il', ""bash -lc '$HOME/venvs/experiment16-migrate/bin/python /home/ethantu/tmp/migrate_experiment15_to_16_one.py --remote-worker --old-dir /net/mraid20/ifs/wisdom/groups/mark_sheinin_lab/DATA/experiment-15 --new-dir /net/mraid20/ifs/wisdom/groups/mark_sheinin_lab/DATA/experiment-16 --hf-repo eturok-weizmann/laser-vibrations --source-dir-name cube-8x0y_1000--31-03-18-19-41 --sample-id 528 --stage pre_segment --overwrite --remote-audio-path /home/ethantu/tmp/chirp_50_1000_3.0sec.wav'""]' returned non-zero exit status 255.
",2026-04-26T05:52:56.303146,ssh_or_remote_failure,cube-8x0y,31-03-18-19-41,cube,grid_single,1,False,False,False,False,1000,8.0,0.0,,,,,,,,,,,,,,,,,,,,,False,False,False,False,False,False,False,False,False,False,False,False,False
cube-8x11y_0001--31-03-20-41-19,529,"Command '['ssh', 'ethantu@mcluster11.wisdom.weizmann.ac.il', ""bash -lc '$HOME/venvs/experiment16-migrate/bin/python /home/ethantu/tmp/migrate_experiment15_to_16_one.py --remote-worker --old-dir /net/mraid20/ifs/wisdom/groups/mark_sheinin_lab/DATA/experiment-15 --new-dir /net/mraid20/ifs/wisdom/groups/mark_sheinin_lab/DATA/experiment-16 --hf-repo eturok-weizmann/laser-vibrations --source-dir-name cube-8x11y_0001--31-03-20-41-19 --sample-id 529 --stage pre_segment --overwrite --remote-audio-path /home/ethantu/tmp/chirp_50_1000_3.0sec.wav'""]' returned non-zero exit status 255.","Traceback (most recent call last):
  File ""/Users/eitanturok/good-vibrations/scripts/backfill_batch.py"", line 317, in _run_batch
    wrap_cmd = (
                ^
  File ""/Users/eitanturok/good-vibrations/scripts/backfill_batch.py"", line 245, in process_sample
    f""# Config files always re-uploaded (content may have changed)\n""
    ^^^^^^^^^^^^^^^^^^^^^^^^^^^
  File ""/Users/eitanturok/.local/share/uv/python/cpython-3.12.5-macos-aarch64-none/lib/python3.12/concurrent/futures/_base.py"", line 456, in result
    return self.__get_result()
           ^^^^^^^^^^^^^^^^^^^
  File ""/Users/eitanturok/.local/share/uv/python/cpython-3.12.5-macos-aarch64-none/lib/python3.12/concurrent/futures/_base.py"", line 401, in __get_result
    raise self._exception
  File ""/Users/eitanturok/.local/share/uv/python/cpython-3.12.5-macos-aarch64-none/lib/python3.12/concurrent/futures/thread.py"", line 58, in run
    result = self.fn(*self.args, **self.kwargs)
             ^^^^^^^^^^^^^^^^^^^^^^^^^^^^^^^^^^
  File ""/Users/eitanturok/good-vibrations/scripts/backfill_batch.py"", line 121, in _run_remote_stage
    REMOTE_SCRIPT, ""--remote-worker"",
  File ""/Users/eitanturok/good-vibrations/scripts/backfill_batch.py"", line 64, in _ssh_run
    # ── SSH helpers ───────────────────────────────────────────────────────────────
       ^^^^^^^^^^^^^^^^^^^^^^^^^^^^^^^^^^^^^^^^^^^^^^^^^^^^^^^^^^^^^^^^^^^^^^^^^^^^^
  File ""/Users/eitanturok/.local/share/uv/python/cpython-3.12.5-macos-aarch64-none/lib/python3.12/subprocess.py"", line 571, in run
    raise CalledProcessError(retcode, process.args,
subprocess.CalledProcessError: Command '['ssh', 'ethantu@mcluster11.wisdom.weizmann.ac.il', ""bash -lc '$HOME/venvs/experiment16-migrate/bin/python /home/ethantu/tmp/migrate_experiment15_to_16_one.py --remote-worker --old-dir /net/mraid20/ifs/wisdom/groups/mark_sheinin_lab/DATA/experiment-15 --new-dir /net/mraid20/ifs/wisdom/groups/mark_sheinin_lab/DATA/experiment-16 --hf-repo eturok-weizmann/laser-vibrations --source-dir-name cube-8x11y_0001--31-03-20-41-19 --sample-id 529 --stage pre_segment --overwrite --remote-audio-path /home/ethantu/tmp/chirp_50_1000_3.0sec.wav'""]' returned non-zero exit status 255.
",2026-04-26T05:52:56.325392,ssh_or_remote_failure,cube-8x11y,31-03-20-41-19,cube,grid_single,1,False,False,False,False,0001,8.0,11.0,,,,,,,,,,,,,,,,,,,,,False,False,False,False,False,False,False,False,False,False,False,False,False
cube-8x11y_0010--31-03-20-41-18,530,"Command '['ssh', 'ethantu@mcluster11.wisdom.weizmann.ac.il', ""bash -lc '$HOME/venvs/experiment16-migrate/bin/python /home/ethantu/tmp/migrate_experiment15_to_16_one.py --remote-worker --old-dir /net/mraid20/ifs/wisdom/groups/mark_sheinin_lab/DATA/experiment-15 --new-dir /net/mraid20/ifs/wisdom/groups/mark_sheinin_lab/DATA/experiment-16 --hf-repo eturok-weizmann/laser-vibrations --source-dir-name cube-8x11y_0010--31-03-20-41-18 --sample-id 530 --stage pre_segment --overwrite --remote-audio-path /home/ethantu/tmp/chirp_50_1000_3.0sec.wav'""]' returned non-zero exit status 255.","Traceback (most recent call last):
  File ""/Users/eitanturok/good-vibrations/scripts/backfill_batch.py"", line 317, in _run_batch
    wrap_cmd = (
                ^
  File ""/Users/eitanturok/good-vibrations/scripts/backfill_batch.py"", line 245, in process_sample
    f""# Config files always re-uploaded (content may have changed)\n""
    ^^^^^^^^^^^^^^^^^^^^^^^^^^^
  File ""/Users/eitanturok/.local/share/uv/python/cpython-3.12.5-macos-aarch64-none/lib/python3.12/concurrent/futures/_base.py"", line 456, in result
    return self.__get_result()
           ^^^^^^^^^^^^^^^^^^^
  File ""/Users/eitanturok/.local/share/uv/python/cpython-3.12.5-macos-aarch64-none/lib/python3.12/concurrent/futures/_base.py"", line 401, in __get_result
    raise self._exception
  File ""/Users/eitanturok/.local/share/uv/python/cpython-3.12.5-macos-aarch64-none/lib/python3.12/concurrent/futures/thread.py"", line 58, in run
    result = self.fn(*self.args, **self.kwargs)
             ^^^^^^^^^^^^^^^^^^^^^^^^^^^^^^^^^^
  File ""/Users/eitanturok/good-vibrations/scripts/backfill_batch.py"", line 121, in _run_remote_stage
    REMOTE_SCRIPT, ""--remote-worker"",
  File ""/Users/eitanturok/good-vibrations/scripts/backfill_batch.py"", line 64, in _ssh_run
    # ── SSH helpers ───────────────────────────────────────────────────────────────
       ^^^^^^^^^^^^^^^^^^^^^^^^^^^^^^^^^^^^^^^^^^^^^^^^^^^^^^^^^^^^^^^^^^^^^^^^^^^^^
  File ""/Users/eitanturok/.local/share/uv/python/cpython-3.12.5-macos-aarch64-none/lib/python3.12/subprocess.py"", line 571, in run
    raise CalledProcessError(retcode, process.args,
subprocess.CalledProcessError: Command '['ssh', 'ethantu@mcluster11.wisdom.weizmann.ac.il', ""bash -lc '$HOME/venvs/experiment16-migrate/bin/python /home/ethantu/tmp/migrate_experiment15_to_16_one.py --remote-worker --old-dir /net/mraid20/ifs/wisdom/groups/mark_sheinin_lab/DATA/experiment-15 --new-dir /net/mraid20/ifs/wisdom/groups/mark_sheinin_lab/DATA/experiment-16 --hf-repo eturok-weizmann/laser-vibrations --source-dir-name cube-8x11y_0010--31-03-20-41-18 --sample-id 530 --stage pre_segment --overwrite --remote-audio-path /home/ethantu/tmp/chirp_50_1000_3.0sec.wav'""]' returned non-zero exit status 255.
",2026-04-26T05:52:56.365669,ssh_or_remote_failure,cube-8x11y,31-03-20-41-18,cube,grid_single,1,False,False,False,False,0010,8.0,11.0,,,,,,,,,,,,,,,,,,,,,False,False,False,False,False,False,False,False,False,False,False,False,False
cube-8x11y_0100--31-03-20-41-16,531,"Command '['ssh', 'ethantu@mcluster11.wisdom.weizmann.ac.il', ""bash -lc '$HOME/venvs/experiment16-migrate/bin/python /home/ethantu/tmp/migrate_experiment15_to_16_one.py --remote-worker --old-dir /net/mraid20/ifs/wisdom/groups/mark_sheinin_lab/DATA/experiment-15 --new-dir /net/mraid20/ifs/wisdom/groups/mark_sheinin_lab/DATA/experiment-16 --hf-repo eturok-weizmann/laser-vibrations --source-dir-name cube-8x11y_0100--31-03-20-41-16 --sample-id 531 --stage pre_segment --overwrite --remote-audio-path /home/ethantu/tmp/chirp_50_1000_3.0sec.wav'""]' returned non-zero exit status 255.","Traceback (most recent call last):
  File ""/Users/eitanturok/good-vibrations/scripts/backfill_batch.py"", line 317, in _run_batch
    wrap_cmd = (
                ^
  File ""/Users/eitanturok/good-vibrations/scripts/backfill_batch.py"", line 245, in process_sample
    f""# Config files always re-uploaded (content may have changed)\n""
    ^^^^^^^^^^^^^^^^^^^^^^^^^^^
  File ""/Users/eitanturok/.local/share/uv/python/cpython-3.12.5-macos-aarch64-none/lib/python3.12/concurrent/futures/_base.py"", line 456, in result
    return self.__get_result()
           ^^^^^^^^^^^^^^^^^^^
  File ""/Users/eitanturok/.local/share/uv/python/cpython-3.12.5-macos-aarch64-none/lib/python3.12/concurrent/futures/_base.py"", line 401, in __get_result
    raise self._exception
  File ""/Users/eitanturok/.local/share/uv/python/cpython-3.12.5-macos-aarch64-none/lib/python3.12/concurrent/futures/thread.py"", line 58, in run
    result = self.fn(*self.args, **self.kwargs)
             ^^^^^^^^^^^^^^^^^^^^^^^^^^^^^^^^^^
  File ""/Users/eitanturok/good-vibrations/scripts/backfill_batch.py"", line 121, in _run_remote_stage
    REMOTE_SCRIPT, ""--remote-worker"",
  File ""/Users/eitanturok/good-vibrations/scripts/backfill_batch.py"", line 64, in _ssh_run
    # ── SSH helpers ───────────────────────────────────────────────────────────────
       ^^^^^^^^^^^^^^^^^^^^^^^^^^^^^^^^^^^^^^^^^^^^^^^^^^^^^^^^^^^^^^^^^^^^^^^^^^^^^
  File ""/Users/eitanturok/.local/share/uv/python/cpython-3.12.5-macos-aarch64-none/lib/python3.12/subprocess.py"", line 571, in run
    raise CalledProcessError(retcode, process.args,
subprocess.CalledProcessError: Command '['ssh', 'ethantu@mcluster11.wisdom.weizmann.ac.il', ""bash -lc '$HOME/venvs/experiment16-migrate/bin/python /home/ethantu/tmp/migrate_experiment15_to_16_one.py --remote-worker --old-dir /net/mraid20/ifs/wisdom/groups/mark_sheinin_lab/DATA/experiment-15 --new-dir /net/mraid20/ifs/wisdom/groups/mark_sheinin_lab/DATA/experiment-16 --hf-repo eturok-weizmann/laser-vibrations --source-dir-name cube-8x11y_0100--31-03-20-41-16 --sample-id 531 --stage pre_segment --overwrite --remote-audio-path /home/ethantu/tmp/chirp_50_1000_3.0sec.wav'""]' returned non-zero exit status 255.
",2026-04-26T05:52:56.407415,ssh_or_remote_failure,cube-8x11y,31-03-20-41-16,cube,grid_single,1,False,False,False,False,0100,8.0,11.0,,,,,,,,,,,,,,,,,,,,,False,False,False,False,False,False,False,False,False,False,False,False,False
cube-8x11y_1000--31-03-20-41-14,532,"Command '['ssh', 'ethantu@mcluster11.wisdom.weizmann.ac.il', ""bash -lc '$HOME/venvs/experiment16-migrate/bin/python /home/ethantu/tmp/migrate_experiment15_to_16_one.py --remote-worker --old-dir /net/mraid20/ifs/wisdom/groups/mark_sheinin_lab/DATA/experiment-15 --new-dir /net/mraid20/ifs/wisdom/groups/mark_sheinin_lab/DATA/experiment-16 --hf-repo eturok-weizmann/laser-vibrations --source-dir-name cube-8x11y_1000--31-03-20-41-14 --sample-id 532 --stage pre_segment --overwrite --remote-audio-path /home/ethantu/tmp/chirp_50_1000_3.0sec.wav'""]' returned non-zero exit status 255.","Traceback (most recent call last):
  File ""/Users/eitanturok/good-vibrations/scripts/backfill_batch.py"", line 317, in _run_batch
    wrap_cmd = (
                ^
  File ""/Users/eitanturok/good-vibrations/scripts/backfill_batch.py"", line 245, in process_sample
    f""# Config files always re-uploaded (content may have changed)\n""
    ^^^^^^^^^^^^^^^^^^^^^^^^^^^
  File ""/Users/eitanturok/.local/share/uv/python/cpython-3.12.5-macos-aarch64-none/lib/python3.12/concurrent/futures/_base.py"", line 456, in result
    return self.__get_result()
           ^^^^^^^^^^^^^^^^^^^
  File ""/Users/eitanturok/.local/share/uv/python/cpython-3.12.5-macos-aarch64-none/lib/python3.12/concurrent/futures/_base.py"", line 401, in __get_result
    raise self._exception
  File ""/Users/eitanturok/.local/share/uv/python/cpython-3.12.5-macos-aarch64-none/lib/python3.12/concurrent/futures/thread.py"", line 58, in run
    result = self.fn(*self.args, **self.kwargs)
             ^^^^^^^^^^^^^^^^^^^^^^^^^^^^^^^^^^
  File ""/Users/eitanturok/good-vibrations/scripts/backfill_batch.py"", line 121, in _run_remote_stage
    REMOTE_SCRIPT, ""--remote-worker"",
  File ""/Users/eitanturok/good-vibrations/scripts/backfill_batch.py"", line 64, in _ssh_run
    # ── SSH helpers ───────────────────────────────────────────────────────────────
       ^^^^^^^^^^^^^^^^^^^^^^^^^^^^^^^^^^^^^^^^^^^^^^^^^^^^^^^^^^^^^^^^^^^^^^^^^^^^^
  File ""/Users/eitanturok/.local/share/uv/python/cpython-3.12.5-macos-aarch64-none/lib/python3.12/subprocess.py"", line 571, in run
    raise CalledProcessError(retcode, process.args,
subprocess.CalledProcessError: Command '['ssh', 'ethantu@mcluster11.wisdom.weizmann.ac.il', ""bash -lc '$HOME/venvs/experiment16-migrate/bin/python /home/ethantu/tmp/migrate_experiment15_to_16_one.py --remote-worker --old-dir /net/mraid20/ifs/wisdom/groups/mark_sheinin_lab/DATA/experiment-15 --new-dir /net/mraid20/ifs/wisdom/groups/mark_sheinin_lab/DATA/experiment-16 --hf-repo eturok-weizmann/laser-vibrations --source-dir-name cube-8x11y_1000--31-03-20-41-14 --sample-id 532 --stage pre_segment --overwrite --remote-audio-path /home/ethantu/tmp/chirp_50_1000_3.0sec.wav'""]' returned non-zero exit status 255.
",2026-04-26T05:52:56.447237,ssh_or_remote_failure,cube-8x11y,31-03-20-41-14,cube,grid_single,1,False,False,False,False,1000,8.0,11.0,,,,,,,,,,,,,,,,,,,,,False,False,False,False,False,False,False,False,False,False,False,False,False
cube-9x11y_0001--31-03-20-41-48,533,"Command '['ssh', 'ethantu@mcluster11.wisdom.weizmann.ac.il', ""bash -lc '$HOME/venvs/experiment16-migrate/bin/python /home/ethantu/tmp/migrate_experiment15_to_16_one.py --remote-worker --old-dir /net/mraid20/ifs/wisdom/groups/mark_sheinin_lab/DATA/experiment-15 --new-dir /net/mraid20/ifs/wisdom/groups/mark_sheinin_lab/DATA/experiment-16 --hf-repo eturok-weizmann/laser-vibrations --source-dir-name cube-9x11y_0001--31-03-20-41-48 --sample-id 533 --stage pre_segment --overwrite --remote-audio-path /home/ethantu/tmp/chirp_50_1000_3.0sec.wav'""]' returned non-zero exit status 255.","Traceback (most recent call last):
  File ""/Users/eitanturok/good-vibrations/scripts/backfill_batch.py"", line 317, in _run_batch
    wrap_cmd = (
                ^
  File ""/Users/eitanturok/good-vibrations/scripts/backfill_batch.py"", line 245, in process_sample
    f""# Config files always re-uploaded (content may have changed)\n""
    ^^^^^^^^^^^^^^^^^^^^^^^^^^^
  File ""/Users/eitanturok/.local/share/uv/python/cpython-3.12.5-macos-aarch64-none/lib/python3.12/concurrent/futures/_base.py"", line 456, in result
    return self.__get_result()
           ^^^^^^^^^^^^^^^^^^^
  File ""/Users/eitanturok/.local/share/uv/python/cpython-3.12.5-macos-aarch64-none/lib/python3.12/concurrent/futures/_base.py"", line 401, in __get_result
    raise self._exception
  File ""/Users/eitanturok/.local/share/uv/python/cpython-3.12.5-macos-aarch64-none/lib/python3.12/concurrent/futures/thread.py"", line 58, in run
    result = self.fn(*self.args, **self.kwargs)
             ^^^^^^^^^^^^^^^^^^^^^^^^^^^^^^^^^^
  File ""/Users/eitanturok/good-vibrations/scripts/backfill_batch.py"", line 121, in _run_remote_stage
    REMOTE_SCRIPT, ""--remote-worker"",
  File ""/Users/eitanturok/good-vibrations/scripts/backfill_batch.py"", line 64, in _ssh_run
    # ── SSH helpers ───────────────────────────────────────────────────────────────
       ^^^^^^^^^^^^^^^^^^^^^^^^^^^^^^^^^^^^^^^^^^^^^^^^^^^^^^^^^^^^^^^^^^^^^^^^^^^^^
  File ""/Users/eitanturok/.local/share/uv/python/cpython-3.12.5-macos-aarch64-none/lib/python3.12/subprocess.py"", line 571, in run
    raise CalledProcessError(retcode, process.args,
subprocess.CalledProcessError: Command '['ssh', 'ethantu@mcluster11.wisdom.weizmann.ac.il', ""bash -lc '$HOME/venvs/experiment16-migrate/bin/python /home/ethantu/tmp/migrate_experiment15_to_16_one.py --remote-worker --old-dir /net/mraid20/ifs/wisdom/groups/mark_sheinin_lab/DATA/experiment-15 --new-dir /net/mraid20/ifs/wisdom/groups/mark_sheinin_lab/DATA/experiment-16 --hf-repo eturok-weizmann/laser-vibrations --source-dir-name cube-9x11y_0001--31-03-20-41-48 --sample-id 533 --stage pre_segment --overwrite --remote-audio-path /home/ethantu/tmp/chirp_50_1000_3.0sec.wav'""]' returned non-zero exit status 255.
",2026-04-26T05:52:56.467069,ssh_or_remote_failure,cube-9x11y,31-03-20-41-48,cube,grid_single,1,False,False,False,False,0001,9.0,11.0,,,,,,,,,,,,,,,,,,,,,False,False,False,False,False,False,False,False,False,False,False,False,False
cube-9x11y_0010--31-03-20-41-46,534,"Command '['ssh', 'ethantu@mcluster11.wisdom.weizmann.ac.il', ""bash -lc '$HOME/venvs/experiment16-migrate/bin/python /home/ethantu/tmp/migrate_experiment15_to_16_one.py --remote-worker --old-dir /net/mraid20/ifs/wisdom/groups/mark_sheinin_lab/DATA/experiment-15 --new-dir /net/mraid20/ifs/wisdom/groups/mark_sheinin_lab/DATA/experiment-16 --hf-repo eturok-weizmann/laser-vibrations --source-dir-name cube-9x11y_0010--31-03-20-41-46 --sample-id 534 --stage pre_segment --overwrite --remote-audio-path /home/ethantu/tmp/chirp_50_1000_3.0sec.wav'""]' returned non-zero exit status 255.","Traceback (most recent call last):
  File ""/Users/eitanturok/good-vibrations/scripts/backfill_batch.py"", line 317, in _run_batch
    wrap_cmd = (
                ^
  File ""/Users/eitanturok/good-vibrations/scripts/backfill_batch.py"", line 245, in process_sample
    f""# Config files always re-uploaded (content may have changed)\n""
    ^^^^^^^^^^^^^^^^^^^^^^^^^^^
  File ""/Users/eitanturok/.local/share/uv/python/cpython-3.12.5-macos-aarch64-none/lib/python3.12/concurrent/futures/_base.py"", line 456, in result
    return self.__get_result()
           ^^^^^^^^^^^^^^^^^^^
  File ""/Users/eitanturok/.local/share/uv/python/cpython-3.12.5-macos-aarch64-none/lib/python3.12/concurrent/futures/_base.py"", line 401, in __get_result
    raise self._exception
  File ""/Users/eitanturok/.local/share/uv/python/cpython-3.12.5-macos-aarch64-none/lib/python3.12/concurrent/futures/thread.py"", line 58, in run
    result = self.fn(*self.args, **self.kwargs)
             ^^^^^^^^^^^^^^^^^^^^^^^^^^^^^^^^^^
  File ""/Users/eitanturok/good-vibrations/scripts/backfill_batch.py"", line 121, in _run_remote_stage
    REMOTE_SCRIPT, ""--remote-worker"",
  File ""/Users/eitanturok/good-vibrations/scripts/backfill_batch.py"", line 64, in _ssh_run
    # ── SSH helpers ───────────────────────────────────────────────────────────────
       ^^^^^^^^^^^^^^^^^^^^^^^^^^^^^^^^^^^^^^^^^^^^^^^^^^^^^^^^^^^^^^^^^^^^^^^^^^^^^
  File ""/Users/eitanturok/.local/share/uv/python/cpython-3.12.5-macos-aarch64-none/lib/python3.12/subprocess.py"", line 571, in run
    raise CalledProcessError(retcode, process.args,
subprocess.CalledProcessError: Command '['ssh', 'ethantu@mcluster11.wisdom.weizmann.ac.il', ""bash -lc '$HOME/venvs/experiment16-migrate/bin/python /home/ethantu/tmp/migrate_experiment15_to_16_one.py --remote-worker --old-dir /net/mraid20/ifs/wisdom/groups/mark_sheinin_lab/DATA/experiment-15 --new-dir /net/mraid20/ifs/wisdom/groups/mark_sheinin_lab/DATA/experiment-16 --hf-repo eturok-weizmann/laser-vibrations --source-dir-name cube-9x11y_0010--31-03-20-41-46 --sample-id 534 --stage pre_segment --overwrite --remote-audio-path /home/ethantu/tmp/chirp_50_1000_3.0sec.wav'""]' returned non-zero exit status 255.
",2026-04-26T05:52:56.486122,ssh_or_remote_failure,cube-9x11y,31-03-20-41-46,cube,grid_single,1,False,False,False,False,0010,9.0,11.0,,,,,,,,,,,,,,,,,,,,,False,False,False,False,False,False,False,False,False,False,False,False,False
cube-9x11y_0100--31-03-20-41-44,535,"Command '['ssh', 'ethantu@mcluster11.wisdom.weizmann.ac.il', ""bash -lc '$HOME/venvs/experiment16-migrate/bin/python /home/ethantu/tmp/migrate_experiment15_to_16_one.py --remote-worker --old-dir /net/mraid20/ifs/wisdom/groups/mark_sheinin_lab/DATA/experiment-15 --new-dir /net/mraid20/ifs/wisdom/groups/mark_sheinin_lab/DATA/experiment-16 --hf-repo eturok-weizmann/laser-vibrations --source-dir-name cube-9x11y_0100--31-03-20-41-44 --sample-id 535 --stage pre_segment --overwrite --remote-audio-path /home/ethantu/tmp/chirp_50_1000_3.0sec.wav'""]' returned non-zero exit status 255.","Traceback (most recent call last):
  File ""/Users/eitanturok/good-vibrations/scripts/backfill_batch.py"", line 317, in _run_batch
    wrap_cmd = (
                ^
  File ""/Users/eitanturok/good-vibrations/scripts/backfill_batch.py"", line 245, in process_sample
    f""# Config files always re-uploaded (content may have changed)\n""
    ^^^^^^^^^^^^^^^^^^^^^^^^^^^
  File ""/Users/eitanturok/.local/share/uv/python/cpython-3.12.5-macos-aarch64-none/lib/python3.12/concurrent/futures/_base.py"", line 456, in result
    return self.__get_result()
           ^^^^^^^^^^^^^^^^^^^
  File ""/Users/eitanturok/.local/share/uv/python/cpython-3.12.5-macos-aarch64-none/lib/python3.12/concurrent/futures/_base.py"", line 401, in __get_result
    raise self._exception
  File ""/Users/eitanturok/.local/share/uv/python/cpython-3.12.5-macos-aarch64-none/lib/python3.12/concurrent/futures/thread.py"", line 58, in run
    result = self.fn(*self.args, **self.kwargs)
             ^^^^^^^^^^^^^^^^^^^^^^^^^^^^^^^^^^
  File ""/Users/eitanturok/good-vibrations/scripts/backfill_batch.py"", line 121, in _run_remote_stage
    REMOTE_SCRIPT, ""--remote-worker"",
  File ""/Users/eitanturok/good-vibrations/scripts/backfill_batch.py"", line 64, in _ssh_run
    # ── SSH helpers ───────────────────────────────────────────────────────────────
       ^^^^^^^^^^^^^^^^^^^^^^^^^^^^^^^^^^^^^^^^^^^^^^^^^^^^^^^^^^^^^^^^^^^^^^^^^^^^^
  File ""/Users/eitanturok/.local/share/uv/python/cpython-3.12.5-macos-aarch64-none/lib/python3.12/subprocess.py"", line 571, in run
    raise CalledProcessError(retcode, process.args,
subprocess.CalledProcessError: Command '['ssh', 'ethantu@mcluster11.wisdom.weizmann.ac.il', ""bash -lc '$HOME/venvs/experiment16-migrate/bin/python /home/ethantu/tmp/migrate_experiment15_to_16_one.py --remote-worker --old-dir /net/mraid20/ifs/wisdom/groups/mark_sheinin_lab/DATA/experiment-15 --new-dir /net/mraid20/ifs/wisdom/groups/mark_sheinin_lab/DATA/experiment-16 --hf-repo eturok-weizmann/laser-vibrations --source-dir-name cube-9x11y_0100--31-03-20-41-44 --sample-id 535 --stage pre_segment --overwrite --remote-audio-path /home/ethantu/tmp/chirp_50_1000_3.0sec.wav'""]' returned non-zero exit status 255.
",2026-04-26T05:52:56.508701,ssh_or_remote_failure,cube-9x11y,31-03-20-41-44,cube,grid_single,1,False,False,False,False,0100,9.0,11.0,,,,,,,,,,,,,,,,,,,,,False,False,False,False,False,False,False,False,False,False,False,False,False
cube-9x11y_1000--31-03-20-41-42,536,"Command '['ssh', 'ethantu@mcluster11.wisdom.weizmann.ac.il', ""bash -lc '$HOME/venvs/experiment16-migrate/bin/python /home/ethantu/tmp/migrate_experiment15_to_16_one.py --remote-worker --old-dir /net/mraid20/ifs/wisdom/groups/mark_sheinin_lab/DATA/experiment-15 --new-dir /net/mraid20/ifs/wisdom/groups/mark_sheinin_lab/DATA/experiment-16 --hf-repo eturok-weizmann/laser-vibrations --source-dir-name cube-9x11y_1000--31-03-20-41-42 --sample-id 536 --stage pre_segment --overwrite --remote-audio-path /home/ethantu/tmp/chirp_50_1000_3.0sec.wav'""]' returned non-zero exit status 255.","Traceback (most recent call last):
  File ""/Users/eitanturok/good-vibrations/scripts/backfill_batch.py"", line 317, in _run_batch
    wrap_cmd = (
                ^
  File ""/Users/eitanturok/good-vibrations/scripts/backfill_batch.py"", line 245, in process_sample
    f""# Config files always re-uploaded (content may have changed)\n""
    ^^^^^^^^^^^^^^^^^^^^^^^^^^^
  File ""/Users/eitanturok/.local/share/uv/python/cpython-3.12.5-macos-aarch64-none/lib/python3.12/concurrent/futures/_base.py"", line 456, in result
    return self.__get_result()
           ^^^^^^^^^^^^^^^^^^^
  File ""/Users/eitanturok/.local/share/uv/python/cpython-3.12.5-macos-aarch64-none/lib/python3.12/concurrent/futures/_base.py"", line 401, in __get_result
    raise self._exception
  File ""/Users/eitanturok/.local/share/uv/python/cpython-3.12.5-macos-aarch64-none/lib/python3.12/concurrent/futures/thread.py"", line 58, in run
    result = self.fn(*self.args, **self.kwargs)
             ^^^^^^^^^^^^^^^^^^^^^^^^^^^^^^^^^^
  File ""/Users/eitanturok/good-vibrations/scripts/backfill_batch.py"", line 121, in _run_remote_stage
    REMOTE_SCRIPT, ""--remote-worker"",
  File ""/Users/eitanturok/good-vibrations/scripts/backfill_batch.py"", line 64, in _ssh_run
    # ── SSH helpers ───────────────────────────────────────────────────────────────
       ^^^^^^^^^^^^^^^^^^^^^^^^^^^^^^^^^^^^^^^^^^^^^^^^^^^^^^^^^^^^^^^^^^^^^^^^^^^^^
  File ""/Users/eitanturok/.local/share/uv/python/cpython-3.12.5-macos-aarch64-none/lib/python3.12/subprocess.py"", line 571, in run
    raise CalledProcessError(retcode, process.args,
subprocess.CalledProcessError: Command '['ssh', 'ethantu@mcluster11.wisdom.weizmann.ac.il', ""bash -lc '$HOME/venvs/experiment16-migrate/bin/python /home/ethantu/tmp/migrate_experiment15_to_16_one.py --remote-worker --old-dir /net/mraid20/ifs/wisdom/groups/mark_sheinin_lab/DATA/experiment-15 --new-dir /net/mraid20/ifs/wisdom/groups/mark_sheinin_lab/DATA/experiment-16 --hf-repo eturok-weizmann/laser-vibrations --source-dir-name cube-9x11y_1000--31-03-20-41-42 --sample-id 536 --stage pre_segment --overwrite --remote-audio-path /home/ethantu/tmp/chirp_50_1000_3.0sec.wav'""]' returned non-zero exit status 255.
",2026-04-26T05:52:56.526552,ssh_or_remote_failure,cube-9x11y,31-03-20-41-42,cube,grid_single,1,False,False,False,False,1000,9.0,11.0,,,,,,,,,,,,,,,,,,,,,False,False,False,False,False,False,False,False,False,False,False,False,False
cube-L-01_0001--31-03-21-18-06,537,"Command '['ssh', 'ethantu@mcluster11.wisdom.weizmann.ac.il', ""bash -lc '$HOME/venvs/experiment16-migrate/bin/python /home/ethantu/tmp/migrate_experiment15_to_16_one.py --remote-worker --old-dir /net/mraid20/ifs/wisdom/groups/mark_sheinin_lab/DATA/experiment-15 --new-dir /net/mraid20/ifs/wisdom/groups/mark_sheinin_lab/DATA/experiment-16 --hf-repo eturok-weizmann/laser-vibrations --source-dir-name cube-L-01_0001--31-03-21-18-06 --sample-id 537 --stage pre_segment --overwrite --remote-audio-path /home/ethantu/tmp/chirp_50_1000_3.0sec.wav'""]' returned non-zero exit status 255.","Traceback (most recent call last):
  File ""/Users/eitanturok/good-vibrations/scripts/backfill_batch.py"", line 317, in _run_batch
    wrap_cmd = (
                ^
  File ""/Users/eitanturok/good-vibrations/scripts/backfill_batch.py"", line 245, in process_sample
    f""# Config files always re-uploaded (content may have changed)\n""
    ^^^^^^^^^^^^^^^^^^^^^^^^^^^
  File ""/Users/eitanturok/.local/share/uv/python/cpython-3.12.5-macos-aarch64-none/lib/python3.12/concurrent/futures/_base.py"", line 456, in result
    return self.__get_result()
           ^^^^^^^^^^^^^^^^^^^
  File ""/Users/eitanturok/.local/share/uv/python/cpython-3.12.5-macos-aarch64-none/lib/python3.12/concurrent/futures/_base.py"", line 401, in __get_result
    raise self._exception
  File ""/Users/eitanturok/.local/share/uv/python/cpython-3.12.5-macos-aarch64-none/lib/python3.12/concurrent/futures/thread.py"", line 58, in run
    result = self.fn(*self.args, **self.kwargs)
             ^^^^^^^^^^^^^^^^^^^^^^^^^^^^^^^^^^
  File ""/Users/eitanturok/good-vibrations/scripts/backfill_batch.py"", line 121, in _run_remote_stage
    REMOTE_SCRIPT, ""--remote-worker"",
  File ""/Users/eitanturok/good-vibrations/scripts/backfill_batch.py"", line 64, in _ssh_run
    # ── SSH helpers ───────────────────────────────────────────────────────────────
       ^^^^^^^^^^^^^^^^^^^^^^^^^^^^^^^^^^^^^^^^^^^^^^^^^^^^^^^^^^^^^^^^^^^^^^^^^^^^^
  File ""/Users/eitanturok/.local/share/uv/python/cpython-3.12.5-macos-aarch64-none/lib/python3.12/subprocess.py"", line 571, in run
    raise CalledProcessError(retcode, process.args,
subprocess.CalledProcessError: Command '['ssh', 'ethantu@mcluster11.wisdom.weizmann.ac.il', ""bash -lc '$HOME/venvs/experiment16-migrate/bin/python /home/ethantu/tmp/migrate_experiment15_to_16_one.py --remote-worker --old-dir /net/mraid20/ifs/wisdom/groups/mark_sheinin_lab/DATA/experiment-15 --new-dir /net/mraid20/ifs/wisdom/groups/mark_sheinin_lab/DATA/experiment-16 --hf-repo eturok-weizmann/laser-vibrations --source-dir-name cube-L-01_0001--31-03-21-18-06 --sample-id 537 --stage pre_segment --overwrite --remote-audio-path /home/ethantu/tmp/chirp_50_1000_3.0sec.wav'""]' returned non-zero exit status 255.
",2026-04-26T05:52:56.545089,ssh_or_remote_failure,cube-L-01,31-03-21-18-06,cube,shape_l,1,False,False,False,True,0001,,,,,,,,,,,,,,,,,,,,,,,False,False,False,False,False,False,False,False,False,False,False,False,False
cube-L-01_0010--31-03-21-18-05,538,"Command '['ssh', 'ethantu@mcluster11.wisdom.weizmann.ac.il', ""bash -lc '$HOME/venvs/experiment16-migrate/bin/python /home/ethantu/tmp/migrate_experiment15_to_16_one.py --remote-worker --old-dir /net/mraid20/ifs/wisdom/groups/mark_sheinin_lab/DATA/experiment-15 --new-dir /net/mraid20/ifs/wisdom/groups/mark_sheinin_lab/DATA/experiment-16 --hf-repo eturok-weizmann/laser-vibrations --source-dir-name cube-L-01_0010--31-03-21-18-05 --sample-id 538 --stage pre_segment --overwrite --remote-audio-path /home/ethantu/tmp/chirp_50_1000_3.0sec.wav'""]' returned non-zero exit status 255.","Traceback (most recent call last):
  File ""/Users/eitanturok/good-vibrations/scripts/backfill_batch.py"", line 317, in _run_batch
    wrap_cmd = (
                ^
  File ""/Users/eitanturok/good-vibrations/scripts/backfill_batch.py"", line 245, in process_sample
    f""# Config files always re-uploaded (content may have changed)\n""
    ^^^^^^^^^^^^^^^^^^^^^^^^^^^
  File ""/Users/eitanturok/.local/share/uv/python/cpython-3.12.5-macos-aarch64-none/lib/python3.12/concurrent/futures/_base.py"", line 456, in result
    return self.__get_result()
           ^^^^^^^^^^^^^^^^^^^
  File ""/Users/eitanturok/.local/share/uv/python/cpython-3.12.5-macos-aarch64-none/lib/python3.12/concurrent/futures/_base.py"", line 401, in __get_result
    raise self._exception
  File ""/Users/eitanturok/.local/share/uv/python/cpython-3.12.5-macos-aarch64-none/lib/python3.12/concurrent/futures/thread.py"", line 58, in run
    result = self.fn(*self.args, **self.kwargs)
             ^^^^^^^^^^^^^^^^^^^^^^^^^^^^^^^^^^
  File ""/Users/eitanturok/good-vibrations/scripts/backfill_batch.py"", line 121, in _run_remote_stage
    REMOTE_SCRIPT, ""--remote-worker"",
  File ""/Users/eitanturok/good-vibrations/scripts/backfill_batch.py"", line 64, in _ssh_run
    # ── SSH helpers ───────────────────────────────────────────────────────────────
       ^^^^^^^^^^^^^^^^^^^^^^^^^^^^^^^^^^^^^^^^^^^^^^^^^^^^^^^^^^^^^^^^^^^^^^^^^^^^^
  File ""/Users/eitanturok/.local/share/uv/python/cpython-3.12.5-macos-aarch64-none/lib/python3.12/subprocess.py"", line 571, in run
    raise CalledProcessError(retcode, process.args,
subprocess.CalledProcessError: Command '['ssh', 'ethantu@mcluster11.wisdom.weizmann.ac.il', ""bash -lc '$HOME/venvs/experiment16-migrate/bin/python /home/ethantu/tmp/migrate_experiment15_to_16_one.py --remote-worker --old-dir /net/mraid20/ifs/wisdom/groups/mark_sheinin_lab/DATA/experiment-15 --new-dir /net/mraid20/ifs/wisdom/groups/mark_sheinin_lab/DATA/experiment-16 --hf-repo eturok-weizmann/laser-vibrations --source-dir-name cube-L-01_0010--31-03-21-18-05 --sample-id 538 --stage pre_segment --overwrite --remote-audio-path /home/ethantu/tmp/chirp_50_1000_3.0sec.wav'""]' returned non-zero exit status 255.
",2026-04-26T05:52:56.568065,ssh_or_remote_failure,cube-L-01,31-03-21-18-05,cube,shape_l,1,False,False,False,True,0010,,,,,,,,,,,,,,,,,,,,,,,False,False,False,False,False,False,False,False,False,False,False,False,False
cube-L-01_0100--31-03-21-18-03,539,"Command '['ssh', 'ethantu@mcluster11.wisdom.weizmann.ac.il', ""bash -lc '$HOME/venvs/experiment16-migrate/bin/python /home/ethantu/tmp/migrate_experiment15_to_16_one.py --remote-worker --old-dir /net/mraid20/ifs/wisdom/groups/mark_sheinin_lab/DATA/experiment-15 --new-dir /net/mraid20/ifs/wisdom/groups/mark_sheinin_lab/DATA/experiment-16 --hf-repo eturok-weizmann/laser-vibrations --source-dir-name cube-L-01_0100--31-03-21-18-03 --sample-id 539 --stage pre_segment --overwrite --remote-audio-path /home/ethantu/tmp/chirp_50_1000_3.0sec.wav'""]' returned non-zero exit status 255.","Traceback (most recent call last):
  File ""/Users/eitanturok/good-vibrations/scripts/backfill_batch.py"", line 317, in _run_batch
    wrap_cmd = (
                ^
  File ""/Users/eitanturok/good-vibrations/scripts/backfill_batch.py"", line 245, in process_sample
    f""# Config files always re-uploaded (content may have changed)\n""
    ^^^^^^^^^^^^^^^^^^^^^^^^^^^
  File ""/Users/eitanturok/.local/share/uv/python/cpython-3.12.5-macos-aarch64-none/lib/python3.12/concurrent/futures/_base.py"", line 456, in result
    return self.__get_result()
           ^^^^^^^^^^^^^^^^^^^
  File ""/Users/eitanturok/.local/share/uv/python/cpython-3.12.5-macos-aarch64-none/lib/python3.12/concurrent/futures/_base.py"", line 401, in __get_result
    raise self._exception
  File ""/Users/eitanturok/.local/share/uv/python/cpython-3.12.5-macos-aarch64-none/lib/python3.12/concurrent/futures/thread.py"", line 58, in run
    result = self.fn(*self.args, **self.kwargs)
             ^^^^^^^^^^^^^^^^^^^^^^^^^^^^^^^^^^
  File ""/Users/eitanturok/good-vibrations/scripts/backfill_batch.py"", line 121, in _run_remote_stage
    REMOTE_SCRIPT, ""--remote-worker"",
  File ""/Users/eitanturok/good-vibrations/scripts/backfill_batch.py"", line 64, in _ssh_run
    # ── SSH helpers ───────────────────────────────────────────────────────────────
       ^^^^^^^^^^^^^^^^^^^^^^^^^^^^^^^^^^^^^^^^^^^^^^^^^^^^^^^^^^^^^^^^^^^^^^^^^^^^^
  File ""/Users/eitanturok/.local/share/uv/python/cpython-3.12.5-macos-aarch64-none/lib/python3.12/subprocess.py"", line 571, in run
    raise CalledProcessError(retcode, process.args,
subprocess.CalledProcessError: Command '['ssh', 'ethantu@mcluster11.wisdom.weizmann.ac.il', ""bash -lc '$HOME/venvs/experiment16-migrate/bin/python /home/ethantu/tmp/migrate_experiment15_to_16_one.py --remote-worker --old-dir /net/mraid20/ifs/wisdom/groups/mark_sheinin_lab/DATA/experiment-15 --new-dir /net/mraid20/ifs/wisdom/groups/mark_sheinin_lab/DATA/experiment-16 --hf-repo eturok-weizmann/laser-vibrations --source-dir-name cube-L-01_0100--31-03-21-18-03 --sample-id 539 --stage pre_segment --overwrite --remote-audio-path /home/ethantu/tmp/chirp_50_1000_3.0sec.wav'""]' returned non-zero exit status 255.
",2026-04-26T05:52:56.583104,ssh_or_remote_failure,cube-L-01,31-03-21-18-03,cube,shape_l,1,False,False,False,True,0100,,,,,,,,,,,,,,,,,,,,,,,False,False,False,False,False,False,False,False,False,False,False,False,False
cube-L-01_1000--31-03-21-18-01,540,"Command '['ssh', 'ethantu@mcluster11.wisdom.weizmann.ac.il', ""bash -lc '$HOME/venvs/experiment16-migrate/bin/python /home/ethantu/tmp/migrate_experiment15_to_16_one.py --remote-worker --old-dir /net/mraid20/ifs/wisdom/groups/mark_sheinin_lab/DATA/experiment-15 --new-dir /net/mraid20/ifs/wisdom/groups/mark_sheinin_lab/DATA/experiment-16 --hf-repo eturok-weizmann/laser-vibrations --source-dir-name cube-L-01_1000--31-03-21-18-01 --sample-id 540 --stage pre_segment --overwrite --remote-audio-path /home/ethantu/tmp/chirp_50_1000_3.0sec.wav'""]' returned non-zero exit status 255.","Traceback (most recent call last):
  File ""/Users/eitanturok/good-vibrations/scripts/backfill_batch.py"", line 317, in _run_batch
    wrap_cmd = (
                ^
  File ""/Users/eitanturok/good-vibrations/scripts/backfill_batch.py"", line 245, in process_sample
    f""# Config files always re-uploaded (content may have changed)\n""
    ^^^^^^^^^^^^^^^^^^^^^^^^^^^
  File ""/Users/eitanturok/.local/share/uv/python/cpython-3.12.5-macos-aarch64-none/lib/python3.12/concurrent/futures/_base.py"", line 456, in result
    return self.__get_result()
           ^^^^^^^^^^^^^^^^^^^
  File ""/Users/eitanturok/.local/share/uv/python/cpython-3.12.5-macos-aarch64-none/lib/python3.12/concurrent/futures/_base.py"", line 401, in __get_result
    raise self._exception
  File ""/Users/eitanturok/.local/share/uv/python/cpython-3.12.5-macos-aarch64-none/lib/python3.12/concurrent/futures/thread.py"", line 58, in run
    result = self.fn(*self.args, **self.kwargs)
             ^^^^^^^^^^^^^^^^^^^^^^^^^^^^^^^^^^
  File ""/Users/eitanturok/good-vibrations/scripts/backfill_batch.py"", line 121, in _run_remote_stage
    REMOTE_SCRIPT, ""--remote-worker"",
  File ""/Users/eitanturok/good-vibrations/scripts/backfill_batch.py"", line 64, in _ssh_run
    # ── SSH helpers ───────────────────────────────────────────────────────────────
       ^^^^^^^^^^^^^^^^^^^^^^^^^^^^^^^^^^^^^^^^^^^^^^^^^^^^^^^^^^^^^^^^^^^^^^^^^^^^^
  File ""/Users/eitanturok/.local/share/uv/python/cpython-3.12.5-macos-aarch64-none/lib/python3.12/subprocess.py"", line 571, in run
    raise CalledProcessError(retcode, process.args,
subprocess.CalledProcessError: Command '['ssh', 'ethantu@mcluster11.wisdom.weizmann.ac.il', ""bash -lc '$HOME/venvs/experiment16-migrate/bin/python /home/ethantu/tmp/migrate_experiment15_to_16_one.py --remote-worker --old-dir /net/mraid20/ifs/wisdom/groups/mark_sheinin_lab/DATA/experiment-15 --new-dir /net/mraid20/ifs/wisdom/groups/mark_sheinin_lab/DATA/experiment-16 --hf-repo eturok-weizmann/laser-vibrations --source-dir-name cube-L-01_1000--31-03-21-18-01 --sample-id 540 --stage pre_segment --overwrite --remote-audio-path /home/ethantu/tmp/chirp_50_1000_3.0sec.wav'""]' returned non-zero exit status 255.
",2026-04-26T05:52:56.599858,ssh_or_remote_failure,cube-L-01,31-03-21-18-01,cube,shape_l,1,False,False,False,True,1000,,,,,,,,,,,,,,,,,,,,,,,False,False,False,False,False,False,False,False,False,False,False,False,False
cube-L_0001--31-03-21-17-19,541,"Command '['ssh', 'ethantu@mcluster11.wisdom.weizmann.ac.il', ""bash -lc '$HOME/venvs/experiment16-migrate/bin/python /home/ethantu/tmp/migrate_experiment15_to_16_one.py --remote-worker --old-dir /net/mraid20/ifs/wisdom/groups/mark_sheinin_lab/DATA/experiment-15 --new-dir /net/mraid20/ifs/wisdom/groups/mark_sheinin_lab/DATA/experiment-16 --hf-repo eturok-weizmann/laser-vibrations --source-dir-name cube-L_0001--31-03-21-17-19 --sample-id 541 --stage pre_segment --overwrite --remote-audio-path /home/ethantu/tmp/chirp_50_1000_3.0sec.wav'""]' returned non-zero exit status 255.","Traceback (most recent call last):
  File ""/Users/eitanturok/good-vibrations/scripts/backfill_batch.py"", line 317, in _run_batch
    wrap_cmd = (
                ^
  File ""/Users/eitanturok/good-vibrations/scripts/backfill_batch.py"", line 245, in process_sample
    f""# Config files always re-uploaded (content may have changed)\n""
    ^^^^^^^^^^^^^^^^^^^^^^^^^^^
  File ""/Users/eitanturok/.local/share/uv/python/cpython-3.12.5-macos-aarch64-none/lib/python3.12/concurrent/futures/_base.py"", line 456, in result
    return self.__get_result()
           ^^^^^^^^^^^^^^^^^^^
  File ""/Users/eitanturok/.local/share/uv/python/cpython-3.12.5-macos-aarch64-none/lib/python3.12/concurrent/futures/_base.py"", line 401, in __get_result
    raise self._exception
  File ""/Users/eitanturok/.local/share/uv/python/cpython-3.12.5-macos-aarch64-none/lib/python3.12/concurrent/futures/thread.py"", line 58, in run
    result = self.fn(*self.args, **self.kwargs)
             ^^^^^^^^^^^^^^^^^^^^^^^^^^^^^^^^^^
  File ""/Users/eitanturok/good-vibrations/scripts/backfill_batch.py"", line 121, in _run_remote_stage
    REMOTE_SCRIPT, ""--remote-worker"",
  File ""/Users/eitanturok/good-vibrations/scripts/backfill_batch.py"", line 64, in _ssh_run
    # ── SSH helpers ───────────────────────────────────────────────────────────────
       ^^^^^^^^^^^^^^^^^^^^^^^^^^^^^^^^^^^^^^^^^^^^^^^^^^^^^^^^^^^^^^^^^^^^^^^^^^^^^
  File ""/Users/eitanturok/.local/share/uv/python/cpython-3.12.5-macos-aarch64-none/lib/python3.12/subprocess.py"", line 571, in run
    raise CalledProcessError(retcode, process.args,
subprocess.CalledProcessError: Command '['ssh', 'ethantu@mcluster11.wisdom.weizmann.ac.il', ""bash -lc '$HOME/venvs/experiment16-migrate/bin/python /home/ethantu/tmp/migrate_experiment15_to_16_one.py --remote-worker --old-dir /net/mraid20/ifs/wisdom/groups/mark_sheinin_lab/DATA/experiment-15 --new-dir /net/mraid20/ifs/wisdom/groups/mark_sheinin_lab/DATA/experiment-16 --hf-repo eturok-weizmann/laser-vibrations --source-dir-name cube-L_0001--31-03-21-17-19 --sample-id 541 --stage pre_segment --overwrite --remote-audio-path /home/ethantu/tmp/chirp_50_1000_3.0sec.wav'""]' returned non-zero exit status 255.
",2026-04-26T05:52:56.617066,ssh_or_remote_failure,cube-L,31-03-21-17-19,cube,shape_l,1,False,False,False,True,0001,,,,,,,,,,,,,,,,,,,,,,,False,False,False,False,False,False,False,False,False,False,False,False,False
cube-L_0010--31-03-21-17-17,542,"Command '['ssh', 'ethantu@mcluster11.wisdom.weizmann.ac.il', ""bash -lc '$HOME/venvs/experiment16-migrate/bin/python /home/ethantu/tmp/migrate_experiment15_to_16_one.py --remote-worker --old-dir /net/mraid20/ifs/wisdom/groups/mark_sheinin_lab/DATA/experiment-15 --new-dir /net/mraid20/ifs/wisdom/groups/mark_sheinin_lab/DATA/experiment-16 --hf-repo eturok-weizmann/laser-vibrations --source-dir-name cube-L_0010--31-03-21-17-17 --sample-id 542 --stage pre_segment --overwrite --remote-audio-path /home/ethantu/tmp/chirp_50_1000_3.0sec.wav'""]' returned non-zero exit status 255.","Traceback (most recent call last):
  File ""/Users/eitanturok/good-vibrations/scripts/backfill_batch.py"", line 317, in _run_batch
    wrap_cmd = (
                ^
  File ""/Users/eitanturok/good-vibrations/scripts/backfill_batch.py"", line 245, in process_sample
    f""# Config files always re-uploaded (content may have changed)\n""
    ^^^^^^^^^^^^^^^^^^^^^^^^^^^
  File ""/Users/eitanturok/.local/share/uv/python/cpython-3.12.5-macos-aarch64-none/lib/python3.12/concurrent/futures/_base.py"", line 456, in result
    return self.__get_result()
           ^^^^^^^^^^^^^^^^^^^
  File ""/Users/eitanturok/.local/share/uv/python/cpython-3.12.5-macos-aarch64-none/lib/python3.12/concurrent/futures/_base.py"", line 401, in __get_result
    raise self._exception
  File ""/Users/eitanturok/.local/share/uv/python/cpython-3.12.5-macos-aarch64-none/lib/python3.12/concurrent/futures/thread.py"", line 58, in run
    result = self.fn(*self.args, **self.kwargs)
             ^^^^^^^^^^^^^^^^^^^^^^^^^^^^^^^^^^
  File ""/Users/eitanturok/good-vibrations/scripts/backfill_batch.py"", line 121, in _run_remote_stage
    REMOTE_SCRIPT, ""--remote-worker"",
  File ""/Users/eitanturok/good-vibrations/scripts/backfill_batch.py"", line 64, in _ssh_run
    # ── SSH helpers ───────────────────────────────────────────────────────────────
       ^^^^^^^^^^^^^^^^^^^^^^^^^^^^^^^^^^^^^^^^^^^^^^^^^^^^^^^^^^^^^^^^^^^^^^^^^^^^^
  File ""/Users/eitanturok/.local/share/uv/python/cpython-3.12.5-macos-aarch64-none/lib/python3.12/subprocess.py"", line 571, in run
    raise CalledProcessError(retcode, process.args,
subprocess.CalledProcessError: Command '['ssh', 'ethantu@mcluster11.wisdom.weizmann.ac.il', ""bash -lc '$HOME/venvs/experiment16-migrate/bin/python /home/ethantu/tmp/migrate_experiment15_to_16_one.py --remote-worker --old-dir /net/mraid20/ifs/wisdom/groups/mark_sheinin_lab/DATA/experiment-15 --new-dir /net/mraid20/ifs/wisdom/groups/mark_sheinin_lab/DATA/experiment-16 --hf-repo eturok-weizmann/laser-vibrations --source-dir-name cube-L_0010--31-03-21-17-17 --sample-id 542 --stage pre_segment --overwrite --remote-audio-path /home/ethantu/tmp/chirp_50_1000_3.0sec.wav'""]' returned non-zero exit status 255.
",2026-04-26T05:52:56.631586,ssh_or_remote_failure,cube-L,31-03-21-17-17,cube,shape_l,1,False,False,False,True,0010,,,,,,,,,,,,,,,,,,,,,,,False,False,False,False,False,False,False,False,False,False,False,False,False
cube-L_0100--31-03-21-17-15,543,"Command '['ssh', 'ethantu@mcluster11.wisdom.weizmann.ac.il', ""bash -lc '$HOME/venvs/experiment16-migrate/bin/python /home/ethantu/tmp/migrate_experiment15_to_16_one.py --remote-worker --old-dir /net/mraid20/ifs/wisdom/groups/mark_sheinin_lab/DATA/experiment-15 --new-dir /net/mraid20/ifs/wisdom/groups/mark_sheinin_lab/DATA/experiment-16 --hf-repo eturok-weizmann/laser-vibrations --source-dir-name cube-L_0100--31-03-21-17-15 --sample-id 543 --stage pre_segment --overwrite --remote-audio-path /home/ethantu/tmp/chirp_50_1000_3.0sec.wav'""]' returned non-zero exit status 255.","Traceback (most recent call last):
  File ""/Users/eitanturok/good-vibrations/scripts/backfill_batch.py"", line 317, in _run_batch
    wrap_cmd = (
                ^
  File ""/Users/eitanturok/good-vibrations/scripts/backfill_batch.py"", line 245, in process_sample
    f""# Config files always re-uploaded (content may have changed)\n""
    ^^^^^^^^^^^^^^^^^^^^^^^^^^^
  File ""/Users/eitanturok/.local/share/uv/python/cpython-3.12.5-macos-aarch64-none/lib/python3.12/concurrent/futures/_base.py"", line 456, in result
    return self.__get_result()
           ^^^^^^^^^^^^^^^^^^^
  File ""/Users/eitanturok/.local/share/uv/python/cpython-3.12.5-macos-aarch64-none/lib/python3.12/concurrent/futures/_base.py"", line 401, in __get_result
    raise self._exception
  File ""/Users/eitanturok/.local/share/uv/python/cpython-3.12.5-macos-aarch64-none/lib/python3.12/concurrent/futures/thread.py"", line 58, in run
    result = self.fn(*self.args, **self.kwargs)
             ^^^^^^^^^^^^^^^^^^^^^^^^^^^^^^^^^^
  File ""/Users/eitanturok/good-vibrations/scripts/backfill_batch.py"", line 121, in _run_remote_stage
    REMOTE_SCRIPT, ""--remote-worker"",
  File ""/Users/eitanturok/good-vibrations/scripts/backfill_batch.py"", line 64, in _ssh_run
    # ── SSH helpers ───────────────────────────────────────────────────────────────
       ^^^^^^^^^^^^^^^^^^^^^^^^^^^^^^^^^^^^^^^^^^^^^^^^^^^^^^^^^^^^^^^^^^^^^^^^^^^^^
  File ""/Users/eitanturok/.local/share/uv/python/cpython-3.12.5-macos-aarch64-none/lib/python3.12/subprocess.py"", line 571, in run
    raise CalledProcessError(retcode, process.args,
subprocess.CalledProcessError: Command '['ssh', 'ethantu@mcluster11.wisdom.weizmann.ac.il', ""bash -lc '$HOME/venvs/experiment16-migrate/bin/python /home/ethantu/tmp/migrate_experiment15_to_16_one.py --remote-worker --old-dir /net/mraid20/ifs/wisdom/groups/mark_sheinin_lab/DATA/experiment-15 --new-dir /net/mraid20/ifs/wisdom/groups/mark_sheinin_lab/DATA/experiment-16 --hf-repo eturok-weizmann/laser-vibrations --source-dir-name cube-L_0100--31-03-21-17-15 --sample-id 543 --stage pre_segment --overwrite --remote-audio-path /home/ethantu/tmp/chirp_50_1000_3.0sec.wav'""]' returned non-zero exit status 255.
",2026-04-26T05:52:56.653174,ssh_or_remote_failure,cube-L,31-03-21-17-15,cube,shape_l,1,False,False,False,True,0100,,,,,,,,,,,,,,,,,,,,,,,False,False,False,False,False,False,False,False,False,False,False,False,False
cube-L_1000--31-03-21-17-13,544,"Command '['ssh', 'ethantu@mcluster11.wisdom.weizmann.ac.il', ""bash -lc '$HOME/venvs/experiment16-migrate/bin/python /home/ethantu/tmp/migrate_experiment15_to_16_one.py --remote-worker --old-dir /net/mraid20/ifs/wisdom/groups/mark_sheinin_lab/DATA/experiment-15 --new-dir /net/mraid20/ifs/wisdom/groups/mark_sheinin_lab/DATA/experiment-16 --hf-repo eturok-weizmann/laser-vibrations --source-dir-name cube-L_1000--31-03-21-17-13 --sample-id 544 --stage pre_segment --overwrite --remote-audio-path /home/ethantu/tmp/chirp_50_1000_3.0sec.wav'""]' returned non-zero exit status 255.","Traceback (most recent call last):
  File ""/Users/eitanturok/good-vibrations/scripts/backfill_batch.py"", line 317, in _run_batch
    wrap_cmd = (
                ^
  File ""/Users/eitanturok/good-vibrations/scripts/backfill_batch.py"", line 245, in process_sample
    f""# Config files always re-uploaded (content may have changed)\n""
    ^^^^^^^^^^^^^^^^^^^^^^^^^^^
  File ""/Users/eitanturok/.local/share/uv/python/cpython-3.12.5-macos-aarch64-none/lib/python3.12/concurrent/futures/_base.py"", line 456, in result
    return self.__get_result()
           ^^^^^^^^^^^^^^^^^^^
  File ""/Users/eitanturok/.local/share/uv/python/cpython-3.12.5-macos-aarch64-none/lib/python3.12/concurrent/futures/_base.py"", line 401, in __get_result
    raise self._exception
  File ""/Users/eitanturok/.local/share/uv/python/cpython-3.12.5-macos-aarch64-none/lib/python3.12/concurrent/futures/thread.py"", line 58, in run
    result = self.fn(*self.args, **self.kwargs)
             ^^^^^^^^^^^^^^^^^^^^^^^^^^^^^^^^^^
  File ""/Users/eitanturok/good-vibrations/scripts/backfill_batch.py"", line 121, in _run_remote_stage
    REMOTE_SCRIPT, ""--remote-worker"",
  File ""/Users/eitanturok/good-vibrations/scripts/backfill_batch.py"", line 64, in _ssh_run
    # ── SSH helpers ───────────────────────────────────────────────────────────────
       ^^^^^^^^^^^^^^^^^^^^^^^^^^^^^^^^^^^^^^^^^^^^^^^^^^^^^^^^^^^^^^^^^^^^^^^^^^^^^
  File ""/Users/eitanturok/.local/share/uv/python/cpython-3.12.5-macos-aarch64-none/lib/python3.12/subprocess.py"", line 571, in run
    raise CalledProcessError(retcode, process.args,
subprocess.CalledProcessError: Command '['ssh', 'ethantu@mcluster11.wisdom.weizmann.ac.il', ""bash -lc '$HOME/venvs/experiment16-migrate/bin/python /home/ethantu/tmp/migrate_experiment15_to_16_one.py --remote-worker --old-dir /net/mraid20/ifs/wisdom/groups/mark_sheinin_lab/DATA/experiment-15 --new-dir /net/mraid20/ifs/wisdom/groups/mark_sheinin_lab/DATA/experiment-16 --hf-repo eturok-weizmann/laser-vibrations --source-dir-name cube-L_1000--31-03-21-17-13 --sample-id 544 --stage pre_segment --overwrite --remote-audio-path /home/ethantu/tmp/chirp_50_1000_3.0sec.wav'""]' returned non-zero exit status 255.
",2026-04-26T05:52:56.671079,ssh_or_remote_failure,cube-L,31-03-21-17-13,cube,shape_l,1,False,False,False,True,1000,,,,,,,,,,,,,,,,,,,,,,,False,False,False,False,False,False,False,False,False,False,False,False,False
cube-four-together-00_0001--31-03-21-11-23,545,"Command '['ssh', 'ethantu@mcluster11.wisdom.weizmann.ac.il', ""bash -lc '$HOME/venvs/experiment16-migrate/bin/python /home/ethantu/tmp/migrate_experiment15_to_16_one.py --remote-worker --old-dir /net/mraid20/ifs/wisdom/groups/mark_sheinin_lab/DATA/experiment-15 --new-dir /net/mraid20/ifs/wisdom/groups/mark_sheinin_lab/DATA/experiment-16 --hf-repo eturok-weizmann/laser-vibrations --source-dir-name cube-four-together-00_0001--31-03-21-11-23 --sample-id 545 --stage pre_segment --overwrite --remote-audio-path /home/ethantu/tmp/chirp_50_1000_3.0sec.wav'""]' returned non-zero exit status 255.","Traceback (most recent call last):
  File ""/Users/eitanturok/good-vibrations/scripts/backfill_batch.py"", line 317, in _run_batch
    wrap_cmd = (
                ^
  File ""/Users/eitanturok/good-vibrations/scripts/backfill_batch.py"", line 245, in process_sample
    f""# Config files always re-uploaded (content may have changed)\n""
    ^^^^^^^^^^^^^^^^^^^^^^^^^^^
  File ""/Users/eitanturok/.local/share/uv/python/cpython-3.12.5-macos-aarch64-none/lib/python3.12/concurrent/futures/_base.py"", line 456, in result
    return self.__get_result()
           ^^^^^^^^^^^^^^^^^^^
  File ""/Users/eitanturok/.local/share/uv/python/cpython-3.12.5-macos-aarch64-none/lib/python3.12/concurrent/futures/_base.py"", line 401, in __get_result
    raise self._exception
  File ""/Users/eitanturok/.local/share/uv/python/cpython-3.12.5-macos-aarch64-none/lib/python3.12/concurrent/futures/thread.py"", line 58, in run
    result = self.fn(*self.args, **self.kwargs)
             ^^^^^^^^^^^^^^^^^^^^^^^^^^^^^^^^^^
  File ""/Users/eitanturok/good-vibrations/scripts/backfill_batch.py"", line 121, in _run_remote_stage
    REMOTE_SCRIPT, ""--remote-worker"",
  File ""/Users/eitanturok/good-vibrations/scripts/backfill_batch.py"", line 64, in _ssh_run
    # ── SSH helpers ───────────────────────────────────────────────────────────────
       ^^^^^^^^^^^^^^^^^^^^^^^^^^^^^^^^^^^^^^^^^^^^^^^^^^^^^^^^^^^^^^^^^^^^^^^^^^^^^
  File ""/Users/eitanturok/.local/share/uv/python/cpython-3.12.5-macos-aarch64-none/lib/python3.12/subprocess.py"", line 571, in run
    raise CalledProcessError(retcode, process.args,
subprocess.CalledProcessError: Command '['ssh', 'ethantu@mcluster11.wisdom.weizmann.ac.il', ""bash -lc '$HOME/venvs/experiment16-migrate/bin/python /home/ethantu/tmp/migrate_experiment15_to_16_one.py --remote-worker --old-dir /net/mraid20/ifs/wisdom/groups/mark_sheinin_lab/DATA/experiment-15 --new-dir /net/mraid20/ifs/wisdom/groups/mark_sheinin_lab/DATA/experiment-16 --hf-repo eturok-weizmann/laser-vibrations --source-dir-name cube-four-together-00_0001--31-03-21-11-23 --sample-id 545 --stage pre_segment --overwrite --remote-audio-path /home/ethantu/tmp/chirp_50_1000_3.0sec.wav'""]' returned non-zero exit status 255.
",2026-04-26T05:52:56.689660,ssh_or_remote_failure,cube-four-together-00,31-03-21-11-23,cube,multi_object_four,4,False,False,False,True,0001,,,,,,,,,,,,,,,,,,,,,,,False,False,False,False,False,False,False,False,False,False,False,False,False
cube-four-together-00_0010--31-03-21-11-21,546,"Command '['ssh', 'ethantu@mcluster11.wisdom.weizmann.ac.il', ""bash -lc '$HOME/venvs/experiment16-migrate/bin/python /home/ethantu/tmp/migrate_experiment15_to_16_one.py --remote-worker --old-dir /net/mraid20/ifs/wisdom/groups/mark_sheinin_lab/DATA/experiment-15 --new-dir /net/mraid20/ifs/wisdom/groups/mark_sheinin_lab/DATA/experiment-16 --hf-repo eturok-weizmann/laser-vibrations --source-dir-name cube-four-together-00_0010--31-03-21-11-21 --sample-id 546 --stage pre_segment --overwrite --remote-audio-path /home/ethantu/tmp/chirp_50_1000_3.0sec.wav'""]' returned non-zero exit status 255.","Traceback (most recent call last):
  File ""/Users/eitanturok/good-vibrations/scripts/backfill_batch.py"", line 317, in _run_batch
    wrap_cmd = (
                ^
  File ""/Users/eitanturok/good-vibrations/scripts/backfill_batch.py"", line 245, in process_sample
    f""# Config files always re-uploaded (content may have changed)\n""
    ^^^^^^^^^^^^^^^^^^^^^^^^^^^
  File ""/Users/eitanturok/.local/share/uv/python/cpython-3.12.5-macos-aarch64-none/lib/python3.12/concurrent/futures/_base.py"", line 456, in result
    return self.__get_result()
           ^^^^^^^^^^^^^^^^^^^
  File ""/Users/eitanturok/.local/share/uv/python/cpython-3.12.5-macos-aarch64-none/lib/python3.12/concurrent/futures/_base.py"", line 401, in __get_result
    raise self._exception
  File ""/Users/eitanturok/.local/share/uv/python/cpython-3.12.5-macos-aarch64-none/lib/python3.12/concurrent/futures/thread.py"", line 58, in run
    result = self.fn(*self.args, **self.kwargs)
             ^^^^^^^^^^^^^^^^^^^^^^^^^^^^^^^^^^
  File ""/Users/eitanturok/good-vibrations/scripts/backfill_batch.py"", line 121, in _run_remote_stage
    REMOTE_SCRIPT, ""--remote-worker"",
  File ""/Users/eitanturok/good-vibrations/scripts/backfill_batch.py"", line 64, in _ssh_run
    # ── SSH helpers ───────────────────────────────────────────────────────────────
       ^^^^^^^^^^^^^^^^^^^^^^^^^^^^^^^^^^^^^^^^^^^^^^^^^^^^^^^^^^^^^^^^^^^^^^^^^^^^^
  File ""/Users/eitanturok/.local/share/uv/python/cpython-3.12.5-macos-aarch64-none/lib/python3.12/subprocess.py"", line 571, in run
    raise CalledProcessError(retcode, process.args,
subprocess.CalledProcessError: Command '['ssh', 'ethantu@mcluster11.wisdom.weizmann.ac.il', ""bash -lc '$HOME/venvs/experiment16-migrate/bin/python /home/ethantu/tmp/migrate_experiment15_to_16_one.py --remote-worker --old-dir /net/mraid20/ifs/wisdom/groups/mark_sheinin_lab/DATA/experiment-15 --new-dir /net/mraid20/ifs/wisdom/groups/mark_sheinin_lab/DATA/experiment-16 --hf-repo eturok-weizmann/laser-vibrations --source-dir-name cube-four-together-00_0010--31-03-21-11-21 --sample-id 546 --stage pre_segment --overwrite --remote-audio-path /home/ethantu/tmp/chirp_50_1000_3.0sec.wav'""]' returned non-zero exit status 255.
",2026-04-26T05:52:56.706627,ssh_or_remote_failure,cube-four-together-00,31-03-21-11-21,cube,multi_object_four,4,False,False,False,True,0010,,,,,,,,,,,,,,,,,,,,,,,False,False,False,False,False,False,False,False,False,False,False,False,False
cube-four-together-00_0100--31-03-21-11-19,547,"Command '['ssh', 'ethantu@mcluster11.wisdom.weizmann.ac.il', ""bash -lc '$HOME/venvs/experiment16-migrate/bin/python /home/ethantu/tmp/migrate_experiment15_to_16_one.py --remote-worker --old-dir /net/mraid20/ifs/wisdom/groups/mark_sheinin_lab/DATA/experiment-15 --new-dir /net/mraid20/ifs/wisdom/groups/mark_sheinin_lab/DATA/experiment-16 --hf-repo eturok-weizmann/laser-vibrations --source-dir-name cube-four-together-00_0100--31-03-21-11-19 --sample-id 547 --stage pre_segment --overwrite --remote-audio-path /home/ethantu/tmp/chirp_50_1000_3.0sec.wav'""]' returned non-zero exit status 255.","Traceback (most recent call last):
  File ""/Users/eitanturok/good-vibrations/scripts/backfill_batch.py"", line 317, in _run_batch
    wrap_cmd = (
                ^
  File ""/Users/eitanturok/good-vibrations/scripts/backfill_batch.py"", line 245, in process_sample
    f""# Config files always re-uploaded (content may have changed)\n""
    ^^^^^^^^^^^^^^^^^^^^^^^^^^^
  File ""/Users/eitanturok/.local/share/uv/python/cpython-3.12.5-macos-aarch64-none/lib/python3.12/concurrent/futures/_base.py"", line 456, in result
    return self.__get_result()
           ^^^^^^^^^^^^^^^^^^^
  File ""/Users/eitanturok/.local/share/uv/python/cpython-3.12.5-macos-aarch64-none/lib/python3.12/concurrent/futures/_base.py"", line 401, in __get_result
    raise self._exception
  File ""/Users/eitanturok/.local/share/uv/python/cpython-3.12.5-macos-aarch64-none/lib/python3.12/concurrent/futures/thread.py"", line 58, in run
    result = self.fn(*self.args, **self.kwargs)
             ^^^^^^^^^^^^^^^^^^^^^^^^^^^^^^^^^^
  File ""/Users/eitanturok/good-vibrations/scripts/backfill_batch.py"", line 121, in _run_remote_stage
    REMOTE_SCRIPT, ""--remote-worker"",
  File ""/Users/eitanturok/good-vibrations/scripts/backfill_batch.py"", line 64, in _ssh_run
    # ── SSH helpers ───────────────────────────────────────────────────────────────
       ^^^^^^^^^^^^^^^^^^^^^^^^^^^^^^^^^^^^^^^^^^^^^^^^^^^^^^^^^^^^^^^^^^^^^^^^^^^^^
  File ""/Users/eitanturok/.local/share/uv/python/cpython-3.12.5-macos-aarch64-none/lib/python3.12/subprocess.py"", line 571, in run
    raise CalledProcessError(retcode, process.args,
subprocess.CalledProcessError: Command '['ssh', 'ethantu@mcluster11.wisdom.weizmann.ac.il', ""bash -lc '$HOME/venvs/experiment16-migrate/bin/python /home/ethantu/tmp/migrate_experiment15_to_16_one.py --remote-worker --old-dir /net/mraid20/ifs/wisdom/groups/mark_sheinin_lab/DATA/experiment-15 --new-dir /net/mraid20/ifs/wisdom/groups/mark_sheinin_lab/DATA/experiment-16 --hf-repo eturok-weizmann/laser-vibrations --source-dir-name cube-four-together-00_0100--31-03-21-11-19 --sample-id 547 --stage pre_segment --overwrite --remote-audio-path /home/ethantu/tmp/chirp_50_1000_3.0sec.wav'""]' returned non-zero exit status 255.
",2026-04-26T05:52:56.728584,ssh_or_remote_failure,cube-four-together-00,31-03-21-11-19,cube,multi_object_four,4,False,False,False,True,0100,,,,,,,,,,,,,,,,,,,,,,,False,False,False,False,False,False,False,False,False,False,False,False,False
cube-four-together-00_1000--31-03-21-11-17,548,"Command '['ssh', 'ethantu@mcluster11.wisdom.weizmann.ac.il', ""bash -lc '$HOME/venvs/experiment16-migrate/bin/python /home/ethantu/tmp/migrate_experiment15_to_16_one.py --remote-worker --old-dir /net/mraid20/ifs/wisdom/groups/mark_sheinin_lab/DATA/experiment-15 --new-dir /net/mraid20/ifs/wisdom/groups/mark_sheinin_lab/DATA/experiment-16 --hf-repo eturok-weizmann/laser-vibrations --source-dir-name cube-four-together-00_1000--31-03-21-11-17 --sample-id 548 --stage pre_segment --overwrite --remote-audio-path /home/ethantu/tmp/chirp_50_1000_3.0sec.wav'""]' returned non-zero exit status 255.","Traceback (most recent call last):
  File ""/Users/eitanturok/good-vibrations/scripts/backfill_batch.py"", line 317, in _run_batch
    wrap_cmd = (
                ^
  File ""/Users/eitanturok/good-vibrations/scripts/backfill_batch.py"", line 245, in process_sample
    f""# Config files always re-uploaded (content may have changed)\n""
    ^^^^^^^^^^^^^^^^^^^^^^^^^^^
  File ""/Users/eitanturok/.local/share/uv/python/cpython-3.12.5-macos-aarch64-none/lib/python3.12/concurrent/futures/_base.py"", line 456, in result
    return self.__get_result()
           ^^^^^^^^^^^^^^^^^^^
  File ""/Users/eitanturok/.local/share/uv/python/cpython-3.12.5-macos-aarch64-none/lib/python3.12/concurrent/futures/_base.py"", line 401, in __get_result
    raise self._exception
  File ""/Users/eitanturok/.local/share/uv/python/cpython-3.12.5-macos-aarch64-none/lib/python3.12/concurrent/futures/thread.py"", line 58, in run
    result = self.fn(*self.args, **self.kwargs)
             ^^^^^^^^^^^^^^^^^^^^^^^^^^^^^^^^^^
  File ""/Users/eitanturok/good-vibrations/scripts/backfill_batch.py"", line 121, in _run_remote_stage
    REMOTE_SCRIPT, ""--remote-worker"",
  File ""/Users/eitanturok/good-vibrations/scripts/backfill_batch.py"", line 64, in _ssh_run
    # ── SSH helpers ───────────────────────────────────────────────────────────────
       ^^^^^^^^^^^^^^^^^^^^^^^^^^^^^^^^^^^^^^^^^^^^^^^^^^^^^^^^^^^^^^^^^^^^^^^^^^^^^
  File ""/Users/eitanturok/.local/share/uv/python/cpython-3.12.5-macos-aarch64-none/lib/python3.12/subprocess.py"", line 571, in run
    raise CalledProcessError(retcode, process.args,
subprocess.CalledProcessError: Command '['ssh', 'ethantu@mcluster11.wisdom.weizmann.ac.il', ""bash -lc '$HOME/venvs/experiment16-migrate/bin/python /home/ethantu/tmp/migrate_experiment15_to_16_one.py --remote-worker --old-dir /net/mraid20/ifs/wisdom/groups/mark_sheinin_lab/DATA/experiment-15 --new-dir /net/mraid20/ifs/wisdom/groups/mark_sheinin_lab/DATA/experiment-16 --hf-repo eturok-weizmann/laser-vibrations --source-dir-name cube-four-together-00_1000--31-03-21-11-17 --sample-id 548 --stage pre_segment --overwrite --remote-audio-path /home/ethantu/tmp/chirp_50_1000_3.0sec.wav'""]' returned non-zero exit status 255.
",2026-04-26T05:52:56.742230,ssh_or_remote_failure,cube-four-together-00,31-03-21-11-17,cube,multi_object_four,4,False,False,False,True,1000,,,,,,,,,,,,,,,,,,,,,,,False,False,False,False,False,False,False,False,False,False,False,False,False
cube-four-together-diagonal-00_0001--31-03-21-12-47,549,"Command '['ssh', 'ethantu@mcluster11.wisdom.weizmann.ac.il', ""bash -lc '$HOME/venvs/experiment16-migrate/bin/python /home/ethantu/tmp/migrate_experiment15_to_16_one.py --remote-worker --old-dir /net/mraid20/ifs/wisdom/groups/mark_sheinin_lab/DATA/experiment-15 --new-dir /net/mraid20/ifs/wisdom/groups/mark_sheinin_lab/DATA/experiment-16 --hf-repo eturok-weizmann/laser-vibrations --source-dir-name cube-four-together-diagonal-00_0001--31-03-21-12-47 --sample-id 549 --stage pre_segment --overwrite --remote-audio-path /home/ethantu/tmp/chirp_50_1000_3.0sec.wav'""]' returned non-zero exit status 255.","Traceback (most recent call last):
  File ""/Users/eitanturok/good-vibrations/scripts/backfill_batch.py"", line 317, in _run_batch
    wrap_cmd = (
                ^
  File ""/Users/eitanturok/good-vibrations/scripts/backfill_batch.py"", line 245, in process_sample
    f""# Config files always re-uploaded (content may have changed)\n""
    ^^^^^^^^^^^^^^^^^^^^^^^^^^^
  File ""/Users/eitanturok/.local/share/uv/python/cpython-3.12.5-macos-aarch64-none/lib/python3.12/concurrent/futures/_base.py"", line 456, in result
    return self.__get_result()
           ^^^^^^^^^^^^^^^^^^^
  File ""/Users/eitanturok/.local/share/uv/python/cpython-3.12.5-macos-aarch64-none/lib/python3.12/concurrent/futures/_base.py"", line 401, in __get_result
    raise self._exception
  File ""/Users/eitanturok/.local/share/uv/python/cpython-3.12.5-macos-aarch64-none/lib/python3.12/concurrent/futures/thread.py"", line 58, in run
    result = self.fn(*self.args, **self.kwargs)
             ^^^^^^^^^^^^^^^^^^^^^^^^^^^^^^^^^^
  File ""/Users/eitanturok/good-vibrations/scripts/backfill_batch.py"", line 121, in _run_remote_stage
    REMOTE_SCRIPT, ""--remote-worker"",
  File ""/Users/eitanturok/good-vibrations/scripts/backfill_batch.py"", line 64, in _ssh_run
    # ── SSH helpers ───────────────────────────────────────────────────────────────
       ^^^^^^^^^^^^^^^^^^^^^^^^^^^^^^^^^^^^^^^^^^^^^^^^^^^^^^^^^^^^^^^^^^^^^^^^^^^^^
  File ""/Users/eitanturok/.local/share/uv/python/cpython-3.12.5-macos-aarch64-none/lib/python3.12/subprocess.py"", line 571, in run
    raise CalledProcessError(retcode, process.args,
subprocess.CalledProcessError: Command '['ssh', 'ethantu@mcluster11.wisdom.weizmann.ac.il', ""bash -lc '$HOME/venvs/experiment16-migrate/bin/python /home/ethantu/tmp/migrate_experiment15_to_16_one.py --remote-worker --old-dir /net/mraid20/ifs/wisdom/groups/mark_sheinin_lab/DATA/experiment-15 --new-dir /net/mraid20/ifs/wisdom/groups/mark_sheinin_lab/DATA/experiment-16 --hf-repo eturok-weizmann/laser-vibrations --source-dir-name cube-four-together-diagonal-00_0001--31-03-21-12-47 --sample-id 549 --stage pre_segment --overwrite --remote-audio-path /home/ethantu/tmp/chirp_50_1000_3.0sec.wav'""]' returned non-zero exit status 255.
",2026-04-26T05:52:56.760434,ssh_or_remote_failure,cube-four-together-diagonal-00,31-03-21-12-47,cube,multi_object_four,4,False,False,False,True,0001,,,,,,,,,,,,,,,,,,,,,,,False,False,False,False,False,False,False,False,False,False,False,False,False
cube-four-together-diagonal-00_0010--31-03-21-12-45,550,"Command '['ssh', 'ethantu@mcluster11.wisdom.weizmann.ac.il', ""bash -lc '$HOME/venvs/experiment16-migrate/bin/python /home/ethantu/tmp/migrate_experiment15_to_16_one.py --remote-worker --old-dir /net/mraid20/ifs/wisdom/groups/mark_sheinin_lab/DATA/experiment-15 --new-dir /net/mraid20/ifs/wisdom/groups/mark_sheinin_lab/DATA/experiment-16 --hf-repo eturok-weizmann/laser-vibrations --source-dir-name cube-four-together-diagonal-00_0010--31-03-21-12-45 --sample-id 550 --stage pre_segment --overwrite --remote-audio-path /home/ethantu/tmp/chirp_50_1000_3.0sec.wav'""]' returned non-zero exit status 255.","Traceback (most recent call last):
  File ""/Users/eitanturok/good-vibrations/scripts/backfill_batch.py"", line 317, in _run_batch
    wrap_cmd = (
                ^
  File ""/Users/eitanturok/good-vibrations/scripts/backfill_batch.py"", line 245, in process_sample
    f""# Config files always re-uploaded (content may have changed)\n""
    ^^^^^^^^^^^^^^^^^^^^^^^^^^^
  File ""/Users/eitanturok/.local/share/uv/python/cpython-3.12.5-macos-aarch64-none/lib/python3.12/concurrent/futures/_base.py"", line 456, in result
    return self.__get_result()
           ^^^^^^^^^^^^^^^^^^^
  File ""/Users/eitanturok/.local/share/uv/python/cpython-3.12.5-macos-aarch64-none/lib/python3.12/concurrent/futures/_base.py"", line 401, in __get_result
    raise self._exception
  File ""/Users/eitanturok/.local/share/uv/python/cpython-3.12.5-macos-aarch64-none/lib/python3.12/concurrent/futures/thread.py"", line 58, in run
    result = self.fn(*self.args, **self.kwargs)
             ^^^^^^^^^^^^^^^^^^^^^^^^^^^^^^^^^^
  File ""/Users/eitanturok/good-vibrations/scripts/backfill_batch.py"", line 121, in _run_remote_stage
    REMOTE_SCRIPT, ""--remote-worker"",
  File ""/Users/eitanturok/good-vibrations/scripts/backfill_batch.py"", line 64, in _ssh_run
    # ── SSH helpers ───────────────────────────────────────────────────────────────
       ^^^^^^^^^^^^^^^^^^^^^^^^^^^^^^^^^^^^^^^^^^^^^^^^^^^^^^^^^^^^^^^^^^^^^^^^^^^^^
  File ""/Users/eitanturok/.local/share/uv/python/cpython-3.12.5-macos-aarch64-none/lib/python3.12/subprocess.py"", line 571, in run
    raise CalledProcessError(retcode, process.args,
subprocess.CalledProcessError: Command '['ssh', 'ethantu@mcluster11.wisdom.weizmann.ac.il', ""bash -lc '$HOME/venvs/experiment16-migrate/bin/python /home/ethantu/tmp/migrate_experiment15_to_16_one.py --remote-worker --old-dir /net/mraid20/ifs/wisdom/groups/mark_sheinin_lab/DATA/experiment-15 --new-dir /net/mraid20/ifs/wisdom/groups/mark_sheinin_lab/DATA/experiment-16 --hf-repo eturok-weizmann/laser-vibrations --source-dir-name cube-four-together-diagonal-00_0010--31-03-21-12-45 --sample-id 550 --stage pre_segment --overwrite --remote-audio-path /home/ethantu/tmp/chirp_50_1000_3.0sec.wav'""]' returned non-zero exit status 255.
",2026-04-26T05:52:56.787421,ssh_or_remote_failure,cube-four-together-diagonal-00,31-03-21-12-45,cube,multi_object_four,4,False,False,False,True,0010,,,,,,,,,,,,,,,,,,,,,,,False,False,False,False,False,False,False,False,False,False,False,False,False
cube-four-together-diagonal-00_0100--31-03-21-12-44,551,"Command '['ssh', 'ethantu@mcluster11.wisdom.weizmann.ac.il', ""bash -lc '$HOME/venvs/experiment16-migrate/bin/python /home/ethantu/tmp/migrate_experiment15_to_16_one.py --remote-worker --old-dir /net/mraid20/ifs/wisdom/groups/mark_sheinin_lab/DATA/experiment-15 --new-dir /net/mraid20/ifs/wisdom/groups/mark_sheinin_lab/DATA/experiment-16 --hf-repo eturok-weizmann/laser-vibrations --source-dir-name cube-four-together-diagonal-00_0100--31-03-21-12-44 --sample-id 551 --stage pre_segment --overwrite --remote-audio-path /home/ethantu/tmp/chirp_50_1000_3.0sec.wav'""]' returned non-zero exit status 255.","Traceback (most recent call last):
  File ""/Users/eitanturok/good-vibrations/scripts/backfill_batch.py"", line 317, in _run_batch
    wrap_cmd = (
                ^
  File ""/Users/eitanturok/good-vibrations/scripts/backfill_batch.py"", line 245, in process_sample
    f""# Config files always re-uploaded (content may have changed)\n""
    ^^^^^^^^^^^^^^^^^^^^^^^^^^^
  File ""/Users/eitanturok/.local/share/uv/python/cpython-3.12.5-macos-aarch64-none/lib/python3.12/concurrent/futures/_base.py"", line 456, in result
    return self.__get_result()
           ^^^^^^^^^^^^^^^^^^^
  File ""/Users/eitanturok/.local/share/uv/python/cpython-3.12.5-macos-aarch64-none/lib/python3.12/concurrent/futures/_base.py"", line 401, in __get_result
    raise self._exception
  File ""/Users/eitanturok/.local/share/uv/python/cpython-3.12.5-macos-aarch64-none/lib/python3.12/concurrent/futures/thread.py"", line 58, in run
    result = self.fn(*self.args, **self.kwargs)
             ^^^^^^^^^^^^^^^^^^^^^^^^^^^^^^^^^^
  File ""/Users/eitanturok/good-vibrations/scripts/backfill_batch.py"", line 121, in _run_remote_stage
    REMOTE_SCRIPT, ""--remote-worker"",
  File ""/Users/eitanturok/good-vibrations/scripts/backfill_batch.py"", line 64, in _ssh_run
    # ── SSH helpers ───────────────────────────────────────────────────────────────
       ^^^^^^^^^^^^^^^^^^^^^^^^^^^^^^^^^^^^^^^^^^^^^^^^^^^^^^^^^^^^^^^^^^^^^^^^^^^^^
  File ""/Users/eitanturok/.local/share/uv/python/cpython-3.12.5-macos-aarch64-none/lib/python3.12/subprocess.py"", line 571, in run
    raise CalledProcessError(retcode, process.args,
subprocess.CalledProcessError: Command '['ssh', 'ethantu@mcluster11.wisdom.weizmann.ac.il', ""bash -lc '$HOME/venvs/experiment16-migrate/bin/python /home/ethantu/tmp/migrate_experiment15_to_16_one.py --remote-worker --old-dir /net/mraid20/ifs/wisdom/groups/mark_sheinin_lab/DATA/experiment-15 --new-dir /net/mraid20/ifs/wisdom/groups/mark_sheinin_lab/DATA/experiment-16 --hf-repo eturok-weizmann/laser-vibrations --source-dir-name cube-four-together-diagonal-00_0100--31-03-21-12-44 --sample-id 551 --stage pre_segment --overwrite --remote-audio-path /home/ethantu/tmp/chirp_50_1000_3.0sec.wav'""]' returned non-zero exit status 255.
",2026-04-26T05:52:56.824623,ssh_or_remote_failure,cube-four-together-diagonal-00,31-03-21-12-44,cube,multi_object_four,4,False,False,False,True,0100,,,,,,,,,,,,,,,,,,,,,,,False,False,False,False,False,False,False,False,False,False,False,False,False
cube-four-together-diagonal-00_1000--31-03-21-12-42,552,"Command '['ssh', 'ethantu@mcluster11.wisdom.weizmann.ac.il', ""bash -lc '$HOME/venvs/experiment16-migrate/bin/python /home/ethantu/tmp/migrate_experiment15_to_16_one.py --remote-worker --old-dir /net/mraid20/ifs/wisdom/groups/mark_sheinin_lab/DATA/experiment-15 --new-dir /net/mraid20/ifs/wisdom/groups/mark_sheinin_lab/DATA/experiment-16 --hf-repo eturok-weizmann/laser-vibrations --source-dir-name cube-four-together-diagonal-00_1000--31-03-21-12-42 --sample-id 552 --stage pre_segment --overwrite --remote-audio-path /home/ethantu/tmp/chirp_50_1000_3.0sec.wav'""]' returned non-zero exit status 255.","Traceback (most recent call last):
  File ""/Users/eitanturok/good-vibrations/scripts/backfill_batch.py"", line 317, in _run_batch
    wrap_cmd = (
                ^
  File ""/Users/eitanturok/good-vibrations/scripts/backfill_batch.py"", line 245, in process_sample
    f""# Config files always re-uploaded (content may have changed)\n""
    ^^^^^^^^^^^^^^^^^^^^^^^^^^^
  File ""/Users/eitanturok/.local/share/uv/python/cpython-3.12.5-macos-aarch64-none/lib/python3.12/concurrent/futures/_base.py"", line 456, in result
    return self.__get_result()
           ^^^^^^^^^^^^^^^^^^^
  File ""/Users/eitanturok/.local/share/uv/python/cpython-3.12.5-macos-aarch64-none/lib/python3.12/concurrent/futures/_base.py"", line 401, in __get_result
    raise self._exception
  File ""/Users/eitanturok/.local/share/uv/python/cpython-3.12.5-macos-aarch64-none/lib/python3.12/concurrent/futures/thread.py"", line 58, in run
    result = self.fn(*self.args, **self.kwargs)
             ^^^^^^^^^^^^^^^^^^^^^^^^^^^^^^^^^^
  File ""/Users/eitanturok/good-vibrations/scripts/backfill_batch.py"", line 121, in _run_remote_stage
    REMOTE_SCRIPT, ""--remote-worker"",
  File ""/Users/eitanturok/good-vibrations/scripts/backfill_batch.py"", line 64, in _ssh_run
    # ── SSH helpers ───────────────────────────────────────────────────────────────
       ^^^^^^^^^^^^^^^^^^^^^^^^^^^^^^^^^^^^^^^^^^^^^^^^^^^^^^^^^^^^^^^^^^^^^^^^^^^^^
  File ""/Users/eitanturok/.local/share/uv/python/cpython-3.12.5-macos-aarch64-none/lib/python3.12/subprocess.py"", line 571, in run
    raise CalledProcessError(retcode, process.args,
subprocess.CalledProcessError: Command '['ssh', 'ethantu@mcluster11.wisdom.weizmann.ac.il', ""bash -lc '$HOME/venvs/experiment16-migrate/bin/python /home/ethantu/tmp/migrate_experiment15_to_16_one.py --remote-worker --old-dir /net/mraid20/ifs/wisdom/groups/mark_sheinin_lab/DATA/experiment-15 --new-dir /net/mraid20/ifs/wisdom/groups/mark_sheinin_lab/DATA/experiment-16 --hf-repo eturok-weizmann/laser-vibrations --source-dir-name cube-four-together-diagonal-00_1000--31-03-21-12-42 --sample-id 552 --stage pre_segment --overwrite --remote-audio-path /home/ethantu/tmp/chirp_50_1000_3.0sec.wav'""]' returned non-zero exit status 255.
",2026-04-26T05:52:56.844382,ssh_or_remote_failure,cube-four-together-diagonal-00,31-03-21-12-42,cube,multi_object_four,4,False,False,False,True,1000,,,,,,,,,,,,,,,,,,,,,,,False,False,False,False,False,False,False,False,False,False,False,False,False
cube-four-together-vertical-00_0001--31-03-21-12-11,553,"Command '['ssh', 'ethantu@mcluster11.wisdom.weizmann.ac.il', ""bash -lc '$HOME/venvs/experiment16-migrate/bin/python /home/ethantu/tmp/migrate_experiment15_to_16_one.py --remote-worker --old-dir /net/mraid20/ifs/wisdom/groups/mark_sheinin_lab/DATA/experiment-15 --new-dir /net/mraid20/ifs/wisdom/groups/mark_sheinin_lab/DATA/experiment-16 --hf-repo eturok-weizmann/laser-vibrations --source-dir-name cube-four-together-vertical-00_0001--31-03-21-12-11 --sample-id 553 --stage pre_segment --overwrite --remote-audio-path /home/ethantu/tmp/chirp_50_1000_3.0sec.wav'""]' returned non-zero exit status 255.","Traceback (most recent call last):
  File ""/Users/eitanturok/good-vibrations/scripts/backfill_batch.py"", line 317, in _run_batch
    wrap_cmd = (
                ^
  File ""/Users/eitanturok/good-vibrations/scripts/backfill_batch.py"", line 245, in process_sample
    f""# Config files always re-uploaded (content may have changed)\n""
    ^^^^^^^^^^^^^^^^^^^^^^^^^^^
  File ""/Users/eitanturok/.local/share/uv/python/cpython-3.12.5-macos-aarch64-none/lib/python3.12/concurrent/futures/_base.py"", line 456, in result
    return self.__get_result()
           ^^^^^^^^^^^^^^^^^^^
  File ""/Users/eitanturok/.local/share/uv/python/cpython-3.12.5-macos-aarch64-none/lib/python3.12/concurrent/futures/_base.py"", line 401, in __get_result
    raise self._exception
  File ""/Users/eitanturok/.local/share/uv/python/cpython-3.12.5-macos-aarch64-none/lib/python3.12/concurrent/futures/thread.py"", line 58, in run
    result = self.fn(*self.args, **self.kwargs)
             ^^^^^^^^^^^^^^^^^^^^^^^^^^^^^^^^^^
  File ""/Users/eitanturok/good-vibrations/scripts/backfill_batch.py"", line 121, in _run_remote_stage
    REMOTE_SCRIPT, ""--remote-worker"",
  File ""/Users/eitanturok/good-vibrations/scripts/backfill_batch.py"", line 64, in _ssh_run
    # ── SSH helpers ───────────────────────────────────────────────────────────────
       ^^^^^^^^^^^^^^^^^^^^^^^^^^^^^^^^^^^^^^^^^^^^^^^^^^^^^^^^^^^^^^^^^^^^^^^^^^^^^
  File ""/Users/eitanturok/.local/share/uv/python/cpython-3.12.5-macos-aarch64-none/lib/python3.12/subprocess.py"", line 571, in run
    raise CalledProcessError(retcode, process.args,
subprocess.CalledProcessError: Command '['ssh', 'ethantu@mcluster11.wisdom.weizmann.ac.il', ""bash -lc '$HOME/venvs/experiment16-migrate/bin/python /home/ethantu/tmp/migrate_experiment15_to_16_one.py --remote-worker --old-dir /net/mraid20/ifs/wisdom/groups/mark_sheinin_lab/DATA/experiment-15 --new-dir /net/mraid20/ifs/wisdom/groups/mark_sheinin_lab/DATA/experiment-16 --hf-repo eturok-weizmann/laser-vibrations --source-dir-name cube-four-together-vertical-00_0001--31-03-21-12-11 --sample-id 553 --stage pre_segment --overwrite --remote-audio-path /home/ethantu/tmp/chirp_50_1000_3.0sec.wav'""]' returned non-zero exit status 255.
",2026-04-26T05:52:56.859209,ssh_or_remote_failure,cube-four-together-vertical-00,31-03-21-12-11,cube,multi_object_four,4,False,False,False,True,0001,,,,,,,,,,,,,,,,,,,,,,,False,False,False,False,False,False,False,False,False,False,False,False,False
cube-four-together-vertical-00_0010--31-03-21-12-09,554,"Command '['ssh', 'ethantu@mcluster11.wisdom.weizmann.ac.il', ""bash -lc '$HOME/venvs/experiment16-migrate/bin/python /home/ethantu/tmp/migrate_experiment15_to_16_one.py --remote-worker --old-dir /net/mraid20/ifs/wisdom/groups/mark_sheinin_lab/DATA/experiment-15 --new-dir /net/mraid20/ifs/wisdom/groups/mark_sheinin_lab/DATA/experiment-16 --hf-repo eturok-weizmann/laser-vibrations --source-dir-name cube-four-together-vertical-00_0010--31-03-21-12-09 --sample-id 554 --stage pre_segment --overwrite --remote-audio-path /home/ethantu/tmp/chirp_50_1000_3.0sec.wav'""]' returned non-zero exit status 255.","Traceback (most recent call last):
  File ""/Users/eitanturok/good-vibrations/scripts/backfill_batch.py"", line 317, in _run_batch
    wrap_cmd = (
                ^
  File ""/Users/eitanturok/good-vibrations/scripts/backfill_batch.py"", line 245, in process_sample
    f""# Config files always re-uploaded (content may have changed)\n""
    ^^^^^^^^^^^^^^^^^^^^^^^^^^^
  File ""/Users/eitanturok/.local/share/uv/python/cpython-3.12.5-macos-aarch64-none/lib/python3.12/concurrent/futures/_base.py"", line 456, in result
    return self.__get_result()
           ^^^^^^^^^^^^^^^^^^^
  File ""/Users/eitanturok/.local/share/uv/python/cpython-3.12.5-macos-aarch64-none/lib/python3.12/concurrent/futures/_base.py"", line 401, in __get_result
    raise self._exception
  File ""/Users/eitanturok/.local/share/uv/python/cpython-3.12.5-macos-aarch64-none/lib/python3.12/concurrent/futures/thread.py"", line 58, in run
    result = self.fn(*self.args, **self.kwargs)
             ^^^^^^^^^^^^^^^^^^^^^^^^^^^^^^^^^^
  File ""/Users/eitanturok/good-vibrations/scripts/backfill_batch.py"", line 121, in _run_remote_stage
    REMOTE_SCRIPT, ""--remote-worker"",
  File ""/Users/eitanturok/good-vibrations/scripts/backfill_batch.py"", line 64, in _ssh_run
    # ── SSH helpers ───────────────────────────────────────────────────────────────
       ^^^^^^^^^^^^^^^^^^^^^^^^^^^^^^^^^^^^^^^^^^^^^^^^^^^^^^^^^^^^^^^^^^^^^^^^^^^^^
  File ""/Users/eitanturok/.local/share/uv/python/cpython-3.12.5-macos-aarch64-none/lib/python3.12/subprocess.py"", line 571, in run
    raise CalledProcessError(retcode, process.args,
subprocess.CalledProcessError: Command '['ssh', 'ethantu@mcluster11.wisdom.weizmann.ac.il', ""bash -lc '$HOME/venvs/experiment16-migrate/bin/python /home/ethantu/tmp/migrate_experiment15_to_16_one.py --remote-worker --old-dir /net/mraid20/ifs/wisdom/groups/mark_sheinin_lab/DATA/experiment-15 --new-dir /net/mraid20/ifs/wisdom/groups/mark_sheinin_lab/DATA/experiment-16 --hf-repo eturok-weizmann/laser-vibrations --source-dir-name cube-four-together-vertical-00_0010--31-03-21-12-09 --sample-id 554 --stage pre_segment --overwrite --remote-audio-path /home/ethantu/tmp/chirp_50_1000_3.0sec.wav'""]' returned non-zero exit status 255.
",2026-04-26T05:52:56.874278,ssh_or_remote_failure,cube-four-together-vertical-00,31-03-21-12-09,cube,multi_object_four,4,False,False,False,True,0010,,,,,,,,,,,,,,,,,,,,,,,False,False,False,False,False,False,False,False,False,False,False,False,False
cube-four-together-vertical-00_0100--31-03-21-12-07,555,"Command '['ssh', 'ethantu@mcluster11.wisdom.weizmann.ac.il', ""bash -lc '$HOME/venvs/experiment16-migrate/bin/python /home/ethantu/tmp/migrate_experiment15_to_16_one.py --remote-worker --old-dir /net/mraid20/ifs/wisdom/groups/mark_sheinin_lab/DATA/experiment-15 --new-dir /net/mraid20/ifs/wisdom/groups/mark_sheinin_lab/DATA/experiment-16 --hf-repo eturok-weizmann/laser-vibrations --source-dir-name cube-four-together-vertical-00_0100--31-03-21-12-07 --sample-id 555 --stage pre_segment --overwrite --remote-audio-path /home/ethantu/tmp/chirp_50_1000_3.0sec.wav'""]' returned non-zero exit status 255.","Traceback (most recent call last):
  File ""/Users/eitanturok/good-vibrations/scripts/backfill_batch.py"", line 317, in _run_batch
    wrap_cmd = (
                ^
  File ""/Users/eitanturok/good-vibrations/scripts/backfill_batch.py"", line 245, in process_sample
    f""# Config files always re-uploaded (content may have changed)\n""
    ^^^^^^^^^^^^^^^^^^^^^^^^^^^
  File ""/Users/eitanturok/.local/share/uv/python/cpython-3.12.5-macos-aarch64-none/lib/python3.12/concurrent/futures/_base.py"", line 456, in result
    return self.__get_result()
           ^^^^^^^^^^^^^^^^^^^
  File ""/Users/eitanturok/.local/share/uv/python/cpython-3.12.5-macos-aarch64-none/lib/python3.12/concurrent/futures/_base.py"", line 401, in __get_result
    raise self._exception
  File ""/Users/eitanturok/.local/share/uv/python/cpython-3.12.5-macos-aarch64-none/lib/python3.12/concurrent/futures/thread.py"", line 58, in run
    result = self.fn(*self.args, **self.kwargs)
             ^^^^^^^^^^^^^^^^^^^^^^^^^^^^^^^^^^
  File ""/Users/eitanturok/good-vibrations/scripts/backfill_batch.py"", line 121, in _run_remote_stage
    REMOTE_SCRIPT, ""--remote-worker"",
  File ""/Users/eitanturok/good-vibrations/scripts/backfill_batch.py"", line 64, in _ssh_run
    # ── SSH helpers ───────────────────────────────────────────────────────────────
       ^^^^^^^^^^^^^^^^^^^^^^^^^^^^^^^^^^^^^^^^^^^^^^^^^^^^^^^^^^^^^^^^^^^^^^^^^^^^^
  File ""/Users/eitanturok/.local/share/uv/python/cpython-3.12.5-macos-aarch64-none/lib/python3.12/subprocess.py"", line 571, in run
    raise CalledProcessError(retcode, process.args,
subprocess.CalledProcessError: Command '['ssh', 'ethantu@mcluster11.wisdom.weizmann.ac.il', ""bash -lc '$HOME/venvs/experiment16-migrate/bin/python /home/ethantu/tmp/migrate_experiment15_to_16_one.py --remote-worker --old-dir /net/mraid20/ifs/wisdom/groups/mark_sheinin_lab/DATA/experiment-15 --new-dir /net/mraid20/ifs/wisdom/groups/mark_sheinin_lab/DATA/experiment-16 --hf-repo eturok-weizmann/laser-vibrations --source-dir-name cube-four-together-vertical-00_0100--31-03-21-12-07 --sample-id 555 --stage pre_segment --overwrite --remote-audio-path /home/ethantu/tmp/chirp_50_1000_3.0sec.wav'""]' returned non-zero exit status 255.
",2026-04-26T05:52:56.890740,ssh_or_remote_failure,cube-four-together-vertical-00,31-03-21-12-07,cube,multi_object_four,4,False,False,False,True,0100,,,,,,,,,,,,,,,,,,,,,,,False,False,False,False,False,False,False,False,False,False,False,False,False
cube-four-together-vertical-00_1000--31-03-21-12-05,556,"Command '['ssh', 'ethantu@mcluster11.wisdom.weizmann.ac.il', ""bash -lc '$HOME/venvs/experiment16-migrate/bin/python /home/ethantu/tmp/migrate_experiment15_to_16_one.py --remote-worker --old-dir /net/mraid20/ifs/wisdom/groups/mark_sheinin_lab/DATA/experiment-15 --new-dir /net/mraid20/ifs/wisdom/groups/mark_sheinin_lab/DATA/experiment-16 --hf-repo eturok-weizmann/laser-vibrations --source-dir-name cube-four-together-vertical-00_1000--31-03-21-12-05 --sample-id 556 --stage pre_segment --overwrite --remote-audio-path /home/ethantu/tmp/chirp_50_1000_3.0sec.wav'""]' returned non-zero exit status 255.","Traceback (most recent call last):
  File ""/Users/eitanturok/good-vibrations/scripts/backfill_batch.py"", line 317, in _run_batch
    wrap_cmd = (
                ^
  File ""/Users/eitanturok/good-vibrations/scripts/backfill_batch.py"", line 245, in process_sample
    f""# Config files always re-uploaded (content may have changed)\n""
    ^^^^^^^^^^^^^^^^^^^^^^^^^^^
  File ""/Users/eitanturok/.local/share/uv/python/cpython-3.12.5-macos-aarch64-none/lib/python3.12/concurrent/futures/_base.py"", line 456, in result
    return self.__get_result()
           ^^^^^^^^^^^^^^^^^^^
  File ""/Users/eitanturok/.local/share/uv/python/cpython-3.12.5-macos-aarch64-none/lib/python3.12/concurrent/futures/_base.py"", line 401, in __get_result
    raise self._exception
  File ""/Users/eitanturok/.local/share/uv/python/cpython-3.12.5-macos-aarch64-none/lib/python3.12/concurrent/futures/thread.py"", line 58, in run
    result = self.fn(*self.args, **self.kwargs)
             ^^^^^^^^^^^^^^^^^^^^^^^^^^^^^^^^^^
  File ""/Users/eitanturok/good-vibrations/scripts/backfill_batch.py"", line 121, in _run_remote_stage
    REMOTE_SCRIPT, ""--remote-worker"",
  File ""/Users/eitanturok/good-vibrations/scripts/backfill_batch.py"", line 64, in _ssh_run
    # ── SSH helpers ───────────────────────────────────────────────────────────────
       ^^^^^^^^^^^^^^^^^^^^^^^^^^^^^^^^^^^^^^^^^^^^^^^^^^^^^^^^^^^^^^^^^^^^^^^^^^^^^
  File ""/Users/eitanturok/.local/share/uv/python/cpython-3.12.5-macos-aarch64-none/lib/python3.12/subprocess.py"", line 571, in run
    raise CalledProcessError(retcode, process.args,
subprocess.CalledProcessError: Command '['ssh', 'ethantu@mcluster11.wisdom.weizmann.ac.il', ""bash -lc '$HOME/venvs/experiment16-migrate/bin/python /home/ethantu/tmp/migrate_experiment15_to_16_one.py --remote-worker --old-dir /net/mraid20/ifs/wisdom/groups/mark_sheinin_lab/DATA/experiment-15 --new-dir /net/mraid20/ifs/wisdom/groups/mark_sheinin_lab/DATA/experiment-16 --hf-repo eturok-weizmann/laser-vibrations --source-dir-name cube-four-together-vertical-00_1000--31-03-21-12-05 --sample-id 556 --stage pre_segment --overwrite --remote-audio-path /home/ethantu/tmp/chirp_50_1000_3.0sec.wav'""]' returned non-zero exit status 255.
",2026-04-26T05:52:56.906485,ssh_or_remote_failure,cube-four-together-vertical-00,31-03-21-12-05,cube,multi_object_four,4,False,False,False,True,1000,,,,,,,,,,,,,,,,,,,,,,,False,False,False,False,False,False,False,False,False,False,False,False,False
cube-offrid-01_0001--31-03-20-57-52,557,"Command '['ssh', 'ethantu@mcluster11.wisdom.weizmann.ac.il', ""bash -lc '$HOME/venvs/experiment16-migrate/bin/python /home/ethantu/tmp/migrate_experiment15_to_16_one.py --remote-worker --old-dir /net/mraid20/ifs/wisdom/groups/mark_sheinin_lab/DATA/experiment-15 --new-dir /net/mraid20/ifs/wisdom/groups/mark_sheinin_lab/DATA/experiment-16 --hf-repo eturok-weizmann/laser-vibrations --source-dir-name cube-offrid-01_0001--31-03-20-57-52 --sample-id 557 --stage pre_segment --overwrite --remote-audio-path /home/ethantu/tmp/chirp_50_1000_3.0sec.wav'""]' returned non-zero exit status 255.","Traceback (most recent call last):
  File ""/Users/eitanturok/good-vibrations/scripts/backfill_batch.py"", line 317, in _run_batch
    wrap_cmd = (
                ^
  File ""/Users/eitanturok/good-vibrations/scripts/backfill_batch.py"", line 245, in process_sample
    f""# Config files always re-uploaded (content may have changed)\n""
    ^^^^^^^^^^^^^^^^^^^^^^^^^^^
  File ""/Users/eitanturok/.local/share/uv/python/cpython-3.12.5-macos-aarch64-none/lib/python3.12/concurrent/futures/_base.py"", line 456, in result
    return self.__get_result()
           ^^^^^^^^^^^^^^^^^^^
  File ""/Users/eitanturok/.local/share/uv/python/cpython-3.12.5-macos-aarch64-none/lib/python3.12/concurrent/futures/_base.py"", line 401, in __get_result
    raise self._exception
  File ""/Users/eitanturok/.local/share/uv/python/cpython-3.12.5-macos-aarch64-none/lib/python3.12/concurrent/futures/thread.py"", line 58, in run
    result = self.fn(*self.args, **self.kwargs)
             ^^^^^^^^^^^^^^^^^^^^^^^^^^^^^^^^^^
  File ""/Users/eitanturok/good-vibrations/scripts/backfill_batch.py"", line 121, in _run_remote_stage
    REMOTE_SCRIPT, ""--remote-worker"",
  File ""/Users/eitanturok/good-vibrations/scripts/backfill_batch.py"", line 64, in _ssh_run
    # ── SSH helpers ───────────────────────────────────────────────────────────────
       ^^^^^^^^^^^^^^^^^^^^^^^^^^^^^^^^^^^^^^^^^^^^^^^^^^^^^^^^^^^^^^^^^^^^^^^^^^^^^
  File ""/Users/eitanturok/.local/share/uv/python/cpython-3.12.5-macos-aarch64-none/lib/python3.12/subprocess.py"", line 571, in run
    raise CalledProcessError(retcode, process.args,
subprocess.CalledProcessError: Command '['ssh', 'ethantu@mcluster11.wisdom.weizmann.ac.il', ""bash -lc '$HOME/venvs/experiment16-migrate/bin/python /home/ethantu/tmp/migrate_experiment15_to_16_one.py --remote-worker --old-dir /net/mraid20/ifs/wisdom/groups/mark_sheinin_lab/DATA/experiment-15 --new-dir /net/mraid20/ifs/wisdom/groups/mark_sheinin_lab/DATA/experiment-16 --hf-repo eturok-weizmann/laser-vibrations --source-dir-name cube-offrid-01_0001--31-03-20-57-52 --sample-id 557 --stage pre_segment --overwrite --remote-audio-path /home/ethantu/tmp/chirp_50_1000_3.0sec.wav'""]' returned non-zero exit status 255.
",2026-04-26T05:52:56.920154,ssh_or_remote_failure,cube-offrid-01,31-03-20-57-52,cube,offgrid,1,False,True,False,False,0001,,,,,,,,,,,,,,,,,,,,,,,False,False,False,False,False,False,False,False,False,False,False,False,False
cube-offrid-01_0010--31-03-20-57-50,558,"Command '['ssh', 'ethantu@mcluster11.wisdom.weizmann.ac.il', ""bash -lc '$HOME/venvs/experiment16-migrate/bin/python /home/ethantu/tmp/migrate_experiment15_to_16_one.py --remote-worker --old-dir /net/mraid20/ifs/wisdom/groups/mark_sheinin_lab/DATA/experiment-15 --new-dir /net/mraid20/ifs/wisdom/groups/mark_sheinin_lab/DATA/experiment-16 --hf-repo eturok-weizmann/laser-vibrations --source-dir-name cube-offrid-01_0010--31-03-20-57-50 --sample-id 558 --stage pre_segment --overwrite --remote-audio-path /home/ethantu/tmp/chirp_50_1000_3.0sec.wav'""]' returned non-zero exit status 255.","Traceback (most recent call last):
  File ""/Users/eitanturok/good-vibrations/scripts/backfill_batch.py"", line 317, in _run_batch
    wrap_cmd = (
                ^
  File ""/Users/eitanturok/good-vibrations/scripts/backfill_batch.py"", line 245, in process_sample
    f""# Config files always re-uploaded (content may have changed)\n""
    ^^^^^^^^^^^^^^^^^^^^^^^^^^^
  File ""/Users/eitanturok/.local/share/uv/python/cpython-3.12.5-macos-aarch64-none/lib/python3.12/concurrent/futures/_base.py"", line 456, in result
    return self.__get_result()
           ^^^^^^^^^^^^^^^^^^^
  File ""/Users/eitanturok/.local/share/uv/python/cpython-3.12.5-macos-aarch64-none/lib/python3.12/concurrent/futures/_base.py"", line 401, in __get_result
    raise self._exception
  File ""/Users/eitanturok/.local/share/uv/python/cpython-3.12.5-macos-aarch64-none/lib/python3.12/concurrent/futures/thread.py"", line 58, in run
    result = self.fn(*self.args, **self.kwargs)
             ^^^^^^^^^^^^^^^^^^^^^^^^^^^^^^^^^^
  File ""/Users/eitanturok/good-vibrations/scripts/backfill_batch.py"", line 121, in _run_remote_stage
    REMOTE_SCRIPT, ""--remote-worker"",
  File ""/Users/eitanturok/good-vibrations/scripts/backfill_batch.py"", line 64, in _ssh_run
    # ── SSH helpers ───────────────────────────────────────────────────────────────
       ^^^^^^^^^^^^^^^^^^^^^^^^^^^^^^^^^^^^^^^^^^^^^^^^^^^^^^^^^^^^^^^^^^^^^^^^^^^^^
  File ""/Users/eitanturok/.local/share/uv/python/cpython-3.12.5-macos-aarch64-none/lib/python3.12/subprocess.py"", line 571, in run
    raise CalledProcessError(retcode, process.args,
subprocess.CalledProcessError: Command '['ssh', 'ethantu@mcluster11.wisdom.weizmann.ac.il', ""bash -lc '$HOME/venvs/experiment16-migrate/bin/python /home/ethantu/tmp/migrate_experiment15_to_16_one.py --remote-worker --old-dir /net/mraid20/ifs/wisdom/groups/mark_sheinin_lab/DATA/experiment-15 --new-dir /net/mraid20/ifs/wisdom/groups/mark_sheinin_lab/DATA/experiment-16 --hf-repo eturok-weizmann/laser-vibrations --source-dir-name cube-offrid-01_0010--31-03-20-57-50 --sample-id 558 --stage pre_segment --overwrite --remote-audio-path /home/ethantu/tmp/chirp_50_1000_3.0sec.wav'""]' returned non-zero exit status 255.
",2026-04-26T05:52:56.935476,ssh_or_remote_failure,cube-offrid-01,31-03-20-57-50,cube,offgrid,1,False,True,False,False,0010,,,,,,,,,,,,,,,,,,,,,,,False,False,False,False,False,False,False,False,False,False,False,False,False
cube-offrid-01_0100--31-03-20-57-48,559,"Command '['ssh', 'ethantu@mcluster11.wisdom.weizmann.ac.il', ""bash -lc '$HOME/venvs/experiment16-migrate/bin/python /home/ethantu/tmp/migrate_experiment15_to_16_one.py --remote-worker --old-dir /net/mraid20/ifs/wisdom/groups/mark_sheinin_lab/DATA/experiment-15 --new-dir /net/mraid20/ifs/wisdom/groups/mark_sheinin_lab/DATA/experiment-16 --hf-repo eturok-weizmann/laser-vibrations --source-dir-name cube-offrid-01_0100--31-03-20-57-48 --sample-id 559 --stage pre_segment --overwrite --remote-audio-path /home/ethantu/tmp/chirp_50_1000_3.0sec.wav'""]' returned non-zero exit status 255.","Traceback (most recent call last):
  File ""/Users/eitanturok/good-vibrations/scripts/backfill_batch.py"", line 317, in _run_batch
    wrap_cmd = (
                ^
  File ""/Users/eitanturok/good-vibrations/scripts/backfill_batch.py"", line 245, in process_sample
    f""# Config files always re-uploaded (content may have changed)\n""
    ^^^^^^^^^^^^^^^^^^^^^^^^^^^
  File ""/Users/eitanturok/.local/share/uv/python/cpython-3.12.5-macos-aarch64-none/lib/python3.12/concurrent/futures/_base.py"", line 456, in result
    return self.__get_result()
           ^^^^^^^^^^^^^^^^^^^
  File ""/Users/eitanturok/.local/share/uv/python/cpython-3.12.5-macos-aarch64-none/lib/python3.12/concurrent/futures/_base.py"", line 401, in __get_result
    raise self._exception
  File ""/Users/eitanturok/.local/share/uv/python/cpython-3.12.5-macos-aarch64-none/lib/python3.12/concurrent/futures/thread.py"", line 58, in run
    result = self.fn(*self.args, **self.kwargs)
             ^^^^^^^^^^^^^^^^^^^^^^^^^^^^^^^^^^
  File ""/Users/eitanturok/good-vibrations/scripts/backfill_batch.py"", line 121, in _run_remote_stage
    REMOTE_SCRIPT, ""--remote-worker"",
  File ""/Users/eitanturok/good-vibrations/scripts/backfill_batch.py"", line 64, in _ssh_run
    # ── SSH helpers ───────────────────────────────────────────────────────────────
       ^^^^^^^^^^^^^^^^^^^^^^^^^^^^^^^^^^^^^^^^^^^^^^^^^^^^^^^^^^^^^^^^^^^^^^^^^^^^^
  File ""/Users/eitanturok/.local/share/uv/python/cpython-3.12.5-macos-aarch64-none/lib/python3.12/subprocess.py"", line 571, in run
    raise CalledProcessError(retcode, process.args,
subprocess.CalledProcessError: Command '['ssh', 'ethantu@mcluster11.wisdom.weizmann.ac.il', ""bash -lc '$HOME/venvs/experiment16-migrate/bin/python /home/ethantu/tmp/migrate_experiment15_to_16_one.py --remote-worker --old-dir /net/mraid20/ifs/wisdom/groups/mark_sheinin_lab/DATA/experiment-15 --new-dir /net/mraid20/ifs/wisdom/groups/mark_sheinin_lab/DATA/experiment-16 --hf-repo eturok-weizmann/laser-vibrations --source-dir-name cube-offrid-01_0100--31-03-20-57-48 --sample-id 559 --stage pre_segment --overwrite --remote-audio-path /home/ethantu/tmp/chirp_50_1000_3.0sec.wav'""]' returned non-zero exit status 255.
",2026-04-26T05:52:56.953371,ssh_or_remote_failure,cube-offrid-01,31-03-20-57-48,cube,offgrid,1,False,True,False,False,0100,,,,,,,,,,,,,,,,,,,,,,,False,False,False,False,False,False,False,False,False,False,False,False,False
cube-offrid-01_1000--31-03-20-57-47,560,"Command '['ssh', 'ethantu@mcluster11.wisdom.weizmann.ac.il', ""bash -lc '$HOME/venvs/experiment16-migrate/bin/python /home/ethantu/tmp/migrate_experiment15_to_16_one.py --remote-worker --old-dir /net/mraid20/ifs/wisdom/groups/mark_sheinin_lab/DATA/experiment-15 --new-dir /net/mraid20/ifs/wisdom/groups/mark_sheinin_lab/DATA/experiment-16 --hf-repo eturok-weizmann/laser-vibrations --source-dir-name cube-offrid-01_1000--31-03-20-57-47 --sample-id 560 --stage pre_segment --overwrite --remote-audio-path /home/ethantu/tmp/chirp_50_1000_3.0sec.wav'""]' returned non-zero exit status 255.","Traceback (most recent call last):
  File ""/Users/eitanturok/good-vibrations/scripts/backfill_batch.py"", line 317, in _run_batch
    wrap_cmd = (
                ^
  File ""/Users/eitanturok/good-vibrations/scripts/backfill_batch.py"", line 245, in process_sample
    f""# Config files always re-uploaded (content may have changed)\n""
    ^^^^^^^^^^^^^^^^^^^^^^^^^^^
  File ""/Users/eitanturok/.local/share/uv/python/cpython-3.12.5-macos-aarch64-none/lib/python3.12/concurrent/futures/_base.py"", line 456, in result
    return self.__get_result()
           ^^^^^^^^^^^^^^^^^^^
  File ""/Users/eitanturok/.local/share/uv/python/cpython-3.12.5-macos-aarch64-none/lib/python3.12/concurrent/futures/_base.py"", line 401, in __get_result
    raise self._exception
  File ""/Users/eitanturok/.local/share/uv/python/cpython-3.12.5-macos-aarch64-none/lib/python3.12/concurrent/futures/thread.py"", line 58, in run
    result = self.fn(*self.args, **self.kwargs)
             ^^^^^^^^^^^^^^^^^^^^^^^^^^^^^^^^^^
  File ""/Users/eitanturok/good-vibrations/scripts/backfill_batch.py"", line 121, in _run_remote_stage
    REMOTE_SCRIPT, ""--remote-worker"",
  File ""/Users/eitanturok/good-vibrations/scripts/backfill_batch.py"", line 64, in _ssh_run
    # ── SSH helpers ───────────────────────────────────────────────────────────────
       ^^^^^^^^^^^^^^^^^^^^^^^^^^^^^^^^^^^^^^^^^^^^^^^^^^^^^^^^^^^^^^^^^^^^^^^^^^^^^
  File ""/Users/eitanturok/.local/share/uv/python/cpython-3.12.5-macos-aarch64-none/lib/python3.12/subprocess.py"", line 571, in run
    raise CalledProcessError(retcode, process.args,
subprocess.CalledProcessError: Command '['ssh', 'ethantu@mcluster11.wisdom.weizmann.ac.il', ""bash -lc '$HOME/venvs/experiment16-migrate/bin/python /home/ethantu/tmp/migrate_experiment15_to_16_one.py --remote-worker --old-dir /net/mraid20/ifs/wisdom/groups/mark_sheinin_lab/DATA/experiment-15 --new-dir /net/mraid20/ifs/wisdom/groups/mark_sheinin_lab/DATA/experiment-16 --hf-repo eturok-weizmann/laser-vibrations --source-dir-name cube-offrid-01_1000--31-03-20-57-47 --sample-id 560 --stage pre_segment --overwrite --remote-audio-path /home/ethantu/tmp/chirp_50_1000_3.0sec.wav'""]' returned non-zero exit status 255.
",2026-04-26T05:52:56.970360,ssh_or_remote_failure,cube-offrid-01,31-03-20-57-47,cube,offgrid,1,False,True,False,False,1000,,,,,,,,,,,,,,,,,,,,,,,False,False,False,False,False,False,False,False,False,False,False,False,False
cube-offrid-02_0001--31-03-20-58-52,561,"Command '['ssh', 'ethantu@mcluster11.wisdom.weizmann.ac.il', ""bash -lc '$HOME/venvs/experiment16-migrate/bin/python /home/ethantu/tmp/migrate_experiment15_to_16_one.py --remote-worker --old-dir /net/mraid20/ifs/wisdom/groups/mark_sheinin_lab/DATA/experiment-15 --new-dir /net/mraid20/ifs/wisdom/groups/mark_sheinin_lab/DATA/experiment-16 --hf-repo eturok-weizmann/laser-vibrations --source-dir-name cube-offrid-02_0001--31-03-20-58-52 --sample-id 561 --stage pre_segment --overwrite --remote-audio-path /home/ethantu/tmp/chirp_50_1000_3.0sec.wav'""]' returned non-zero exit status 255.","Traceback (most recent call last):
  File ""/Users/eitanturok/good-vibrations/scripts/backfill_batch.py"", line 317, in _run_batch
    wrap_cmd = (
                ^
  File ""/Users/eitanturok/good-vibrations/scripts/backfill_batch.py"", line 245, in process_sample
    f""# Config files always re-uploaded (content may have changed)\n""
    ^^^^^^^^^^^^^^^^^^^^^^^^^^^
  File ""/Users/eitanturok/.local/share/uv/python/cpython-3.12.5-macos-aarch64-none/lib/python3.12/concurrent/futures/_base.py"", line 456, in result
    return self.__get_result()
           ^^^^^^^^^^^^^^^^^^^
  File ""/Users/eitanturok/.local/share/uv/python/cpython-3.12.5-macos-aarch64-none/lib/python3.12/concurrent/futures/_base.py"", line 401, in __get_result
    raise self._exception
  File ""/Users/eitanturok/.local/share/uv/python/cpython-3.12.5-macos-aarch64-none/lib/python3.12/concurrent/futures/thread.py"", line 58, in run
    result = self.fn(*self.args, **self.kwargs)
             ^^^^^^^^^^^^^^^^^^^^^^^^^^^^^^^^^^
  File ""/Users/eitanturok/good-vibrations/scripts/backfill_batch.py"", line 121, in _run_remote_stage
    REMOTE_SCRIPT, ""--remote-worker"",
  File ""/Users/eitanturok/good-vibrations/scripts/backfill_batch.py"", line 64, in _ssh_run
    # ── SSH helpers ───────────────────────────────────────────────────────────────
       ^^^^^^^^^^^^^^^^^^^^^^^^^^^^^^^^^^^^^^^^^^^^^^^^^^^^^^^^^^^^^^^^^^^^^^^^^^^^^
  File ""/Users/eitanturok/.local/share/uv/python/cpython-3.12.5-macos-aarch64-none/lib/python3.12/subprocess.py"", line 571, in run
    raise CalledProcessError(retcode, process.args,
subprocess.CalledProcessError: Command '['ssh', 'ethantu@mcluster11.wisdom.weizmann.ac.il', ""bash -lc '$HOME/venvs/experiment16-migrate/bin/python /home/ethantu/tmp/migrate_experiment15_to_16_one.py --remote-worker --old-dir /net/mraid20/ifs/wisdom/groups/mark_sheinin_lab/DATA/experiment-15 --new-dir /net/mraid20/ifs/wisdom/groups/mark_sheinin_lab/DATA/experiment-16 --hf-repo eturok-weizmann/laser-vibrations --source-dir-name cube-offrid-02_0001--31-03-20-58-52 --sample-id 561 --stage pre_segment --overwrite --remote-audio-path /home/ethantu/tmp/chirp_50_1000_3.0sec.wav'""]' returned non-zero exit status 255.
",2026-04-26T05:52:56.985163,ssh_or_remote_failure,cube-offrid-02,31-03-20-58-52,cube,offgrid,1,False,True,False,False,0001,,,,,,,,,,,,,,,,,,,,,,,False,False,False,False,False,False,False,False,False,False,False,False,False
cube-offrid-02_0010--31-03-20-58-50,562,"Command '['ssh', 'ethantu@mcluster11.wisdom.weizmann.ac.il', ""bash -lc '$HOME/venvs/experiment16-migrate/bin/python /home/ethantu/tmp/migrate_experiment15_to_16_one.py --remote-worker --old-dir /net/mraid20/ifs/wisdom/groups/mark_sheinin_lab/DATA/experiment-15 --new-dir /net/mraid20/ifs/wisdom/groups/mark_sheinin_lab/DATA/experiment-16 --hf-repo eturok-weizmann/laser-vibrations --source-dir-name cube-offrid-02_0010--31-03-20-58-50 --sample-id 562 --stage pre_segment --overwrite --remote-audio-path /home/ethantu/tmp/chirp_50_1000_3.0sec.wav'""]' returned non-zero exit status 255.","Traceback (most recent call last):
  File ""/Users/eitanturok/good-vibrations/scripts/backfill_batch.py"", line 317, in _run_batch
    wrap_cmd = (
                ^
  File ""/Users/eitanturok/good-vibrations/scripts/backfill_batch.py"", line 245, in process_sample
    f""# Config files always re-uploaded (content may have changed)\n""
    ^^^^^^^^^^^^^^^^^^^^^^^^^^^
  File ""/Users/eitanturok/.local/share/uv/python/cpython-3.12.5-macos-aarch64-none/lib/python3.12/concurrent/futures/_base.py"", line 456, in result
    return self.__get_result()
           ^^^^^^^^^^^^^^^^^^^
  File ""/Users/eitanturok/.local/share/uv/python/cpython-3.12.5-macos-aarch64-none/lib/python3.12/concurrent/futures/_base.py"", line 401, in __get_result
    raise self._exception
  File ""/Users/eitanturok/.local/share/uv/python/cpython-3.12.5-macos-aarch64-none/lib/python3.12/concurrent/futures/thread.py"", line 58, in run
    result = self.fn(*self.args, **self.kwargs)
             ^^^^^^^^^^^^^^^^^^^^^^^^^^^^^^^^^^
  File ""/Users/eitanturok/good-vibrations/scripts/backfill_batch.py"", line 121, in _run_remote_stage
    REMOTE_SCRIPT, ""--remote-worker"",
  File ""/Users/eitanturok/good-vibrations/scripts/backfill_batch.py"", line 64, in _ssh_run
    # ── SSH helpers ───────────────────────────────────────────────────────────────
       ^^^^^^^^^^^^^^^^^^^^^^^^^^^^^^^^^^^^^^^^^^^^^^^^^^^^^^^^^^^^^^^^^^^^^^^^^^^^^
  File ""/Users/eitanturok/.local/share/uv/python/cpython-3.12.5-macos-aarch64-none/lib/python3.12/subprocess.py"", line 571, in run
    raise CalledProcessError(retcode, process.args,
subprocess.CalledProcessError: Command '['ssh', 'ethantu@mcluster11.wisdom.weizmann.ac.il', ""bash -lc '$HOME/venvs/experiment16-migrate/bin/python /home/ethantu/tmp/migrate_experiment15_to_16_one.py --remote-worker --old-dir /net/mraid20/ifs/wisdom/groups/mark_sheinin_lab/DATA/experiment-15 --new-dir /net/mraid20/ifs/wisdom/groups/mark_sheinin_lab/DATA/experiment-16 --hf-repo eturok-weizmann/laser-vibrations --source-dir-name cube-offrid-02_0010--31-03-20-58-50 --sample-id 562 --stage pre_segment --overwrite --remote-audio-path /home/ethantu/tmp/chirp_50_1000_3.0sec.wav'""]' returned non-zero exit status 255.
",2026-04-26T05:52:57.012939,ssh_or_remote_failure,cube-offrid-02,31-03-20-58-50,cube,offgrid,1,False,True,False,False,0010,,,,,,,,,,,,,,,,,,,,,,,False,False,False,False,False,False,False,False,False,False,False,False,False
cube-offrid-02_0100--31-03-20-58-48,563,"Command '['ssh', 'ethantu@mcluster11.wisdom.weizmann.ac.il', ""bash -lc '$HOME/venvs/experiment16-migrate/bin/python /home/ethantu/tmp/migrate_experiment15_to_16_one.py --remote-worker --old-dir /net/mraid20/ifs/wisdom/groups/mark_sheinin_lab/DATA/experiment-15 --new-dir /net/mraid20/ifs/wisdom/groups/mark_sheinin_lab/DATA/experiment-16 --hf-repo eturok-weizmann/laser-vibrations --source-dir-name cube-offrid-02_0100--31-03-20-58-48 --sample-id 563 --stage pre_segment --overwrite --remote-audio-path /home/ethantu/tmp/chirp_50_1000_3.0sec.wav'""]' returned non-zero exit status 255.","Traceback (most recent call last):
  File ""/Users/eitanturok/good-vibrations/scripts/backfill_batch.py"", line 317, in _run_batch
    wrap_cmd = (
                ^
  File ""/Users/eitanturok/good-vibrations/scripts/backfill_batch.py"", line 245, in process_sample
    f""# Config files always re-uploaded (content may have changed)\n""
    ^^^^^^^^^^^^^^^^^^^^^^^^^^^
  File ""/Users/eitanturok/.local/share/uv/python/cpython-3.12.5-macos-aarch64-none/lib/python3.12/concurrent/futures/_base.py"", line 456, in result
    return self.__get_result()
           ^^^^^^^^^^^^^^^^^^^
  File ""/Users/eitanturok/.local/share/uv/python/cpython-3.12.5-macos-aarch64-none/lib/python3.12/concurrent/futures/_base.py"", line 401, in __get_result
    raise self._exception
  File ""/Users/eitanturok/.local/share/uv/python/cpython-3.12.5-macos-aarch64-none/lib/python3.12/concurrent/futures/thread.py"", line 58, in run
    result = self.fn(*self.args, **self.kwargs)
             ^^^^^^^^^^^^^^^^^^^^^^^^^^^^^^^^^^
  File ""/Users/eitanturok/good-vibrations/scripts/backfill_batch.py"", line 121, in _run_remote_stage
    REMOTE_SCRIPT, ""--remote-worker"",
  File ""/Users/eitanturok/good-vibrations/scripts/backfill_batch.py"", line 64, in _ssh_run
    # ── SSH helpers ───────────────────────────────────────────────────────────────
       ^^^^^^^^^^^^^^^^^^^^^^^^^^^^^^^^^^^^^^^^^^^^^^^^^^^^^^^^^^^^^^^^^^^^^^^^^^^^^
  File ""/Users/eitanturok/.local/share/uv/python/cpython-3.12.5-macos-aarch64-none/lib/python3.12/subprocess.py"", line 571, in run
    raise CalledProcessError(retcode, process.args,
subprocess.CalledProcessError: Command '['ssh', 'ethantu@mcluster11.wisdom.weizmann.ac.il', ""bash -lc '$HOME/venvs/experiment16-migrate/bin/python /home/ethantu/tmp/migrate_experiment15_to_16_one.py --remote-worker --old-dir /net/mraid20/ifs/wisdom/groups/mark_sheinin_lab/DATA/experiment-15 --new-dir /net/mraid20/ifs/wisdom/groups/mark_sheinin_lab/DATA/experiment-16 --hf-repo eturok-weizmann/laser-vibrations --source-dir-name cube-offrid-02_0100--31-03-20-58-48 --sample-id 563 --stage pre_segment --overwrite --remote-audio-path /home/ethantu/tmp/chirp_50_1000_3.0sec.wav'""]' returned non-zero exit status 255.
",2026-04-26T05:52:57.029144,ssh_or_remote_failure,cube-offrid-02,31-03-20-58-48,cube,offgrid,1,False,True,False,False,0100,,,,,,,,,,,,,,,,,,,,,,,False,False,False,False,False,False,False,False,False,False,False,False,False
cube-offrid-02_1000--31-03-20-58-46,564,"Command '['ssh', 'ethantu@mcluster11.wisdom.weizmann.ac.il', ""bash -lc '$HOME/venvs/experiment16-migrate/bin/python /home/ethantu/tmp/migrate_experiment15_to_16_one.py --remote-worker --old-dir /net/mraid20/ifs/wisdom/groups/mark_sheinin_lab/DATA/experiment-15 --new-dir /net/mraid20/ifs/wisdom/groups/mark_sheinin_lab/DATA/experiment-16 --hf-repo eturok-weizmann/laser-vibrations --source-dir-name cube-offrid-02_1000--31-03-20-58-46 --sample-id 564 --stage pre_segment --overwrite --remote-audio-path /home/ethantu/tmp/chirp_50_1000_3.0sec.wav'""]' returned non-zero exit status 255.","Traceback (most recent call last):
  File ""/Users/eitanturok/good-vibrations/scripts/backfill_batch.py"", line 317, in _run_batch
    wrap_cmd = (
                ^
  File ""/Users/eitanturok/good-vibrations/scripts/backfill_batch.py"", line 245, in process_sample
    f""# Config files always re-uploaded (content may have changed)\n""
    ^^^^^^^^^^^^^^^^^^^^^^^^^^^
  File ""/Users/eitanturok/.local/share/uv/python/cpython-3.12.5-macos-aarch64-none/lib/python3.12/concurrent/futures/_base.py"", line 456, in result
    return self.__get_result()
           ^^^^^^^^^^^^^^^^^^^
  File ""/Users/eitanturok/.local/share/uv/python/cpython-3.12.5-macos-aarch64-none/lib/python3.12/concurrent/futures/_base.py"", line 401, in __get_result
    raise self._exception
  File ""/Users/eitanturok/.local/share/uv/python/cpython-3.12.5-macos-aarch64-none/lib/python3.12/concurrent/futures/thread.py"", line 58, in run
    result = self.fn(*self.args, **self.kwargs)
             ^^^^^^^^^^^^^^^^^^^^^^^^^^^^^^^^^^
  File ""/Users/eitanturok/good-vibrations/scripts/backfill_batch.py"", line 121, in _run_remote_stage
    REMOTE_SCRIPT, ""--remote-worker"",
  File ""/Users/eitanturok/good-vibrations/scripts/backfill_batch.py"", line 64, in _ssh_run
    # ── SSH helpers ───────────────────────────────────────────────────────────────
       ^^^^^^^^^^^^^^^^^^^^^^^^^^^^^^^^^^^^^^^^^^^^^^^^^^^^^^^^^^^^^^^^^^^^^^^^^^^^^
  File ""/Users/eitanturok/.local/share/uv/python/cpython-3.12.5-macos-aarch64-none/lib/python3.12/subprocess.py"", line 571, in run
    raise CalledProcessError(retcode, process.args,
subprocess.CalledProcessError: Command '['ssh', 'ethantu@mcluster11.wisdom.weizmann.ac.il', ""bash -lc '$HOME/venvs/experiment16-migrate/bin/python /home/ethantu/tmp/migrate_experiment15_to_16_one.py --remote-worker --old-dir /net/mraid20/ifs/wisdom/groups/mark_sheinin_lab/DATA/experiment-15 --new-dir /net/mraid20/ifs/wisdom/groups/mark_sheinin_lab/DATA/experiment-16 --hf-repo eturok-weizmann/laser-vibrations --source-dir-name cube-offrid-02_1000--31-03-20-58-46 --sample-id 564 --stage pre_segment --overwrite --remote-audio-path /home/ethantu/tmp/chirp_50_1000_3.0sec.wav'""]' returned non-zero exit status 255.
",2026-04-26T05:52:57.045517,ssh_or_remote_failure,cube-offrid-02,31-03-20-58-46,cube,offgrid,1,False,True,False,False,1000,,,,,,,,,,,,,,,,,,,,,,,False,False,False,False,False,False,False,False,False,False,False,False,False
cube-offrid-rotated-01_0001--31-03-20-57-22,565,"Command '['ssh', 'ethantu@mcluster11.wisdom.weizmann.ac.il', ""bash -lc '$HOME/venvs/experiment16-migrate/bin/python /home/ethantu/tmp/migrate_experiment15_to_16_one.py --remote-worker --old-dir /net/mraid20/ifs/wisdom/groups/mark_sheinin_lab/DATA/experiment-15 --new-dir /net/mraid20/ifs/wisdom/groups/mark_sheinin_lab/DATA/experiment-16 --hf-repo eturok-weizmann/laser-vibrations --source-dir-name cube-offrid-rotated-01_0001--31-03-20-57-22 --sample-id 565 --stage pre_segment --overwrite --remote-audio-path /home/ethantu/tmp/chirp_50_1000_3.0sec.wav'""]' returned non-zero exit status 255.","Traceback (most recent call last):
  File ""/Users/eitanturok/good-vibrations/scripts/backfill_batch.py"", line 317, in _run_batch
    wrap_cmd = (
                ^
  File ""/Users/eitanturok/good-vibrations/scripts/backfill_batch.py"", line 245, in process_sample
    f""# Config files always re-uploaded (content may have changed)\n""
    ^^^^^^^^^^^^^^^^^^^^^^^^^^^
  File ""/Users/eitanturok/.local/share/uv/python/cpython-3.12.5-macos-aarch64-none/lib/python3.12/concurrent/futures/_base.py"", line 456, in result
    return self.__get_result()
           ^^^^^^^^^^^^^^^^^^^
  File ""/Users/eitanturok/.local/share/uv/python/cpython-3.12.5-macos-aarch64-none/lib/python3.12/concurrent/futures/_base.py"", line 401, in __get_result
    raise self._exception
  File ""/Users/eitanturok/.local/share/uv/python/cpython-3.12.5-macos-aarch64-none/lib/python3.12/concurrent/futures/thread.py"", line 58, in run
    result = self.fn(*self.args, **self.kwargs)
             ^^^^^^^^^^^^^^^^^^^^^^^^^^^^^^^^^^
  File ""/Users/eitanturok/good-vibrations/scripts/backfill_batch.py"", line 121, in _run_remote_stage
    REMOTE_SCRIPT, ""--remote-worker"",
  File ""/Users/eitanturok/good-vibrations/scripts/backfill_batch.py"", line 64, in _ssh_run
    # ── SSH helpers ───────────────────────────────────────────────────────────────
       ^^^^^^^^^^^^^^^^^^^^^^^^^^^^^^^^^^^^^^^^^^^^^^^^^^^^^^^^^^^^^^^^^^^^^^^^^^^^^
  File ""/Users/eitanturok/.local/share/uv/python/cpython-3.12.5-macos-aarch64-none/lib/python3.12/subprocess.py"", line 571, in run
    raise CalledProcessError(retcode, process.args,
subprocess.CalledProcessError: Command '['ssh', 'ethantu@mcluster11.wisdom.weizmann.ac.il', ""bash -lc '$HOME/venvs/experiment16-migrate/bin/python /home/ethantu/tmp/migrate_experiment15_to_16_one.py --remote-worker --old-dir /net/mraid20/ifs/wisdom/groups/mark_sheinin_lab/DATA/experiment-15 --new-dir /net/mraid20/ifs/wisdom/groups/mark_sheinin_lab/DATA/experiment-16 --hf-repo eturok-weizmann/laser-vibrations --source-dir-name cube-offrid-rotated-01_0001--31-03-20-57-22 --sample-id 565 --stage pre_segment --overwrite --remote-audio-path /home/ethantu/tmp/chirp_50_1000_3.0sec.wav'""]' returned non-zero exit status 255.
",2026-04-26T05:52:57.059764,ssh_or_remote_failure,cube-offrid-rotated-01,31-03-20-57-22,cube,offgrid_rotated,1,False,True,True,False,0001,,,,,,,,,,,,,,,,,,,,,,,False,False,False,False,False,False,False,False,False,False,False,False,False
cube-offrid-rotated-01_0010--31-03-20-57-20,566,"Command '['ssh', 'ethantu@mcluster11.wisdom.weizmann.ac.il', ""bash -lc '$HOME/venvs/experiment16-migrate/bin/python /home/ethantu/tmp/migrate_experiment15_to_16_one.py --remote-worker --old-dir /net/mraid20/ifs/wisdom/groups/mark_sheinin_lab/DATA/experiment-15 --new-dir /net/mraid20/ifs/wisdom/groups/mark_sheinin_lab/DATA/experiment-16 --hf-repo eturok-weizmann/laser-vibrations --source-dir-name cube-offrid-rotated-01_0010--31-03-20-57-20 --sample-id 566 --stage pre_segment --overwrite --remote-audio-path /home/ethantu/tmp/chirp_50_1000_3.0sec.wav'""]' returned non-zero exit status 255.","Traceback (most recent call last):
  File ""/Users/eitanturok/good-vibrations/scripts/backfill_batch.py"", line 317, in _run_batch
    wrap_cmd = (
                ^
  File ""/Users/eitanturok/good-vibrations/scripts/backfill_batch.py"", line 245, in process_sample
    f""# Config files always re-uploaded (content may have changed)\n""
    ^^^^^^^^^^^^^^^^^^^^^^^^^^^
  File ""/Users/eitanturok/.local/share/uv/python/cpython-3.12.5-macos-aarch64-none/lib/python3.12/concurrent/futures/_base.py"", line 456, in result
    return self.__get_result()
           ^^^^^^^^^^^^^^^^^^^
  File ""/Users/eitanturok/.local/share/uv/python/cpython-3.12.5-macos-aarch64-none/lib/python3.12/concurrent/futures/_base.py"", line 401, in __get_result
    raise self._exception
  File ""/Users/eitanturok/.local/share/uv/python/cpython-3.12.5-macos-aarch64-none/lib/python3.12/concurrent/futures/thread.py"", line 58, in run
    result = self.fn(*self.args, **self.kwargs)
             ^^^^^^^^^^^^^^^^^^^^^^^^^^^^^^^^^^
  File ""/Users/eitanturok/good-vibrations/scripts/backfill_batch.py"", line 121, in _run_remote_stage
    REMOTE_SCRIPT, ""--remote-worker"",
  File ""/Users/eitanturok/good-vibrations/scripts/backfill_batch.py"", line 64, in _ssh_run
    # ── SSH helpers ───────────────────────────────────────────────────────────────
       ^^^^^^^^^^^^^^^^^^^^^^^^^^^^^^^^^^^^^^^^^^^^^^^^^^^^^^^^^^^^^^^^^^^^^^^^^^^^^
  File ""/Users/eitanturok/.local/share/uv/python/cpython-3.12.5-macos-aarch64-none/lib/python3.12/subprocess.py"", line 571, in run
    raise CalledProcessError(retcode, process.args,
subprocess.CalledProcessError: Command '['ssh', 'ethantu@mcluster11.wisdom.weizmann.ac.il', ""bash -lc '$HOME/venvs/experiment16-migrate/bin/python /home/ethantu/tmp/migrate_experiment15_to_16_one.py --remote-worker --old-dir /net/mraid20/ifs/wisdom/groups/mark_sheinin_lab/DATA/experiment-15 --new-dir /net/mraid20/ifs/wisdom/groups/mark_sheinin_lab/DATA/experiment-16 --hf-repo eturok-weizmann/laser-vibrations --source-dir-name cube-offrid-rotated-01_0010--31-03-20-57-20 --sample-id 566 --stage pre_segment --overwrite --remote-audio-path /home/ethantu/tmp/chirp_50_1000_3.0sec.wav'""]' returned non-zero exit status 255.
",2026-04-26T05:52:57.074064,ssh_or_remote_failure,cube-offrid-rotated-01,31-03-20-57-20,cube,offgrid_rotated,1,False,True,True,False,0010,,,,,,,,,,,,,,,,,,,,,,,False,False,False,False,False,False,False,False,False,False,False,False,False
cube-offrid-rotated-01_0100--31-03-20-57-18,567,"Command '['ssh', 'ethantu@mcluster11.wisdom.weizmann.ac.il', ""bash -lc '$HOME/venvs/experiment16-migrate/bin/python /home/ethantu/tmp/migrate_experiment15_to_16_one.py --remote-worker --old-dir /net/mraid20/ifs/wisdom/groups/mark_sheinin_lab/DATA/experiment-15 --new-dir /net/mraid20/ifs/wisdom/groups/mark_sheinin_lab/DATA/experiment-16 --hf-repo eturok-weizmann/laser-vibrations --source-dir-name cube-offrid-rotated-01_0100--31-03-20-57-18 --sample-id 567 --stage pre_segment --overwrite --remote-audio-path /home/ethantu/tmp/chirp_50_1000_3.0sec.wav'""]' returned non-zero exit status 255.","Traceback (most recent call last):
  File ""/Users/eitanturok/good-vibrations/scripts/backfill_batch.py"", line 317, in _run_batch
    wrap_cmd = (
                ^
  File ""/Users/eitanturok/good-vibrations/scripts/backfill_batch.py"", line 245, in process_sample
    f""# Config files always re-uploaded (content may have changed)\n""
    ^^^^^^^^^^^^^^^^^^^^^^^^^^^
  File ""/Users/eitanturok/.local/share/uv/python/cpython-3.12.5-macos-aarch64-none/lib/python3.12/concurrent/futures/_base.py"", line 456, in result
    return self.__get_result()
           ^^^^^^^^^^^^^^^^^^^
  File ""/Users/eitanturok/.local/share/uv/python/cpython-3.12.5-macos-aarch64-none/lib/python3.12/concurrent/futures/_base.py"", line 401, in __get_result
    raise self._exception
  File ""/Users/eitanturok/.local/share/uv/python/cpython-3.12.5-macos-aarch64-none/lib/python3.12/concurrent/futures/thread.py"", line 58, in run
    result = self.fn(*self.args, **self.kwargs)
             ^^^^^^^^^^^^^^^^^^^^^^^^^^^^^^^^^^
  File ""/Users/eitanturok/good-vibrations/scripts/backfill_batch.py"", line 121, in _run_remote_stage
    REMOTE_SCRIPT, ""--remote-worker"",
  File ""/Users/eitanturok/good-vibrations/scripts/backfill_batch.py"", line 64, in _ssh_run
    # ── SSH helpers ───────────────────────────────────────────────────────────────
       ^^^^^^^^^^^^^^^^^^^^^^^^^^^^^^^^^^^^^^^^^^^^^^^^^^^^^^^^^^^^^^^^^^^^^^^^^^^^^
  File ""/Users/eitanturok/.local/share/uv/python/cpython-3.12.5-macos-aarch64-none/lib/python3.12/subprocess.py"", line 571, in run
    raise CalledProcessError(retcode, process.args,
subprocess.CalledProcessError: Command '['ssh', 'ethantu@mcluster11.wisdom.weizmann.ac.il', ""bash -lc '$HOME/venvs/experiment16-migrate/bin/python /home/ethantu/tmp/migrate_experiment15_to_16_one.py --remote-worker --old-dir /net/mraid20/ifs/wisdom/groups/mark_sheinin_lab/DATA/experiment-15 --new-dir /net/mraid20/ifs/wisdom/groups/mark_sheinin_lab/DATA/experiment-16 --hf-repo eturok-weizmann/laser-vibrations --source-dir-name cube-offrid-rotated-01_0100--31-03-20-57-18 --sample-id 567 --stage pre_segment --overwrite --remote-audio-path /home/ethantu/tmp/chirp_50_1000_3.0sec.wav'""]' returned non-zero exit status 255.
",2026-04-26T05:52:57.089487,ssh_or_remote_failure,cube-offrid-rotated-01,31-03-20-57-18,cube,offgrid_rotated,1,False,True,True,False,0100,,,,,,,,,,,,,,,,,,,,,,,False,False,False,False,False,False,False,False,False,False,False,False,False
cube-offrid-rotated-01_1000--31-03-20-57-17,568,"Command '['ssh', 'ethantu@mcluster11.wisdom.weizmann.ac.il', ""bash -lc '$HOME/venvs/experiment16-migrate/bin/python /home/ethantu/tmp/migrate_experiment15_to_16_one.py --remote-worker --old-dir /net/mraid20/ifs/wisdom/groups/mark_sheinin_lab/DATA/experiment-15 --new-dir /net/mraid20/ifs/wisdom/groups/mark_sheinin_lab/DATA/experiment-16 --hf-repo eturok-weizmann/laser-vibrations --source-dir-name cube-offrid-rotated-01_1000--31-03-20-57-17 --sample-id 568 --stage pre_segment --overwrite --remote-audio-path /home/ethantu/tmp/chirp_50_1000_3.0sec.wav'""]' returned non-zero exit status 255.","Traceback (most recent call last):
  File ""/Users/eitanturok/good-vibrations/scripts/backfill_batch.py"", line 317, in _run_batch
    wrap_cmd = (
                ^
  File ""/Users/eitanturok/good-vibrations/scripts/backfill_batch.py"", line 245, in process_sample
    f""# Config files always re-uploaded (content may have changed)\n""
    ^^^^^^^^^^^^^^^^^^^^^^^^^^^
  File ""/Users/eitanturok/.local/share/uv/python/cpython-3.12.5-macos-aarch64-none/lib/python3.12/concurrent/futures/_base.py"", line 456, in result
    return self.__get_result()
           ^^^^^^^^^^^^^^^^^^^
  File ""/Users/eitanturok/.local/share/uv/python/cpython-3.12.5-macos-aarch64-none/lib/python3.12/concurrent/futures/_base.py"", line 401, in __get_result
    raise self._exception
  File ""/Users/eitanturok/.local/share/uv/python/cpython-3.12.5-macos-aarch64-none/lib/python3.12/concurrent/futures/thread.py"", line 58, in run
    result = self.fn(*self.args, **self.kwargs)
             ^^^^^^^^^^^^^^^^^^^^^^^^^^^^^^^^^^
  File ""/Users/eitanturok/good-vibrations/scripts/backfill_batch.py"", line 121, in _run_remote_stage
    REMOTE_SCRIPT, ""--remote-worker"",
  File ""/Users/eitanturok/good-vibrations/scripts/backfill_batch.py"", line 64, in _ssh_run
    # ── SSH helpers ───────────────────────────────────────────────────────────────
       ^^^^^^^^^^^^^^^^^^^^^^^^^^^^^^^^^^^^^^^^^^^^^^^^^^^^^^^^^^^^^^^^^^^^^^^^^^^^^
  File ""/Users/eitanturok/.local/share/uv/python/cpython-3.12.5-macos-aarch64-none/lib/python3.12/subprocess.py"", line 571, in run
    raise CalledProcessError(retcode, process.args,
subprocess.CalledProcessError: Command '['ssh', 'ethantu@mcluster11.wisdom.weizmann.ac.il', ""bash -lc '$HOME/venvs/experiment16-migrate/bin/python /home/ethantu/tmp/migrate_experiment15_to_16_one.py --remote-worker --old-dir /net/mraid20/ifs/wisdom/groups/mark_sheinin_lab/DATA/experiment-15 --new-dir /net/mraid20/ifs/wisdom/groups/mark_sheinin_lab/DATA/experiment-16 --hf-repo eturok-weizmann/laser-vibrations --source-dir-name cube-offrid-rotated-01_1000--31-03-20-57-17 --sample-id 568 --stage pre_segment --overwrite --remote-audio-path /home/ethantu/tmp/chirp_50_1000_3.0sec.wav'""]' returned non-zero exit status 255.
",2026-04-26T05:52:57.104408,ssh_or_remote_failure,cube-offrid-rotated-01,31-03-20-57-17,cube,offgrid_rotated,1,False,True,True,False,1000,,,,,,,,,,,,,,,,,,,,,,,False,False,False,False,False,False,False,False,False,False,False,False,False
cube-offrid-rotated-02_0001--31-03-20-59-41,569,"Command '['ssh', 'ethantu@mcluster11.wisdom.weizmann.ac.il', ""bash -lc '$HOME/venvs/experiment16-migrate/bin/python /home/ethantu/tmp/migrate_experiment15_to_16_one.py --remote-worker --old-dir /net/mraid20/ifs/wisdom/groups/mark_sheinin_lab/DATA/experiment-15 --new-dir /net/mraid20/ifs/wisdom/groups/mark_sheinin_lab/DATA/experiment-16 --hf-repo eturok-weizmann/laser-vibrations --source-dir-name cube-offrid-rotated-02_0001--31-03-20-59-41 --sample-id 569 --stage pre_segment --overwrite --remote-audio-path /home/ethantu/tmp/chirp_50_1000_3.0sec.wav'""]' returned non-zero exit status 255.","Traceback (most recent call last):
  File ""/Users/eitanturok/good-vibrations/scripts/backfill_batch.py"", line 317, in _run_batch
    wrap_cmd = (
                ^
  File ""/Users/eitanturok/good-vibrations/scripts/backfill_batch.py"", line 245, in process_sample
    f""# Config files always re-uploaded (content may have changed)\n""
    ^^^^^^^^^^^^^^^^^^^^^^^^^^^
  File ""/Users/eitanturok/.local/share/uv/python/cpython-3.12.5-macos-aarch64-none/lib/python3.12/concurrent/futures/_base.py"", line 456, in result
    return self.__get_result()
           ^^^^^^^^^^^^^^^^^^^
  File ""/Users/eitanturok/.local/share/uv/python/cpython-3.12.5-macos-aarch64-none/lib/python3.12/concurrent/futures/_base.py"", line 401, in __get_result
    raise self._exception
  File ""/Users/eitanturok/.local/share/uv/python/cpython-3.12.5-macos-aarch64-none/lib/python3.12/concurrent/futures/thread.py"", line 58, in run
    result = self.fn(*self.args, **self.kwargs)
             ^^^^^^^^^^^^^^^^^^^^^^^^^^^^^^^^^^
  File ""/Users/eitanturok/good-vibrations/scripts/backfill_batch.py"", line 121, in _run_remote_stage
    REMOTE_SCRIPT, ""--remote-worker"",
  File ""/Users/eitanturok/good-vibrations/scripts/backfill_batch.py"", line 64, in _ssh_run
    # ── SSH helpers ───────────────────────────────────────────────────────────────
       ^^^^^^^^^^^^^^^^^^^^^^^^^^^^^^^^^^^^^^^^^^^^^^^^^^^^^^^^^^^^^^^^^^^^^^^^^^^^^
  File ""/Users/eitanturok/.local/share/uv/python/cpython-3.12.5-macos-aarch64-none/lib/python3.12/subprocess.py"", line 571, in run
    raise CalledProcessError(retcode, process.args,
subprocess.CalledProcessError: Command '['ssh', 'ethantu@mcluster11.wisdom.weizmann.ac.il', ""bash -lc '$HOME/venvs/experiment16-migrate/bin/python /home/ethantu/tmp/migrate_experiment15_to_16_one.py --remote-worker --old-dir /net/mraid20/ifs/wisdom/groups/mark_sheinin_lab/DATA/experiment-15 --new-dir /net/mraid20/ifs/wisdom/groups/mark_sheinin_lab/DATA/experiment-16 --hf-repo eturok-weizmann/laser-vibrations --source-dir-name cube-offrid-rotated-02_0001--31-03-20-59-41 --sample-id 569 --stage pre_segment --overwrite --remote-audio-path /home/ethantu/tmp/chirp_50_1000_3.0sec.wav'""]' returned non-zero exit status 255.
",2026-04-26T05:52:57.119946,ssh_or_remote_failure,cube-offrid-rotated-02,31-03-20-59-41,cube,offgrid_rotated,1,False,True,True,False,0001,,,,,,,,,,,,,,,,,,,,,,,False,False,False,False,False,False,False,False,False,False,False,False,False
cube-offrid-rotated-02_0010--31-03-20-59-39,570,"Command '['ssh', 'ethantu@mcluster11.wisdom.weizmann.ac.il', ""bash -lc '$HOME/venvs/experiment16-migrate/bin/python /home/ethantu/tmp/migrate_experiment15_to_16_one.py --remote-worker --old-dir /net/mraid20/ifs/wisdom/groups/mark_sheinin_lab/DATA/experiment-15 --new-dir /net/mraid20/ifs/wisdom/groups/mark_sheinin_lab/DATA/experiment-16 --hf-repo eturok-weizmann/laser-vibrations --source-dir-name cube-offrid-rotated-02_0010--31-03-20-59-39 --sample-id 570 --stage pre_segment --overwrite --remote-audio-path /home/ethantu/tmp/chirp_50_1000_3.0sec.wav'""]' returned non-zero exit status 255.","Traceback (most recent call last):
  File ""/Users/eitanturok/good-vibrations/scripts/backfill_batch.py"", line 317, in _run_batch
    wrap_cmd = (
                ^
  File ""/Users/eitanturok/good-vibrations/scripts/backfill_batch.py"", line 245, in process_sample
    f""# Config files always re-uploaded (content may have changed)\n""
    ^^^^^^^^^^^^^^^^^^^^^^^^^^^
  File ""/Users/eitanturok/.local/share/uv/python/cpython-3.12.5-macos-aarch64-none/lib/python3.12/concurrent/futures/_base.py"", line 456, in result
    return self.__get_result()
           ^^^^^^^^^^^^^^^^^^^
  File ""/Users/eitanturok/.local/share/uv/python/cpython-3.12.5-macos-aarch64-none/lib/python3.12/concurrent/futures/_base.py"", line 401, in __get_result
    raise self._exception
  File ""/Users/eitanturok/.local/share/uv/python/cpython-3.12.5-macos-aarch64-none/lib/python3.12/concurrent/futures/thread.py"", line 58, in run
    result = self.fn(*self.args, **self.kwargs)
             ^^^^^^^^^^^^^^^^^^^^^^^^^^^^^^^^^^
  File ""/Users/eitanturok/good-vibrations/scripts/backfill_batch.py"", line 121, in _run_remote_stage
    REMOTE_SCRIPT, ""--remote-worker"",
  File ""/Users/eitanturok/good-vibrations/scripts/backfill_batch.py"", line 64, in _ssh_run
    # ── SSH helpers ───────────────────────────────────────────────────────────────
       ^^^^^^^^^^^^^^^^^^^^^^^^^^^^^^^^^^^^^^^^^^^^^^^^^^^^^^^^^^^^^^^^^^^^^^^^^^^^^
  File ""/Users/eitanturok/.local/share/uv/python/cpython-3.12.5-macos-aarch64-none/lib/python3.12/subprocess.py"", line 571, in run
    raise CalledProcessError(retcode, process.args,
subprocess.CalledProcessError: Command '['ssh', 'ethantu@mcluster11.wisdom.weizmann.ac.il', ""bash -lc '$HOME/venvs/experiment16-migrate/bin/python /home/ethantu/tmp/migrate_experiment15_to_16_one.py --remote-worker --old-dir /net/mraid20/ifs/wisdom/groups/mark_sheinin_lab/DATA/experiment-15 --new-dir /net/mraid20/ifs/wisdom/groups/mark_sheinin_lab/DATA/experiment-16 --hf-repo eturok-weizmann/laser-vibrations --source-dir-name cube-offrid-rotated-02_0010--31-03-20-59-39 --sample-id 570 --stage pre_segment --overwrite --remote-audio-path /home/ethantu/tmp/chirp_50_1000_3.0sec.wav'""]' returned non-zero exit status 255.
",2026-04-26T05:52:57.138480,ssh_or_remote_failure,cube-offrid-rotated-02,31-03-20-59-39,cube,offgrid_rotated,1,False,True,True,False,0010,,,,,,,,,,,,,,,,,,,,,,,False,False,False,False,False,False,False,False,False,False,False,False,False
cube-offrid-rotated-02_0100--31-03-20-59-37,571,"Command '['ssh', 'ethantu@mcluster11.wisdom.weizmann.ac.il', ""bash -lc '$HOME/venvs/experiment16-migrate/bin/python /home/ethantu/tmp/migrate_experiment15_to_16_one.py --remote-worker --old-dir /net/mraid20/ifs/wisdom/groups/mark_sheinin_lab/DATA/experiment-15 --new-dir /net/mraid20/ifs/wisdom/groups/mark_sheinin_lab/DATA/experiment-16 --hf-repo eturok-weizmann/laser-vibrations --source-dir-name cube-offrid-rotated-02_0100--31-03-20-59-37 --sample-id 571 --stage pre_segment --overwrite --remote-audio-path /home/ethantu/tmp/chirp_50_1000_3.0sec.wav'""]' returned non-zero exit status 255.","Traceback (most recent call last):
  File ""/Users/eitanturok/good-vibrations/scripts/backfill_batch.py"", line 317, in _run_batch
    wrap_cmd = (
                ^
  File ""/Users/eitanturok/good-vibrations/scripts/backfill_batch.py"", line 245, in process_sample
    f""# Config files always re-uploaded (content may have changed)\n""
    ^^^^^^^^^^^^^^^^^^^^^^^^^^^
  File ""/Users/eitanturok/.local/share/uv/python/cpython-3.12.5-macos-aarch64-none/lib/python3.12/concurrent/futures/_base.py"", line 456, in result
    return self.__get_result()
           ^^^^^^^^^^^^^^^^^^^
  File ""/Users/eitanturok/.local/share/uv/python/cpython-3.12.5-macos-aarch64-none/lib/python3.12/concurrent/futures/_base.py"", line 401, in __get_result
    raise self._exception
  File ""/Users/eitanturok/.local/share/uv/python/cpython-3.12.5-macos-aarch64-none/lib/python3.12/concurrent/futures/thread.py"", line 58, in run
    result = self.fn(*self.args, **self.kwargs)
             ^^^^^^^^^^^^^^^^^^^^^^^^^^^^^^^^^^
  File ""/Users/eitanturok/good-vibrations/scripts/backfill_batch.py"", line 121, in _run_remote_stage
    REMOTE_SCRIPT, ""--remote-worker"",
  File ""/Users/eitanturok/good-vibrations/scripts/backfill_batch.py"", line 64, in _ssh_run
    # ── SSH helpers ───────────────────────────────────────────────────────────────
       ^^^^^^^^^^^^^^^^^^^^^^^^^^^^^^^^^^^^^^^^^^^^^^^^^^^^^^^^^^^^^^^^^^^^^^^^^^^^^
  File ""/Users/eitanturok/.local/share/uv/python/cpython-3.12.5-macos-aarch64-none/lib/python3.12/subprocess.py"", line 571, in run
    raise CalledProcessError(retcode, process.args,
subprocess.CalledProcessError: Command '['ssh', 'ethantu@mcluster11.wisdom.weizmann.ac.il', ""bash -lc '$HOME/venvs/experiment16-migrate/bin/python /home/ethantu/tmp/migrate_experiment15_to_16_one.py --remote-worker --old-dir /net/mraid20/ifs/wisdom/groups/mark_sheinin_lab/DATA/experiment-15 --new-dir /net/mraid20/ifs/wisdom/groups/mark_sheinin_lab/DATA/experiment-16 --hf-repo eturok-weizmann/laser-vibrations --source-dir-name cube-offrid-rotated-02_0100--31-03-20-59-37 --sample-id 571 --stage pre_segment --overwrite --remote-audio-path /home/ethantu/tmp/chirp_50_1000_3.0sec.wav'""]' returned non-zero exit status 255.
",2026-04-26T05:52:57.156069,ssh_or_remote_failure,cube-offrid-rotated-02,31-03-20-59-37,cube,offgrid_rotated,1,False,True,True,False,0100,,,,,,,,,,,,,,,,,,,,,,,False,False,False,False,False,False,False,False,False,False,False,False,False
cube-offrid-rotated-02_1000--31-03-20-59-35,572,"Command '['ssh', 'ethantu@mcluster11.wisdom.weizmann.ac.il', ""bash -lc '$HOME/venvs/experiment16-migrate/bin/python /home/ethantu/tmp/migrate_experiment15_to_16_one.py --remote-worker --old-dir /net/mraid20/ifs/wisdom/groups/mark_sheinin_lab/DATA/experiment-15 --new-dir /net/mraid20/ifs/wisdom/groups/mark_sheinin_lab/DATA/experiment-16 --hf-repo eturok-weizmann/laser-vibrations --source-dir-name cube-offrid-rotated-02_1000--31-03-20-59-35 --sample-id 572 --stage pre_segment --overwrite --remote-audio-path /home/ethantu/tmp/chirp_50_1000_3.0sec.wav'""]' returned non-zero exit status 255.","Traceback (most recent call last):
  File ""/Users/eitanturok/good-vibrations/scripts/backfill_batch.py"", line 317, in _run_batch
    wrap_cmd = (
                ^
  File ""/Users/eitanturok/good-vibrations/scripts/backfill_batch.py"", line 245, in process_sample
    f""# Config files always re-uploaded (content may have changed)\n""
    ^^^^^^^^^^^^^^^^^^^^^^^^^^^
  File ""/Users/eitanturok/.local/share/uv/python/cpython-3.12.5-macos-aarch64-none/lib/python3.12/concurrent/futures/_base.py"", line 456, in result
    return self.__get_result()
           ^^^^^^^^^^^^^^^^^^^
  File ""/Users/eitanturok/.local/share/uv/python/cpython-3.12.5-macos-aarch64-none/lib/python3.12/concurrent/futures/_base.py"", line 401, in __get_result
    raise self._exception
  File ""/Users/eitanturok/.local/share/uv/python/cpython-3.12.5-macos-aarch64-none/lib/python3.12/concurrent/futures/thread.py"", line 58, in run
    result = self.fn(*self.args, **self.kwargs)
             ^^^^^^^^^^^^^^^^^^^^^^^^^^^^^^^^^^
  File ""/Users/eitanturok/good-vibrations/scripts/backfill_batch.py"", line 121, in _run_remote_stage
    REMOTE_SCRIPT, ""--remote-worker"",
  File ""/Users/eitanturok/good-vibrations/scripts/backfill_batch.py"", line 64, in _ssh_run
    # ── SSH helpers ───────────────────────────────────────────────────────────────
       ^^^^^^^^^^^^^^^^^^^^^^^^^^^^^^^^^^^^^^^^^^^^^^^^^^^^^^^^^^^^^^^^^^^^^^^^^^^^^
  File ""/Users/eitanturok/.local/share/uv/python/cpython-3.12.5-macos-aarch64-none/lib/python3.12/subprocess.py"", line 571, in run
    raise CalledProcessError(retcode, process.args,
subprocess.CalledProcessError: Command '['ssh', 'ethantu@mcluster11.wisdom.weizmann.ac.il', ""bash -lc '$HOME/venvs/experiment16-migrate/bin/python /home/ethantu/tmp/migrate_experiment15_to_16_one.py --remote-worker --old-dir /net/mraid20/ifs/wisdom/groups/mark_sheinin_lab/DATA/experiment-15 --new-dir /net/mraid20/ifs/wisdom/groups/mark_sheinin_lab/DATA/experiment-16 --hf-repo eturok-weizmann/laser-vibrations --source-dir-name cube-offrid-rotated-02_1000--31-03-20-59-35 --sample-id 572 --stage pre_segment --overwrite --remote-audio-path /home/ethantu/tmp/chirp_50_1000_3.0sec.wav'""]' returned non-zero exit status 255.
",2026-04-26T05:52:57.169818,ssh_or_remote_failure,cube-offrid-rotated-02,31-03-20-59-35,cube,offgrid_rotated,1,False,True,True,False,1000,,,,,,,,,,,,,,,,,,,,,,,False,False,False,False,False,False,False,False,False,False,False,False,False
cube-offrid-rotated_0001--31-03-20-55-26,573,"Command '['ssh', 'ethantu@mcluster11.wisdom.weizmann.ac.il', ""bash -lc '$HOME/venvs/experiment16-migrate/bin/python /home/ethantu/tmp/migrate_experiment15_to_16_one.py --remote-worker --old-dir /net/mraid20/ifs/wisdom/groups/mark_sheinin_lab/DATA/experiment-15 --new-dir /net/mraid20/ifs/wisdom/groups/mark_sheinin_lab/DATA/experiment-16 --hf-repo eturok-weizmann/laser-vibrations --source-dir-name cube-offrid-rotated_0001--31-03-20-55-26 --sample-id 573 --stage pre_segment --overwrite --remote-audio-path /home/ethantu/tmp/chirp_50_1000_3.0sec.wav'""]' returned non-zero exit status 255.","Traceback (most recent call last):
  File ""/Users/eitanturok/good-vibrations/scripts/backfill_batch.py"", line 317, in _run_batch
    wrap_cmd = (
                ^
  File ""/Users/eitanturok/good-vibrations/scripts/backfill_batch.py"", line 245, in process_sample
    f""# Config files always re-uploaded (content may have changed)\n""
    ^^^^^^^^^^^^^^^^^^^^^^^^^^^
  File ""/Users/eitanturok/.local/share/uv/python/cpython-3.12.5-macos-aarch64-none/lib/python3.12/concurrent/futures/_base.py"", line 456, in result
    return self.__get_result()
           ^^^^^^^^^^^^^^^^^^^
  File ""/Users/eitanturok/.local/share/uv/python/cpython-3.12.5-macos-aarch64-none/lib/python3.12/concurrent/futures/_base.py"", line 401, in __get_result
    raise self._exception
  File ""/Users/eitanturok/.local/share/uv/python/cpython-3.12.5-macos-aarch64-none/lib/python3.12/concurrent/futures/thread.py"", line 58, in run
    result = self.fn(*self.args, **self.kwargs)
             ^^^^^^^^^^^^^^^^^^^^^^^^^^^^^^^^^^
  File ""/Users/eitanturok/good-vibrations/scripts/backfill_batch.py"", line 121, in _run_remote_stage
    REMOTE_SCRIPT, ""--remote-worker"",
  File ""/Users/eitanturok/good-vibrations/scripts/backfill_batch.py"", line 64, in _ssh_run
    # ── SSH helpers ───────────────────────────────────────────────────────────────
       ^^^^^^^^^^^^^^^^^^^^^^^^^^^^^^^^^^^^^^^^^^^^^^^^^^^^^^^^^^^^^^^^^^^^^^^^^^^^^
  File ""/Users/eitanturok/.local/share/uv/python/cpython-3.12.5-macos-aarch64-none/lib/python3.12/subprocess.py"", line 571, in run
    raise CalledProcessError(retcode, process.args,
subprocess.CalledProcessError: Command '['ssh', 'ethantu@mcluster11.wisdom.weizmann.ac.il', ""bash -lc '$HOME/venvs/experiment16-migrate/bin/python /home/ethantu/tmp/migrate_experiment15_to_16_one.py --remote-worker --old-dir /net/mraid20/ifs/wisdom/groups/mark_sheinin_lab/DATA/experiment-15 --new-dir /net/mraid20/ifs/wisdom/groups/mark_sheinin_lab/DATA/experiment-16 --hf-repo eturok-weizmann/laser-vibrations --source-dir-name cube-offrid-rotated_0001--31-03-20-55-26 --sample-id 573 --stage pre_segment --overwrite --remote-audio-path /home/ethantu/tmp/chirp_50_1000_3.0sec.wav'""]' returned non-zero exit status 255.
",2026-04-26T05:52:57.185782,ssh_or_remote_failure,cube-offrid-rotated,31-03-20-55-26,cube,offgrid_rotated,1,False,True,True,False,0001,,,,,,,,,,,,,,,,,,,,,,,False,False,False,False,False,False,False,False,False,False,False,False,False
cube-offrid-rotated_0010--31-03-20-55-24,574,"Command '['ssh', 'ethantu@mcluster11.wisdom.weizmann.ac.il', ""bash -lc '$HOME/venvs/experiment16-migrate/bin/python /home/ethantu/tmp/migrate_experiment15_to_16_one.py --remote-worker --old-dir /net/mraid20/ifs/wisdom/groups/mark_sheinin_lab/DATA/experiment-15 --new-dir /net/mraid20/ifs/wisdom/groups/mark_sheinin_lab/DATA/experiment-16 --hf-repo eturok-weizmann/laser-vibrations --source-dir-name cube-offrid-rotated_0010--31-03-20-55-24 --sample-id 574 --stage pre_segment --overwrite --remote-audio-path /home/ethantu/tmp/chirp_50_1000_3.0sec.wav'""]' returned non-zero exit status 255.","Traceback (most recent call last):
  File ""/Users/eitanturok/good-vibrations/scripts/backfill_batch.py"", line 317, in _run_batch
    wrap_cmd = (
                ^
  File ""/Users/eitanturok/good-vibrations/scripts/backfill_batch.py"", line 245, in process_sample
    f""# Config files always re-uploaded (content may have changed)\n""
    ^^^^^^^^^^^^^^^^^^^^^^^^^^^
  File ""/Users/eitanturok/.local/share/uv/python/cpython-3.12.5-macos-aarch64-none/lib/python3.12/concurrent/futures/_base.py"", line 456, in result
    return self.__get_result()
           ^^^^^^^^^^^^^^^^^^^
  File ""/Users/eitanturok/.local/share/uv/python/cpython-3.12.5-macos-aarch64-none/lib/python3.12/concurrent/futures/_base.py"", line 401, in __get_result
    raise self._exception
  File ""/Users/eitanturok/.local/share/uv/python/cpython-3.12.5-macos-aarch64-none/lib/python3.12/concurrent/futures/thread.py"", line 58, in run
    result = self.fn(*self.args, **self.kwargs)
             ^^^^^^^^^^^^^^^^^^^^^^^^^^^^^^^^^^
  File ""/Users/eitanturok/good-vibrations/scripts/backfill_batch.py"", line 121, in _run_remote_stage
    REMOTE_SCRIPT, ""--remote-worker"",
  File ""/Users/eitanturok/good-vibrations/scripts/backfill_batch.py"", line 64, in _ssh_run
    # ── SSH helpers ───────────────────────────────────────────────────────────────
       ^^^^^^^^^^^^^^^^^^^^^^^^^^^^^^^^^^^^^^^^^^^^^^^^^^^^^^^^^^^^^^^^^^^^^^^^^^^^^
  File ""/Users/eitanturok/.local/share/uv/python/cpython-3.12.5-macos-aarch64-none/lib/python3.12/subprocess.py"", line 571, in run
    raise CalledProcessError(retcode, process.args,
subprocess.CalledProcessError: Command '['ssh', 'ethantu@mcluster11.wisdom.weizmann.ac.il', ""bash -lc '$HOME/venvs/experiment16-migrate/bin/python /home/ethantu/tmp/migrate_experiment15_to_16_one.py --remote-worker --old-dir /net/mraid20/ifs/wisdom/groups/mark_sheinin_lab/DATA/experiment-15 --new-dir /net/mraid20/ifs/wisdom/groups/mark_sheinin_lab/DATA/experiment-16 --hf-repo eturok-weizmann/laser-vibrations --source-dir-name cube-offrid-rotated_0010--31-03-20-55-24 --sample-id 574 --stage pre_segment --overwrite --remote-audio-path /home/ethantu/tmp/chirp_50_1000_3.0sec.wav'""]' returned non-zero exit status 255.
",2026-04-26T05:52:57.201182,ssh_or_remote_failure,cube-offrid-rotated,31-03-20-55-24,cube,offgrid_rotated,1,False,True,True,False,0010,,,,,,,,,,,,,,,,,,,,,,,False,False,False,False,False,False,False,False,False,False,False,False,False
cube-offrid-rotated_0100--31-03-20-55-22,575,"Command '['ssh', 'ethantu@mcluster11.wisdom.weizmann.ac.il', ""bash -lc '$HOME/venvs/experiment16-migrate/bin/python /home/ethantu/tmp/migrate_experiment15_to_16_one.py --remote-worker --old-dir /net/mraid20/ifs/wisdom/groups/mark_sheinin_lab/DATA/experiment-15 --new-dir /net/mraid20/ifs/wisdom/groups/mark_sheinin_lab/DATA/experiment-16 --hf-repo eturok-weizmann/laser-vibrations --source-dir-name cube-offrid-rotated_0100--31-03-20-55-22 --sample-id 575 --stage pre_segment --overwrite --remote-audio-path /home/ethantu/tmp/chirp_50_1000_3.0sec.wav'""]' returned non-zero exit status 255.","Traceback (most recent call last):
  File ""/Users/eitanturok/good-vibrations/scripts/backfill_batch.py"", line 317, in _run_batch
    wrap_cmd = (
                ^
  File ""/Users/eitanturok/good-vibrations/scripts/backfill_batch.py"", line 245, in process_sample
    f""# Config files always re-uploaded (content may have changed)\n""
    ^^^^^^^^^^^^^^^^^^^^^^^^^^^
  File ""/Users/eitanturok/.local/share/uv/python/cpython-3.12.5-macos-aarch64-none/lib/python3.12/concurrent/futures/_base.py"", line 456, in result
    return self.__get_result()
           ^^^^^^^^^^^^^^^^^^^
  File ""/Users/eitanturok/.local/share/uv/python/cpython-3.12.5-macos-aarch64-none/lib/python3.12/concurrent/futures/_base.py"", line 401, in __get_result
    raise self._exception
  File ""/Users/eitanturok/.local/share/uv/python/cpython-3.12.5-macos-aarch64-none/lib/python3.12/concurrent/futures/thread.py"", line 58, in run
    result = self.fn(*self.args, **self.kwargs)
             ^^^^^^^^^^^^^^^^^^^^^^^^^^^^^^^^^^
  File ""/Users/eitanturok/good-vibrations/scripts/backfill_batch.py"", line 121, in _run_remote_stage
    REMOTE_SCRIPT, ""--remote-worker"",
  File ""/Users/eitanturok/good-vibrations/scripts/backfill_batch.py"", line 64, in _ssh_run
    # ── SSH helpers ───────────────────────────────────────────────────────────────
       ^^^^^^^^^^^^^^^^^^^^^^^^^^^^^^^^^^^^^^^^^^^^^^^^^^^^^^^^^^^^^^^^^^^^^^^^^^^^^
  File ""/Users/eitanturok/.local/share/uv/python/cpython-3.12.5-macos-aarch64-none/lib/python3.12/subprocess.py"", line 571, in run
    raise CalledProcessError(retcode, process.args,
subprocess.CalledProcessError: Command '['ssh', 'ethantu@mcluster11.wisdom.weizmann.ac.il', ""bash -lc '$HOME/venvs/experiment16-migrate/bin/python /home/ethantu/tmp/migrate_experiment15_to_16_one.py --remote-worker --old-dir /net/mraid20/ifs/wisdom/groups/mark_sheinin_lab/DATA/experiment-15 --new-dir /net/mraid20/ifs/wisdom/groups/mark_sheinin_lab/DATA/experiment-16 --hf-repo eturok-weizmann/laser-vibrations --source-dir-name cube-offrid-rotated_0100--31-03-20-55-22 --sample-id 575 --stage pre_segment --overwrite --remote-audio-path /home/ethantu/tmp/chirp_50_1000_3.0sec.wav'""]' returned non-zero exit status 255.
",2026-04-26T05:52:57.214440,ssh_or_remote_failure,cube-offrid-rotated,31-03-20-55-22,cube,offgrid_rotated,1,False,True,True,False,0100,,,,,,,,,,,,,,,,,,,,,,,False,False,False,False,False,False,False,False,False,False,False,False,False
cube-offrid-rotated_1000--31-03-20-55-20,576,"Command '['ssh', 'ethantu@mcluster11.wisdom.weizmann.ac.il', ""bash -lc '$HOME/venvs/experiment16-migrate/bin/python /home/ethantu/tmp/migrate_experiment15_to_16_one.py --remote-worker --old-dir /net/mraid20/ifs/wisdom/groups/mark_sheinin_lab/DATA/experiment-15 --new-dir /net/mraid20/ifs/wisdom/groups/mark_sheinin_lab/DATA/experiment-16 --hf-repo eturok-weizmann/laser-vibrations --source-dir-name cube-offrid-rotated_1000--31-03-20-55-20 --sample-id 576 --stage pre_segment --overwrite --remote-audio-path /home/ethantu/tmp/chirp_50_1000_3.0sec.wav'""]' returned non-zero exit status 255.","Traceback (most recent call last):
  File ""/Users/eitanturok/good-vibrations/scripts/backfill_batch.py"", line 317, in _run_batch
    wrap_cmd = (
                ^
  File ""/Users/eitanturok/good-vibrations/scripts/backfill_batch.py"", line 245, in process_sample
    f""# Config files always re-uploaded (content may have changed)\n""
    ^^^^^^^^^^^^^^^^^^^^^^^^^^^
  File ""/Users/eitanturok/.local/share/uv/python/cpython-3.12.5-macos-aarch64-none/lib/python3.12/concurrent/futures/_base.py"", line 456, in result
    return self.__get_result()
           ^^^^^^^^^^^^^^^^^^^
  File ""/Users/eitanturok/.local/share/uv/python/cpython-3.12.5-macos-aarch64-none/lib/python3.12/concurrent/futures/_base.py"", line 401, in __get_result
    raise self._exception
  File ""/Users/eitanturok/.local/share/uv/python/cpython-3.12.5-macos-aarch64-none/lib/python3.12/concurrent/futures/thread.py"", line 58, in run
    result = self.fn(*self.args, **self.kwargs)
             ^^^^^^^^^^^^^^^^^^^^^^^^^^^^^^^^^^
  File ""/Users/eitanturok/good-vibrations/scripts/backfill_batch.py"", line 121, in _run_remote_stage
    REMOTE_SCRIPT, ""--remote-worker"",
  File ""/Users/eitanturok/good-vibrations/scripts/backfill_batch.py"", line 64, in _ssh_run
    # ── SSH helpers ───────────────────────────────────────────────────────────────
       ^^^^^^^^^^^^^^^^^^^^^^^^^^^^^^^^^^^^^^^^^^^^^^^^^^^^^^^^^^^^^^^^^^^^^^^^^^^^^
  File ""/Users/eitanturok/.local/share/uv/python/cpython-3.12.5-macos-aarch64-none/lib/python3.12/subprocess.py"", line 571, in run
    raise CalledProcessError(retcode, process.args,
subprocess.CalledProcessError: Command '['ssh', 'ethantu@mcluster11.wisdom.weizmann.ac.il', ""bash -lc '$HOME/venvs/experiment16-migrate/bin/python /home/ethantu/tmp/migrate_experiment15_to_16_one.py --remote-worker --old-dir /net/mraid20/ifs/wisdom/groups/mark_sheinin_lab/DATA/experiment-15 --new-dir /net/mraid20/ifs/wisdom/groups/mark_sheinin_lab/DATA/experiment-16 --hf-repo eturok-weizmann/laser-vibrations --source-dir-name cube-offrid-rotated_1000--31-03-20-55-20 --sample-id 576 --stage pre_segment --overwrite --remote-audio-path /home/ethantu/tmp/chirp_50_1000_3.0sec.wav'""]' returned non-zero exit status 255.
",2026-04-26T05:52:57.227211,ssh_or_remote_failure,cube-offrid-rotated,31-03-20-55-20,cube,offgrid_rotated,1,False,True,True,False,1000,,,,,,,,,,,,,,,,,,,,,,,False,False,False,False,False,False,False,False,False,False,False,False,False
cube-offrid_0001--31-03-20-54-51,577,"Command '['ssh', 'ethantu@mcluster11.wisdom.weizmann.ac.il', ""bash -lc '$HOME/venvs/experiment16-migrate/bin/python /home/ethantu/tmp/migrate_experiment15_to_16_one.py --remote-worker --old-dir /net/mraid20/ifs/wisdom/groups/mark_sheinin_lab/DATA/experiment-15 --new-dir /net/mraid20/ifs/wisdom/groups/mark_sheinin_lab/DATA/experiment-16 --hf-repo eturok-weizmann/laser-vibrations --source-dir-name cube-offrid_0001--31-03-20-54-51 --sample-id 577 --stage pre_segment --overwrite --remote-audio-path /home/ethantu/tmp/chirp_50_1000_3.0sec.wav'""]' returned non-zero exit status 255.","Traceback (most recent call last):
  File ""/Users/eitanturok/good-vibrations/scripts/backfill_batch.py"", line 317, in _run_batch
    wrap_cmd = (
                ^
  File ""/Users/eitanturok/good-vibrations/scripts/backfill_batch.py"", line 245, in process_sample
    f""# Config files always re-uploaded (content may have changed)\n""
    ^^^^^^^^^^^^^^^^^^^^^^^^^^^
  File ""/Users/eitanturok/.local/share/uv/python/cpython-3.12.5-macos-aarch64-none/lib/python3.12/concurrent/futures/_base.py"", line 456, in result
    return self.__get_result()
           ^^^^^^^^^^^^^^^^^^^
  File ""/Users/eitanturok/.local/share/uv/python/cpython-3.12.5-macos-aarch64-none/lib/python3.12/concurrent/futures/_base.py"", line 401, in __get_result
    raise self._exception
  File ""/Users/eitanturok/.local/share/uv/python/cpython-3.12.5-macos-aarch64-none/lib/python3.12/concurrent/futures/thread.py"", line 58, in run
    result = self.fn(*self.args, **self.kwargs)
             ^^^^^^^^^^^^^^^^^^^^^^^^^^^^^^^^^^
  File ""/Users/eitanturok/good-vibrations/scripts/backfill_batch.py"", line 121, in _run_remote_stage
    REMOTE_SCRIPT, ""--remote-worker"",
  File ""/Users/eitanturok/good-vibrations/scripts/backfill_batch.py"", line 64, in _ssh_run
    # ── SSH helpers ───────────────────────────────────────────────────────────────
       ^^^^^^^^^^^^^^^^^^^^^^^^^^^^^^^^^^^^^^^^^^^^^^^^^^^^^^^^^^^^^^^^^^^^^^^^^^^^^
  File ""/Users/eitanturok/.local/share/uv/python/cpython-3.12.5-macos-aarch64-none/lib/python3.12/subprocess.py"", line 571, in run
    raise CalledProcessError(retcode, process.args,
subprocess.CalledProcessError: Command '['ssh', 'ethantu@mcluster11.wisdom.weizmann.ac.il', ""bash -lc '$HOME/venvs/experiment16-migrate/bin/python /home/ethantu/tmp/migrate_experiment15_to_16_one.py --remote-worker --old-dir /net/mraid20/ifs/wisdom/groups/mark_sheinin_lab/DATA/experiment-15 --new-dir /net/mraid20/ifs/wisdom/groups/mark_sheinin_lab/DATA/experiment-16 --hf-repo eturok-weizmann/laser-vibrations --source-dir-name cube-offrid_0001--31-03-20-54-51 --sample-id 577 --stage pre_segment --overwrite --remote-audio-path /home/ethantu/tmp/chirp_50_1000_3.0sec.wav'""]' returned non-zero exit status 255.
",2026-04-26T05:52:57.237043,ssh_or_remote_failure,cube-offrid,31-03-20-54-51,cube,offgrid,1,False,True,False,False,0001,,,,,,,,,,,,,,,,,,,,,,,False,False,False,False,False,False,False,False,False,False,False,False,False
cube-offrid_0010--31-03-20-54-49,578,"Command '['ssh', 'ethantu@mcluster11.wisdom.weizmann.ac.il', ""bash -lc '$HOME/venvs/experiment16-migrate/bin/python /home/ethantu/tmp/migrate_experiment15_to_16_one.py --remote-worker --old-dir /net/mraid20/ifs/wisdom/groups/mark_sheinin_lab/DATA/experiment-15 --new-dir /net/mraid20/ifs/wisdom/groups/mark_sheinin_lab/DATA/experiment-16 --hf-repo eturok-weizmann/laser-vibrations --source-dir-name cube-offrid_0010--31-03-20-54-49 --sample-id 578 --stage pre_segment --overwrite --remote-audio-path /home/ethantu/tmp/chirp_50_1000_3.0sec.wav'""]' returned non-zero exit status 255.","Traceback (most recent call last):
  File ""/Users/eitanturok/good-vibrations/scripts/backfill_batch.py"", line 317, in _run_batch
    wrap_cmd = (
                ^
  File ""/Users/eitanturok/good-vibrations/scripts/backfill_batch.py"", line 245, in process_sample
    f""# Config files always re-uploaded (content may have changed)\n""
    ^^^^^^^^^^^^^^^^^^^^^^^^^^^
  File ""/Users/eitanturok/.local/share/uv/python/cpython-3.12.5-macos-aarch64-none/lib/python3.12/concurrent/futures/_base.py"", line 456, in result
    return self.__get_result()
           ^^^^^^^^^^^^^^^^^^^
  File ""/Users/eitanturok/.local/share/uv/python/cpython-3.12.5-macos-aarch64-none/lib/python3.12/concurrent/futures/_base.py"", line 401, in __get_result
    raise self._exception
  File ""/Users/eitanturok/.local/share/uv/python/cpython-3.12.5-macos-aarch64-none/lib/python3.12/concurrent/futures/thread.py"", line 58, in run
    result = self.fn(*self.args, **self.kwargs)
             ^^^^^^^^^^^^^^^^^^^^^^^^^^^^^^^^^^
  File ""/Users/eitanturok/good-vibrations/scripts/backfill_batch.py"", line 121, in _run_remote_stage
    REMOTE_SCRIPT, ""--remote-worker"",
  File ""/Users/eitanturok/good-vibrations/scripts/backfill_batch.py"", line 64, in _ssh_run
    # ── SSH helpers ───────────────────────────────────────────────────────────────
       ^^^^^^^^^^^^^^^^^^^^^^^^^^^^^^^^^^^^^^^^^^^^^^^^^^^^^^^^^^^^^^^^^^^^^^^^^^^^^
  File ""/Users/eitanturok/.local/share/uv/python/cpython-3.12.5-macos-aarch64-none/lib/python3.12/subprocess.py"", line 571, in run
    raise CalledProcessError(retcode, process.args,
subprocess.CalledProcessError: Command '['ssh', 'ethantu@mcluster11.wisdom.weizmann.ac.il', ""bash -lc '$HOME/venvs/experiment16-migrate/bin/python /home/ethantu/tmp/migrate_experiment15_to_16_one.py --remote-worker --old-dir /net/mraid20/ifs/wisdom/groups/mark_sheinin_lab/DATA/experiment-15 --new-dir /net/mraid20/ifs/wisdom/groups/mark_sheinin_lab/DATA/experiment-16 --hf-repo eturok-weizmann/laser-vibrations --source-dir-name cube-offrid_0010--31-03-20-54-49 --sample-id 578 --stage pre_segment --overwrite --remote-audio-path /home/ethantu/tmp/chirp_50_1000_3.0sec.wav'""]' returned non-zero exit status 255.
",2026-04-26T05:52:57.247425,ssh_or_remote_failure,cube-offrid,31-03-20-54-49,cube,offgrid,1,False,True,False,False,0010,,,,,,,,,,,,,,,,,,,,,,,False,False,False,False,False,False,False,False,False,False,False,False,False
cube-offrid_0100--31-03-20-54-47,579,"Command '['ssh', 'ethantu@mcluster11.wisdom.weizmann.ac.il', ""bash -lc '$HOME/venvs/experiment16-migrate/bin/python /home/ethantu/tmp/migrate_experiment15_to_16_one.py --remote-worker --old-dir /net/mraid20/ifs/wisdom/groups/mark_sheinin_lab/DATA/experiment-15 --new-dir /net/mraid20/ifs/wisdom/groups/mark_sheinin_lab/DATA/experiment-16 --hf-repo eturok-weizmann/laser-vibrations --source-dir-name cube-offrid_0100--31-03-20-54-47 --sample-id 579 --stage pre_segment --overwrite --remote-audio-path /home/ethantu/tmp/chirp_50_1000_3.0sec.wav'""]' returned non-zero exit status 255.","Traceback (most recent call last):
  File ""/Users/eitanturok/good-vibrations/scripts/backfill_batch.py"", line 317, in _run_batch
    wrap_cmd = (
                ^
  File ""/Users/eitanturok/good-vibrations/scripts/backfill_batch.py"", line 245, in process_sample
    f""# Config files always re-uploaded (content may have changed)\n""
    ^^^^^^^^^^^^^^^^^^^^^^^^^^^
  File ""/Users/eitanturok/.local/share/uv/python/cpython-3.12.5-macos-aarch64-none/lib/python3.12/concurrent/futures/_base.py"", line 456, in result
    return self.__get_result()
           ^^^^^^^^^^^^^^^^^^^
  File ""/Users/eitanturok/.local/share/uv/python/cpython-3.12.5-macos-aarch64-none/lib/python3.12/concurrent/futures/_base.py"", line 401, in __get_result
    raise self._exception
  File ""/Users/eitanturok/.local/share/uv/python/cpython-3.12.5-macos-aarch64-none/lib/python3.12/concurrent/futures/thread.py"", line 58, in run
    result = self.fn(*self.args, **self.kwargs)
             ^^^^^^^^^^^^^^^^^^^^^^^^^^^^^^^^^^
  File ""/Users/eitanturok/good-vibrations/scripts/backfill_batch.py"", line 121, in _run_remote_stage
    REMOTE_SCRIPT, ""--remote-worker"",
  File ""/Users/eitanturok/good-vibrations/scripts/backfill_batch.py"", line 64, in _ssh_run
    # ── SSH helpers ───────────────────────────────────────────────────────────────
       ^^^^^^^^^^^^^^^^^^^^^^^^^^^^^^^^^^^^^^^^^^^^^^^^^^^^^^^^^^^^^^^^^^^^^^^^^^^^^
  File ""/Users/eitanturok/.local/share/uv/python/cpython-3.12.5-macos-aarch64-none/lib/python3.12/subprocess.py"", line 571, in run
    raise CalledProcessError(retcode, process.args,
subprocess.CalledProcessError: Command '['ssh', 'ethantu@mcluster11.wisdom.weizmann.ac.il', ""bash -lc '$HOME/venvs/experiment16-migrate/bin/python /home/ethantu/tmp/migrate_experiment15_to_16_one.py --remote-worker --old-dir /net/mraid20/ifs/wisdom/groups/mark_sheinin_lab/DATA/experiment-15 --new-dir /net/mraid20/ifs/wisdom/groups/mark_sheinin_lab/DATA/experiment-16 --hf-repo eturok-weizmann/laser-vibrations --source-dir-name cube-offrid_0100--31-03-20-54-47 --sample-id 579 --stage pre_segment --overwrite --remote-audio-path /home/ethantu/tmp/chirp_50_1000_3.0sec.wav'""]' returned non-zero exit status 255.
",2026-04-26T05:52:57.265400,ssh_or_remote_failure,cube-offrid,31-03-20-54-47,cube,offgrid,1,False,True,False,False,0100,,,,,,,,,,,,,,,,,,,,,,,False,False,False,False,False,False,False,False,False,False,False,False,False
cube-offrid_1000--31-03-20-54-45,580,"Command '['ssh', 'ethantu@mcluster11.wisdom.weizmann.ac.il', ""bash -lc '$HOME/venvs/experiment16-migrate/bin/python /home/ethantu/tmp/migrate_experiment15_to_16_one.py --remote-worker --old-dir /net/mraid20/ifs/wisdom/groups/mark_sheinin_lab/DATA/experiment-15 --new-dir /net/mraid20/ifs/wisdom/groups/mark_sheinin_lab/DATA/experiment-16 --hf-repo eturok-weizmann/laser-vibrations --source-dir-name cube-offrid_1000--31-03-20-54-45 --sample-id 580 --stage pre_segment --overwrite --remote-audio-path /home/ethantu/tmp/chirp_50_1000_3.0sec.wav'""]' returned non-zero exit status 255.","Traceback (most recent call last):
  File ""/Users/eitanturok/good-vibrations/scripts/backfill_batch.py"", line 317, in _run_batch
    wrap_cmd = (
                ^
  File ""/Users/eitanturok/good-vibrations/scripts/backfill_batch.py"", line 245, in process_sample
    f""# Config files always re-uploaded (content may have changed)\n""
    ^^^^^^^^^^^^^^^^^^^^^^^^^^^
  File ""/Users/eitanturok/.local/share/uv/python/cpython-3.12.5-macos-aarch64-none/lib/python3.12/concurrent/futures/_base.py"", line 456, in result
    return self.__get_result()
           ^^^^^^^^^^^^^^^^^^^
  File ""/Users/eitanturok/.local/share/uv/python/cpython-3.12.5-macos-aarch64-none/lib/python3.12/concurrent/futures/_base.py"", line 401, in __get_result
    raise self._exception
  File ""/Users/eitanturok/.local/share/uv/python/cpython-3.12.5-macos-aarch64-none/lib/python3.12/concurrent/futures/thread.py"", line 58, in run
    result = self.fn(*self.args, **self.kwargs)
             ^^^^^^^^^^^^^^^^^^^^^^^^^^^^^^^^^^
  File ""/Users/eitanturok/good-vibrations/scripts/backfill_batch.py"", line 121, in _run_remote_stage
    REMOTE_SCRIPT, ""--remote-worker"",
  File ""/Users/eitanturok/good-vibrations/scripts/backfill_batch.py"", line 64, in _ssh_run
    # ── SSH helpers ───────────────────────────────────────────────────────────────
       ^^^^^^^^^^^^^^^^^^^^^^^^^^^^^^^^^^^^^^^^^^^^^^^^^^^^^^^^^^^^^^^^^^^^^^^^^^^^^
  File ""/Users/eitanturok/.local/share/uv/python/cpython-3.12.5-macos-aarch64-none/lib/python3.12/subprocess.py"", line 571, in run
    raise CalledProcessError(retcode, process.args,
subprocess.CalledProcessError: Command '['ssh', 'ethantu@mcluster11.wisdom.weizmann.ac.il', ""bash -lc '$HOME/venvs/experiment16-migrate/bin/python /home/ethantu/tmp/migrate_experiment15_to_16_one.py --remote-worker --old-dir /net/mraid20/ifs/wisdom/groups/mark_sheinin_lab/DATA/experiment-15 --new-dir /net/mraid20/ifs/wisdom/groups/mark_sheinin_lab/DATA/experiment-16 --hf-repo eturok-weizmann/laser-vibrations --source-dir-name cube-offrid_1000--31-03-20-54-45 --sample-id 580 --stage pre_segment --overwrite --remote-audio-path /home/ethantu/tmp/chirp_50_1000_3.0sec.wav'""]' returned non-zero exit status 255.
",2026-04-26T05:52:57.288022,ssh_or_remote_failure,cube-offrid,31-03-20-54-45,cube,offgrid,1,False,True,False,False,1000,,,,,,,,,,,,,,,,,,,,,,,False,False,False,False,False,False,False,False,False,False,False,False,False
cube-two-apart-01_0001--31-03-21-09-45,581,"Command '['ssh', 'ethantu@mcluster11.wisdom.weizmann.ac.il', ""bash -lc '$HOME/venvs/experiment16-migrate/bin/python /home/ethantu/tmp/migrate_experiment15_to_16_one.py --remote-worker --old-dir /net/mraid20/ifs/wisdom/groups/mark_sheinin_lab/DATA/experiment-15 --new-dir /net/mraid20/ifs/wisdom/groups/mark_sheinin_lab/DATA/experiment-16 --hf-repo eturok-weizmann/laser-vibrations --source-dir-name cube-two-apart-01_0001--31-03-21-09-45 --sample-id 581 --stage pre_segment --overwrite --remote-audio-path /home/ethantu/tmp/chirp_50_1000_3.0sec.wav'""]' returned non-zero exit status 255.","Traceback (most recent call last):
  File ""/Users/eitanturok/good-vibrations/scripts/backfill_batch.py"", line 317, in _run_batch
    wrap_cmd = (
                ^
  File ""/Users/eitanturok/good-vibrations/scripts/backfill_batch.py"", line 245, in process_sample
    f""# Config files always re-uploaded (content may have changed)\n""
    ^^^^^^^^^^^^^^^^^^^^^^^^^^^
  File ""/Users/eitanturok/.local/share/uv/python/cpython-3.12.5-macos-aarch64-none/lib/python3.12/concurrent/futures/_base.py"", line 456, in result
    return self.__get_result()
           ^^^^^^^^^^^^^^^^^^^
  File ""/Users/eitanturok/.local/share/uv/python/cpython-3.12.5-macos-aarch64-none/lib/python3.12/concurrent/futures/_base.py"", line 401, in __get_result
    raise self._exception
  File ""/Users/eitanturok/.local/share/uv/python/cpython-3.12.5-macos-aarch64-none/lib/python3.12/concurrent/futures/thread.py"", line 58, in run
    result = self.fn(*self.args, **self.kwargs)
             ^^^^^^^^^^^^^^^^^^^^^^^^^^^^^^^^^^
  File ""/Users/eitanturok/good-vibrations/scripts/backfill_batch.py"", line 121, in _run_remote_stage
    REMOTE_SCRIPT, ""--remote-worker"",
  File ""/Users/eitanturok/good-vibrations/scripts/backfill_batch.py"", line 64, in _ssh_run
    # ── SSH helpers ───────────────────────────────────────────────────────────────
       ^^^^^^^^^^^^^^^^^^^^^^^^^^^^^^^^^^^^^^^^^^^^^^^^^^^^^^^^^^^^^^^^^^^^^^^^^^^^^
  File ""/Users/eitanturok/.local/share/uv/python/cpython-3.12.5-macos-aarch64-none/lib/python3.12/subprocess.py"", line 571, in run
    raise CalledProcessError(retcode, process.args,
subprocess.CalledProcessError: Command '['ssh', 'ethantu@mcluster11.wisdom.weizmann.ac.il', ""bash -lc '$HOME/venvs/experiment16-migrate/bin/python /home/ethantu/tmp/migrate_experiment15_to_16_one.py --remote-worker --old-dir /net/mraid20/ifs/wisdom/groups/mark_sheinin_lab/DATA/experiment-15 --new-dir /net/mraid20/ifs/wisdom/groups/mark_sheinin_lab/DATA/experiment-16 --hf-repo eturok-weizmann/laser-vibrations --source-dir-name cube-two-apart-01_0001--31-03-21-09-45 --sample-id 581 --stage pre_segment --overwrite --remote-audio-path /home/ethantu/tmp/chirp_50_1000_3.0sec.wav'""]' returned non-zero exit status 255.
",2026-04-26T05:52:57.305384,ssh_or_remote_failure,cube-two-apart-01,31-03-21-09-45,cube,multi_object_two,2,False,False,False,True,0001,,,,,,,,,,,,,,,,,,,,,,,False,False,False,False,False,False,False,False,False,False,False,False,False
cube-two-apart-01_0010--31-03-21-09-43,582,"Command '['ssh', 'ethantu@mcluster11.wisdom.weizmann.ac.il', ""bash -lc '$HOME/venvs/experiment16-migrate/bin/python /home/ethantu/tmp/migrate_experiment15_to_16_one.py --remote-worker --old-dir /net/mraid20/ifs/wisdom/groups/mark_sheinin_lab/DATA/experiment-15 --new-dir /net/mraid20/ifs/wisdom/groups/mark_sheinin_lab/DATA/experiment-16 --hf-repo eturok-weizmann/laser-vibrations --source-dir-name cube-two-apart-01_0010--31-03-21-09-43 --sample-id 582 --stage pre_segment --overwrite --remote-audio-path /home/ethantu/tmp/chirp_50_1000_3.0sec.wav'""]' returned non-zero exit status 255.","Traceback (most recent call last):
  File ""/Users/eitanturok/good-vibrations/scripts/backfill_batch.py"", line 317, in _run_batch
    wrap_cmd = (
                ^
  File ""/Users/eitanturok/good-vibrations/scripts/backfill_batch.py"", line 245, in process_sample
    f""# Config files always re-uploaded (content may have changed)\n""
    ^^^^^^^^^^^^^^^^^^^^^^^^^^^
  File ""/Users/eitanturok/.local/share/uv/python/cpython-3.12.5-macos-aarch64-none/lib/python3.12/concurrent/futures/_base.py"", line 456, in result
    return self.__get_result()
           ^^^^^^^^^^^^^^^^^^^
  File ""/Users/eitanturok/.local/share/uv/python/cpython-3.12.5-macos-aarch64-none/lib/python3.12/concurrent/futures/_base.py"", line 401, in __get_result
    raise self._exception
  File ""/Users/eitanturok/.local/share/uv/python/cpython-3.12.5-macos-aarch64-none/lib/python3.12/concurrent/futures/thread.py"", line 58, in run
    result = self.fn(*self.args, **self.kwargs)
             ^^^^^^^^^^^^^^^^^^^^^^^^^^^^^^^^^^
  File ""/Users/eitanturok/good-vibrations/scripts/backfill_batch.py"", line 121, in _run_remote_stage
    REMOTE_SCRIPT, ""--remote-worker"",
  File ""/Users/eitanturok/good-vibrations/scripts/backfill_batch.py"", line 64, in _ssh_run
    # ── SSH helpers ───────────────────────────────────────────────────────────────
       ^^^^^^^^^^^^^^^^^^^^^^^^^^^^^^^^^^^^^^^^^^^^^^^^^^^^^^^^^^^^^^^^^^^^^^^^^^^^^
  File ""/Users/eitanturok/.local/share/uv/python/cpython-3.12.5-macos-aarch64-none/lib/python3.12/subprocess.py"", line 571, in run
    raise CalledProcessError(retcode, process.args,
subprocess.CalledProcessError: Command '['ssh', 'ethantu@mcluster11.wisdom.weizmann.ac.il', ""bash -lc '$HOME/venvs/experiment16-migrate/bin/python /home/ethantu/tmp/migrate_experiment15_to_16_one.py --remote-worker --old-dir /net/mraid20/ifs/wisdom/groups/mark_sheinin_lab/DATA/experiment-15 --new-dir /net/mraid20/ifs/wisdom/groups/mark_sheinin_lab/DATA/experiment-16 --hf-repo eturok-weizmann/laser-vibrations --source-dir-name cube-two-apart-01_0010--31-03-21-09-43 --sample-id 582 --stage pre_segment --overwrite --remote-audio-path /home/ethantu/tmp/chirp_50_1000_3.0sec.wav'""]' returned non-zero exit status 255.
",2026-04-26T05:52:57.317125,ssh_or_remote_failure,cube-two-apart-01,31-03-21-09-43,cube,multi_object_two,2,False,False,False,True,0010,,,,,,,,,,,,,,,,,,,,,,,False,False,False,False,False,False,False,False,False,False,False,False,False
cube-two-apart-01_0100--31-03-21-09-41,583,"Command '['ssh', 'ethantu@mcluster11.wisdom.weizmann.ac.il', ""bash -lc '$HOME/venvs/experiment16-migrate/bin/python /home/ethantu/tmp/migrate_experiment15_to_16_one.py --remote-worker --old-dir /net/mraid20/ifs/wisdom/groups/mark_sheinin_lab/DATA/experiment-15 --new-dir /net/mraid20/ifs/wisdom/groups/mark_sheinin_lab/DATA/experiment-16 --hf-repo eturok-weizmann/laser-vibrations --source-dir-name cube-two-apart-01_0100--31-03-21-09-41 --sample-id 583 --stage pre_segment --overwrite --remote-audio-path /home/ethantu/tmp/chirp_50_1000_3.0sec.wav'""]' returned non-zero exit status 255.","Traceback (most recent call last):
  File ""/Users/eitanturok/good-vibrations/scripts/backfill_batch.py"", line 317, in _run_batch
    wrap_cmd = (
                ^
  File ""/Users/eitanturok/good-vibrations/scripts/backfill_batch.py"", line 245, in process_sample
    f""# Config files always re-uploaded (content may have changed)\n""
    ^^^^^^^^^^^^^^^^^^^^^^^^^^^
  File ""/Users/eitanturok/.local/share/uv/python/cpython-3.12.5-macos-aarch64-none/lib/python3.12/concurrent/futures/_base.py"", line 456, in result
    return self.__get_result()
           ^^^^^^^^^^^^^^^^^^^
  File ""/Users/eitanturok/.local/share/uv/python/cpython-3.12.5-macos-aarch64-none/lib/python3.12/concurrent/futures/_base.py"", line 401, in __get_result
    raise self._exception
  File ""/Users/eitanturok/.local/share/uv/python/cpython-3.12.5-macos-aarch64-none/lib/python3.12/concurrent/futures/thread.py"", line 58, in run
    result = self.fn(*self.args, **self.kwargs)
             ^^^^^^^^^^^^^^^^^^^^^^^^^^^^^^^^^^
  File ""/Users/eitanturok/good-vibrations/scripts/backfill_batch.py"", line 121, in _run_remote_stage
    REMOTE_SCRIPT, ""--remote-worker"",
  File ""/Users/eitanturok/good-vibrations/scripts/backfill_batch.py"", line 64, in _ssh_run
    # ── SSH helpers ───────────────────────────────────────────────────────────────
       ^^^^^^^^^^^^^^^^^^^^^^^^^^^^^^^^^^^^^^^^^^^^^^^^^^^^^^^^^^^^^^^^^^^^^^^^^^^^^
  File ""/Users/eitanturok/.local/share/uv/python/cpython-3.12.5-macos-aarch64-none/lib/python3.12/subprocess.py"", line 571, in run
    raise CalledProcessError(retcode, process.args,
subprocess.CalledProcessError: Command '['ssh', 'ethantu@mcluster11.wisdom.weizmann.ac.il', ""bash -lc '$HOME/venvs/experiment16-migrate/bin/python /home/ethantu/tmp/migrate_experiment15_to_16_one.py --remote-worker --old-dir /net/mraid20/ifs/wisdom/groups/mark_sheinin_lab/DATA/experiment-15 --new-dir /net/mraid20/ifs/wisdom/groups/mark_sheinin_lab/DATA/experiment-16 --hf-repo eturok-weizmann/laser-vibrations --source-dir-name cube-two-apart-01_0100--31-03-21-09-41 --sample-id 583 --stage pre_segment --overwrite --remote-audio-path /home/ethantu/tmp/chirp_50_1000_3.0sec.wav'""]' returned non-zero exit status 255.
",2026-04-26T05:52:57.338707,ssh_or_remote_failure,cube-two-apart-01,31-03-21-09-41,cube,multi_object_two,2,False,False,False,True,0100,,,,,,,,,,,,,,,,,,,,,,,False,False,False,False,False,False,False,False,False,False,False,False,False
cube-two-apart-01_1000--31-03-21-09-39,584,"Command '['ssh', 'ethantu@mcluster11.wisdom.weizmann.ac.il', ""bash -lc '$HOME/venvs/experiment16-migrate/bin/python /home/ethantu/tmp/migrate_experiment15_to_16_one.py --remote-worker --old-dir /net/mraid20/ifs/wisdom/groups/mark_sheinin_lab/DATA/experiment-15 --new-dir /net/mraid20/ifs/wisdom/groups/mark_sheinin_lab/DATA/experiment-16 --hf-repo eturok-weizmann/laser-vibrations --source-dir-name cube-two-apart-01_1000--31-03-21-09-39 --sample-id 584 --stage pre_segment --overwrite --remote-audio-path /home/ethantu/tmp/chirp_50_1000_3.0sec.wav'""]' returned non-zero exit status 255.","Traceback (most recent call last):
  File ""/Users/eitanturok/good-vibrations/scripts/backfill_batch.py"", line 317, in _run_batch
    wrap_cmd = (
                ^
  File ""/Users/eitanturok/good-vibrations/scripts/backfill_batch.py"", line 245, in process_sample
    f""# Config files always re-uploaded (content may have changed)\n""
    ^^^^^^^^^^^^^^^^^^^^^^^^^^^
  File ""/Users/eitanturok/.local/share/uv/python/cpython-3.12.5-macos-aarch64-none/lib/python3.12/concurrent/futures/_base.py"", line 456, in result
    return self.__get_result()
           ^^^^^^^^^^^^^^^^^^^
  File ""/Users/eitanturok/.local/share/uv/python/cpython-3.12.5-macos-aarch64-none/lib/python3.12/concurrent/futures/_base.py"", line 401, in __get_result
    raise self._exception
  File ""/Users/eitanturok/.local/share/uv/python/cpython-3.12.5-macos-aarch64-none/lib/python3.12/concurrent/futures/thread.py"", line 58, in run
    result = self.fn(*self.args, **self.kwargs)
             ^^^^^^^^^^^^^^^^^^^^^^^^^^^^^^^^^^
  File ""/Users/eitanturok/good-vibrations/scripts/backfill_batch.py"", line 121, in _run_remote_stage
    REMOTE_SCRIPT, ""--remote-worker"",
  File ""/Users/eitanturok/good-vibrations/scripts/backfill_batch.py"", line 64, in _ssh_run
    # ── SSH helpers ───────────────────────────────────────────────────────────────
       ^^^^^^^^^^^^^^^^^^^^^^^^^^^^^^^^^^^^^^^^^^^^^^^^^^^^^^^^^^^^^^^^^^^^^^^^^^^^^
  File ""/Users/eitanturok/.local/share/uv/python/cpython-3.12.5-macos-aarch64-none/lib/python3.12/subprocess.py"", line 571, in run
    raise CalledProcessError(retcode, process.args,
subprocess.CalledProcessError: Command '['ssh', 'ethantu@mcluster11.wisdom.weizmann.ac.il', ""bash -lc '$HOME/venvs/experiment16-migrate/bin/python /home/ethantu/tmp/migrate_experiment15_to_16_one.py --remote-worker --old-dir /net/mraid20/ifs/wisdom/groups/mark_sheinin_lab/DATA/experiment-15 --new-dir /net/mraid20/ifs/wisdom/groups/mark_sheinin_lab/DATA/experiment-16 --hf-repo eturok-weizmann/laser-vibrations --source-dir-name cube-two-apart-01_1000--31-03-21-09-39 --sample-id 584 --stage pre_segment --overwrite --remote-audio-path /home/ethantu/tmp/chirp_50_1000_3.0sec.wav'""]' returned non-zero exit status 255.
",2026-04-26T05:52:57.360151,ssh_or_remote_failure,cube-two-apart-01,31-03-21-09-39,cube,multi_object_two,2,False,False,False,True,1000,,,,,,,,,,,,,,,,,,,,,,,False,False,False,False,False,False,False,False,False,False,False,False,False
cube-two-apart_0001--31-03-21-09-07,585,"Command '['ssh', 'ethantu@mcluster11.wisdom.weizmann.ac.il', ""bash -lc '$HOME/venvs/experiment16-migrate/bin/python /home/ethantu/tmp/migrate_experiment15_to_16_one.py --remote-worker --old-dir /net/mraid20/ifs/wisdom/groups/mark_sheinin_lab/DATA/experiment-15 --new-dir /net/mraid20/ifs/wisdom/groups/mark_sheinin_lab/DATA/experiment-16 --hf-repo eturok-weizmann/laser-vibrations --source-dir-name cube-two-apart_0001--31-03-21-09-07 --sample-id 585 --stage pre_segment --overwrite --remote-audio-path /home/ethantu/tmp/chirp_50_1000_3.0sec.wav'""]' returned non-zero exit status 255.","Traceback (most recent call last):
  File ""/Users/eitanturok/good-vibrations/scripts/backfill_batch.py"", line 317, in _run_batch
    wrap_cmd = (
                ^
  File ""/Users/eitanturok/good-vibrations/scripts/backfill_batch.py"", line 245, in process_sample
    f""# Config files always re-uploaded (content may have changed)\n""
    ^^^^^^^^^^^^^^^^^^^^^^^^^^^
  File ""/Users/eitanturok/.local/share/uv/python/cpython-3.12.5-macos-aarch64-none/lib/python3.12/concurrent/futures/_base.py"", line 456, in result
    return self.__get_result()
           ^^^^^^^^^^^^^^^^^^^
  File ""/Users/eitanturok/.local/share/uv/python/cpython-3.12.5-macos-aarch64-none/lib/python3.12/concurrent/futures/_base.py"", line 401, in __get_result
    raise self._exception
  File ""/Users/eitanturok/.local/share/uv/python/cpython-3.12.5-macos-aarch64-none/lib/python3.12/concurrent/futures/thread.py"", line 58, in run
    result = self.fn(*self.args, **self.kwargs)
             ^^^^^^^^^^^^^^^^^^^^^^^^^^^^^^^^^^
  File ""/Users/eitanturok/good-vibrations/scripts/backfill_batch.py"", line 121, in _run_remote_stage
    REMOTE_SCRIPT, ""--remote-worker"",
  File ""/Users/eitanturok/good-vibrations/scripts/backfill_batch.py"", line 64, in _ssh_run
    # ── SSH helpers ───────────────────────────────────────────────────────────────
       ^^^^^^^^^^^^^^^^^^^^^^^^^^^^^^^^^^^^^^^^^^^^^^^^^^^^^^^^^^^^^^^^^^^^^^^^^^^^^
  File ""/Users/eitanturok/.local/share/uv/python/cpython-3.12.5-macos-aarch64-none/lib/python3.12/subprocess.py"", line 571, in run
    raise CalledProcessError(retcode, process.args,
subprocess.CalledProcessError: Command '['ssh', 'ethantu@mcluster11.wisdom.weizmann.ac.il', ""bash -lc '$HOME/venvs/experiment16-migrate/bin/python /home/ethantu/tmp/migrate_experiment15_to_16_one.py --remote-worker --old-dir /net/mraid20/ifs/wisdom/groups/mark_sheinin_lab/DATA/experiment-15 --new-dir /net/mraid20/ifs/wisdom/groups/mark_sheinin_lab/DATA/experiment-16 --hf-repo eturok-weizmann/laser-vibrations --source-dir-name cube-two-apart_0001--31-03-21-09-07 --sample-id 585 --stage pre_segment --overwrite --remote-audio-path /home/ethantu/tmp/chirp_50_1000_3.0sec.wav'""]' returned non-zero exit status 255.
",2026-04-26T05:52:57.373929,ssh_or_remote_failure,cube-two-apart,31-03-21-09-07,cube,multi_object_two,2,False,False,False,True,0001,,,,,,,,,,,,,,,,,,,,,,,False,False,False,False,False,False,False,False,False,False,False,False,False
cube-two-apart_0010--31-03-21-09-05,586,"Command '['ssh', 'ethantu@mcluster11.wisdom.weizmann.ac.il', ""bash -lc '$HOME/venvs/experiment16-migrate/bin/python /home/ethantu/tmp/migrate_experiment15_to_16_one.py --remote-worker --old-dir /net/mraid20/ifs/wisdom/groups/mark_sheinin_lab/DATA/experiment-15 --new-dir /net/mraid20/ifs/wisdom/groups/mark_sheinin_lab/DATA/experiment-16 --hf-repo eturok-weizmann/laser-vibrations --source-dir-name cube-two-apart_0010--31-03-21-09-05 --sample-id 586 --stage pre_segment --overwrite --remote-audio-path /home/ethantu/tmp/chirp_50_1000_3.0sec.wav'""]' returned non-zero exit status 255.","Traceback (most recent call last):
  File ""/Users/eitanturok/good-vibrations/scripts/backfill_batch.py"", line 317, in _run_batch
    wrap_cmd = (
                ^
  File ""/Users/eitanturok/good-vibrations/scripts/backfill_batch.py"", line 245, in process_sample
    f""# Config files always re-uploaded (content may have changed)\n""
    ^^^^^^^^^^^^^^^^^^^^^^^^^^^
  File ""/Users/eitanturok/.local/share/uv/python/cpython-3.12.5-macos-aarch64-none/lib/python3.12/concurrent/futures/_base.py"", line 456, in result
    return self.__get_result()
           ^^^^^^^^^^^^^^^^^^^
  File ""/Users/eitanturok/.local/share/uv/python/cpython-3.12.5-macos-aarch64-none/lib/python3.12/concurrent/futures/_base.py"", line 401, in __get_result
    raise self._exception
  File ""/Users/eitanturok/.local/share/uv/python/cpython-3.12.5-macos-aarch64-none/lib/python3.12/concurrent/futures/thread.py"", line 58, in run
    result = self.fn(*self.args, **self.kwargs)
             ^^^^^^^^^^^^^^^^^^^^^^^^^^^^^^^^^^
  File ""/Users/eitanturok/good-vibrations/scripts/backfill_batch.py"", line 121, in _run_remote_stage
    REMOTE_SCRIPT, ""--remote-worker"",
  File ""/Users/eitanturok/good-vibrations/scripts/backfill_batch.py"", line 64, in _ssh_run
    # ── SSH helpers ───────────────────────────────────────────────────────────────
       ^^^^^^^^^^^^^^^^^^^^^^^^^^^^^^^^^^^^^^^^^^^^^^^^^^^^^^^^^^^^^^^^^^^^^^^^^^^^^
  File ""/Users/eitanturok/.local/share/uv/python/cpython-3.12.5-macos-aarch64-none/lib/python3.12/subprocess.py"", line 571, in run
    raise CalledProcessError(retcode, process.args,
subprocess.CalledProcessError: Command '['ssh', 'ethantu@mcluster11.wisdom.weizmann.ac.il', ""bash -lc '$HOME/venvs/experiment16-migrate/bin/python /home/ethantu/tmp/migrate_experiment15_to_16_one.py --remote-worker --old-dir /net/mraid20/ifs/wisdom/groups/mark_sheinin_lab/DATA/experiment-15 --new-dir /net/mraid20/ifs/wisdom/groups/mark_sheinin_lab/DATA/experiment-16 --hf-repo eturok-weizmann/laser-vibrations --source-dir-name cube-two-apart_0010--31-03-21-09-05 --sample-id 586 --stage pre_segment --overwrite --remote-audio-path /home/ethantu/tmp/chirp_50_1000_3.0sec.wav'""]' returned non-zero exit status 255.
",2026-04-26T05:52:57.390325,ssh_or_remote_failure,cube-two-apart,31-03-21-09-05,cube,multi_object_two,2,False,False,False,True,0010,,,,,,,,,,,,,,,,,,,,,,,False,False,False,False,False,False,False,False,False,False,False,False,False
cube-two-apart_0100--31-03-21-09-03,587,"Command '['ssh', 'ethantu@mcluster11.wisdom.weizmann.ac.il', ""bash -lc '$HOME/venvs/experiment16-migrate/bin/python /home/ethantu/tmp/migrate_experiment15_to_16_one.py --remote-worker --old-dir /net/mraid20/ifs/wisdom/groups/mark_sheinin_lab/DATA/experiment-15 --new-dir /net/mraid20/ifs/wisdom/groups/mark_sheinin_lab/DATA/experiment-16 --hf-repo eturok-weizmann/laser-vibrations --source-dir-name cube-two-apart_0100--31-03-21-09-03 --sample-id 587 --stage pre_segment --overwrite --remote-audio-path /home/ethantu/tmp/chirp_50_1000_3.0sec.wav'""]' returned non-zero exit status 255.","Traceback (most recent call last):
  File ""/Users/eitanturok/good-vibrations/scripts/backfill_batch.py"", line 317, in _run_batch
    wrap_cmd = (
                ^
  File ""/Users/eitanturok/good-vibrations/scripts/backfill_batch.py"", line 245, in process_sample
    f""# Config files always re-uploaded (content may have changed)\n""
    ^^^^^^^^^^^^^^^^^^^^^^^^^^^
  File ""/Users/eitanturok/.local/share/uv/python/cpython-3.12.5-macos-aarch64-none/lib/python3.12/concurrent/futures/_base.py"", line 456, in result
    return self.__get_result()
           ^^^^^^^^^^^^^^^^^^^
  File ""/Users/eitanturok/.local/share/uv/python/cpython-3.12.5-macos-aarch64-none/lib/python3.12/concurrent/futures/_base.py"", line 401, in __get_result
    raise self._exception
  File ""/Users/eitanturok/.local/share/uv/python/cpython-3.12.5-macos-aarch64-none/lib/python3.12/concurrent/futures/thread.py"", line 58, in run
    result = self.fn(*self.args, **self.kwargs)
             ^^^^^^^^^^^^^^^^^^^^^^^^^^^^^^^^^^
  File ""/Users/eitanturok/good-vibrations/scripts/backfill_batch.py"", line 121, in _run_remote_stage
    REMOTE_SCRIPT, ""--remote-worker"",
  File ""/Users/eitanturok/good-vibrations/scripts/backfill_batch.py"", line 64, in _ssh_run
    # ── SSH helpers ───────────────────────────────────────────────────────────────
       ^^^^^^^^^^^^^^^^^^^^^^^^^^^^^^^^^^^^^^^^^^^^^^^^^^^^^^^^^^^^^^^^^^^^^^^^^^^^^
  File ""/Users/eitanturok/.local/share/uv/python/cpython-3.12.5-macos-aarch64-none/lib/python3.12/subprocess.py"", line 571, in run
    raise CalledProcessError(retcode, process.args,
subprocess.CalledProcessError: Command '['ssh', 'ethantu@mcluster11.wisdom.weizmann.ac.il', ""bash -lc '$HOME/venvs/experiment16-migrate/bin/python /home/ethantu/tmp/migrate_experiment15_to_16_one.py --remote-worker --old-dir /net/mraid20/ifs/wisdom/groups/mark_sheinin_lab/DATA/experiment-15 --new-dir /net/mraid20/ifs/wisdom/groups/mark_sheinin_lab/DATA/experiment-16 --hf-repo eturok-weizmann/laser-vibrations --source-dir-name cube-two-apart_0100--31-03-21-09-03 --sample-id 587 --stage pre_segment --overwrite --remote-audio-path /home/ethantu/tmp/chirp_50_1000_3.0sec.wav'""]' returned non-zero exit status 255.
",2026-04-26T05:52:57.401523,ssh_or_remote_failure,cube-two-apart,31-03-21-09-03,cube,multi_object_two,2,False,False,False,True,0100,,,,,,,,,,,,,,,,,,,,,,,False,False,False,False,False,False,False,False,False,False,False,False,False
cube-two-apart_1000--31-03-21-09-01,588,"Command '['ssh', 'ethantu@mcluster11.wisdom.weizmann.ac.il', ""bash -lc '$HOME/venvs/experiment16-migrate/bin/python /home/ethantu/tmp/migrate_experiment15_to_16_one.py --remote-worker --old-dir /net/mraid20/ifs/wisdom/groups/mark_sheinin_lab/DATA/experiment-15 --new-dir /net/mraid20/ifs/wisdom/groups/mark_sheinin_lab/DATA/experiment-16 --hf-repo eturok-weizmann/laser-vibrations --source-dir-name cube-two-apart_1000--31-03-21-09-01 --sample-id 588 --stage pre_segment --overwrite --remote-audio-path /home/ethantu/tmp/chirp_50_1000_3.0sec.wav'""]' returned non-zero exit status 255.","Traceback (most recent call last):
  File ""/Users/eitanturok/good-vibrations/scripts/backfill_batch.py"", line 317, in _run_batch
    wrap_cmd = (
                ^
  File ""/Users/eitanturok/good-vibrations/scripts/backfill_batch.py"", line 245, in process_sample
    f""# Config files always re-uploaded (content may have changed)\n""
    ^^^^^^^^^^^^^^^^^^^^^^^^^^^
  File ""/Users/eitanturok/.local/share/uv/python/cpython-3.12.5-macos-aarch64-none/lib/python3.12/concurrent/futures/_base.py"", line 456, in result
    return self.__get_result()
           ^^^^^^^^^^^^^^^^^^^
  File ""/Users/eitanturok/.local/share/uv/python/cpython-3.12.5-macos-aarch64-none/lib/python3.12/concurrent/futures/_base.py"", line 401, in __get_result
    raise self._exception
  File ""/Users/eitanturok/.local/share/uv/python/cpython-3.12.5-macos-aarch64-none/lib/python3.12/concurrent/futures/thread.py"", line 58, in run
    result = self.fn(*self.args, **self.kwargs)
             ^^^^^^^^^^^^^^^^^^^^^^^^^^^^^^^^^^
  File ""/Users/eitanturok/good-vibrations/scripts/backfill_batch.py"", line 121, in _run_remote_stage
    REMOTE_SCRIPT, ""--remote-worker"",
  File ""/Users/eitanturok/good-vibrations/scripts/backfill_batch.py"", line 64, in _ssh_run
    # ── SSH helpers ───────────────────────────────────────────────────────────────
       ^^^^^^^^^^^^^^^^^^^^^^^^^^^^^^^^^^^^^^^^^^^^^^^^^^^^^^^^^^^^^^^^^^^^^^^^^^^^^
  File ""/Users/eitanturok/.local/share/uv/python/cpython-3.12.5-macos-aarch64-none/lib/python3.12/subprocess.py"", line 571, in run
    raise CalledProcessError(retcode, process.args,
subprocess.CalledProcessError: Command '['ssh', 'ethantu@mcluster11.wisdom.weizmann.ac.il', ""bash -lc '$HOME/venvs/experiment16-migrate/bin/python /home/ethantu/tmp/migrate_experiment15_to_16_one.py --remote-worker --old-dir /net/mraid20/ifs/wisdom/groups/mark_sheinin_lab/DATA/experiment-15 --new-dir /net/mraid20/ifs/wisdom/groups/mark_sheinin_lab/DATA/experiment-16 --hf-repo eturok-weizmann/laser-vibrations --source-dir-name cube-two-apart_1000--31-03-21-09-01 --sample-id 588 --stage pre_segment --overwrite --remote-audio-path /home/ethantu/tmp/chirp_50_1000_3.0sec.wav'""]' returned non-zero exit status 255.
",2026-04-26T05:52:57.413947,ssh_or_remote_failure,cube-two-apart,31-03-21-09-01,cube,multi_object_two,2,False,False,False,True,1000,,,,,,,,,,,,,,,,,,,,,,,False,False,False,False,False,False,False,False,False,False,False,False,False
cube-two-stacked-00_0001--31-03-21-14-54,589,"Command '['ssh', 'ethantu@mcluster11.wisdom.weizmann.ac.il', ""bash -lc '$HOME/venvs/experiment16-migrate/bin/python /home/ethantu/tmp/migrate_experiment15_to_16_one.py --remote-worker --old-dir /net/mraid20/ifs/wisdom/groups/mark_sheinin_lab/DATA/experiment-15 --new-dir /net/mraid20/ifs/wisdom/groups/mark_sheinin_lab/DATA/experiment-16 --hf-repo eturok-weizmann/laser-vibrations --source-dir-name cube-two-stacked-00_0001--31-03-21-14-54 --sample-id 589 --stage pre_segment --overwrite --remote-audio-path /home/ethantu/tmp/chirp_50_1000_3.0sec.wav'""]' returned non-zero exit status 255.","Traceback (most recent call last):
  File ""/Users/eitanturok/good-vibrations/scripts/backfill_batch.py"", line 317, in _run_batch
    wrap_cmd = (
                ^
  File ""/Users/eitanturok/good-vibrations/scripts/backfill_batch.py"", line 245, in process_sample
    f""# Config files always re-uploaded (content may have changed)\n""
    ^^^^^^^^^^^^^^^^^^^^^^^^^^^
  File ""/Users/eitanturok/.local/share/uv/python/cpython-3.12.5-macos-aarch64-none/lib/python3.12/concurrent/futures/_base.py"", line 456, in result
    return self.__get_result()
           ^^^^^^^^^^^^^^^^^^^
  File ""/Users/eitanturok/.local/share/uv/python/cpython-3.12.5-macos-aarch64-none/lib/python3.12/concurrent/futures/_base.py"", line 401, in __get_result
    raise self._exception
  File ""/Users/eitanturok/.local/share/uv/python/cpython-3.12.5-macos-aarch64-none/lib/python3.12/concurrent/futures/thread.py"", line 58, in run
    result = self.fn(*self.args, **self.kwargs)
             ^^^^^^^^^^^^^^^^^^^^^^^^^^^^^^^^^^
  File ""/Users/eitanturok/good-vibrations/scripts/backfill_batch.py"", line 121, in _run_remote_stage
    REMOTE_SCRIPT, ""--remote-worker"",
  File ""/Users/eitanturok/good-vibrations/scripts/backfill_batch.py"", line 64, in _ssh_run
    # ── SSH helpers ───────────────────────────────────────────────────────────────
       ^^^^^^^^^^^^^^^^^^^^^^^^^^^^^^^^^^^^^^^^^^^^^^^^^^^^^^^^^^^^^^^^^^^^^^^^^^^^^
  File ""/Users/eitanturok/.local/share/uv/python/cpython-3.12.5-macos-aarch64-none/lib/python3.12/subprocess.py"", line 571, in run
    raise CalledProcessError(retcode, process.args,
subprocess.CalledProcessError: Command '['ssh', 'ethantu@mcluster11.wisdom.weizmann.ac.il', ""bash -lc '$HOME/venvs/experiment16-migrate/bin/python /home/ethantu/tmp/migrate_experiment15_to_16_one.py --remote-worker --old-dir /net/mraid20/ifs/wisdom/groups/mark_sheinin_lab/DATA/experiment-15 --new-dir /net/mraid20/ifs/wisdom/groups/mark_sheinin_lab/DATA/experiment-16 --hf-repo eturok-weizmann/laser-vibrations --source-dir-name cube-two-stacked-00_0001--31-03-21-14-54 --sample-id 589 --stage pre_segment --overwrite --remote-audio-path /home/ethantu/tmp/chirp_50_1000_3.0sec.wav'""]' returned non-zero exit status 255.
",2026-04-26T05:52:57.433571,ssh_or_remote_failure,cube-two-stacked-00,31-03-21-14-54,cube,multi_object_two,2,False,False,False,True,0001,,,,,,,,,,,,,,,,,,,,,,,False,False,False,False,False,False,False,False,False,False,False,False,False
cube-two-stacked-00_0010--31-03-21-14-52,590,"Command '['ssh', 'ethantu@mcluster11.wisdom.weizmann.ac.il', ""bash -lc '$HOME/venvs/experiment16-migrate/bin/python /home/ethantu/tmp/migrate_experiment15_to_16_one.py --remote-worker --old-dir /net/mraid20/ifs/wisdom/groups/mark_sheinin_lab/DATA/experiment-15 --new-dir /net/mraid20/ifs/wisdom/groups/mark_sheinin_lab/DATA/experiment-16 --hf-repo eturok-weizmann/laser-vibrations --source-dir-name cube-two-stacked-00_0010--31-03-21-14-52 --sample-id 590 --stage pre_segment --overwrite --remote-audio-path /home/ethantu/tmp/chirp_50_1000_3.0sec.wav'""]' returned non-zero exit status 255.","Traceback (most recent call last):
  File ""/Users/eitanturok/good-vibrations/scripts/backfill_batch.py"", line 317, in _run_batch
    wrap_cmd = (
                ^
  File ""/Users/eitanturok/good-vibrations/scripts/backfill_batch.py"", line 245, in process_sample
    f""# Config files always re-uploaded (content may have changed)\n""
    ^^^^^^^^^^^^^^^^^^^^^^^^^^^
  File ""/Users/eitanturok/.local/share/uv/python/cpython-3.12.5-macos-aarch64-none/lib/python3.12/concurrent/futures/_base.py"", line 456, in result
    return self.__get_result()
           ^^^^^^^^^^^^^^^^^^^
  File ""/Users/eitanturok/.local/share/uv/python/cpython-3.12.5-macos-aarch64-none/lib/python3.12/concurrent/futures/_base.py"", line 401, in __get_result
    raise self._exception
  File ""/Users/eitanturok/.local/share/uv/python/cpython-3.12.5-macos-aarch64-none/lib/python3.12/concurrent/futures/thread.py"", line 58, in run
    result = self.fn(*self.args, **self.kwargs)
             ^^^^^^^^^^^^^^^^^^^^^^^^^^^^^^^^^^
  File ""/Users/eitanturok/good-vibrations/scripts/backfill_batch.py"", line 121, in _run_remote_stage
    REMOTE_SCRIPT, ""--remote-worker"",
  File ""/Users/eitanturok/good-vibrations/scripts/backfill_batch.py"", line 64, in _ssh_run
    # ── SSH helpers ───────────────────────────────────────────────────────────────
       ^^^^^^^^^^^^^^^^^^^^^^^^^^^^^^^^^^^^^^^^^^^^^^^^^^^^^^^^^^^^^^^^^^^^^^^^^^^^^
  File ""/Users/eitanturok/.local/share/uv/python/cpython-3.12.5-macos-aarch64-none/lib/python3.12/subprocess.py"", line 571, in run
    raise CalledProcessError(retcode, process.args,
subprocess.CalledProcessError: Command '['ssh', 'ethantu@mcluster11.wisdom.weizmann.ac.il', ""bash -lc '$HOME/venvs/experiment16-migrate/bin/python /home/ethantu/tmp/migrate_experiment15_to_16_one.py --remote-worker --old-dir /net/mraid20/ifs/wisdom/groups/mark_sheinin_lab/DATA/experiment-15 --new-dir /net/mraid20/ifs/wisdom/groups/mark_sheinin_lab/DATA/experiment-16 --hf-repo eturok-weizmann/laser-vibrations --source-dir-name cube-two-stacked-00_0010--31-03-21-14-52 --sample-id 590 --stage pre_segment --overwrite --remote-audio-path /home/ethantu/tmp/chirp_50_1000_3.0sec.wav'""]' returned non-zero exit status 255.
",2026-04-26T05:52:57.457206,ssh_or_remote_failure,cube-two-stacked-00,31-03-21-14-52,cube,multi_object_two,2,False,False,False,True,0010,,,,,,,,,,,,,,,,,,,,,,,False,False,False,False,False,False,False,False,False,False,False,False,False
cube-two-stacked-00_0100--31-03-21-14-51,591,"Command '['ssh', 'ethantu@mcluster11.wisdom.weizmann.ac.il', ""bash -lc '$HOME/venvs/experiment16-migrate/bin/python /home/ethantu/tmp/migrate_experiment15_to_16_one.py --remote-worker --old-dir /net/mraid20/ifs/wisdom/groups/mark_sheinin_lab/DATA/experiment-15 --new-dir /net/mraid20/ifs/wisdom/groups/mark_sheinin_lab/DATA/experiment-16 --hf-repo eturok-weizmann/laser-vibrations --source-dir-name cube-two-stacked-00_0100--31-03-21-14-51 --sample-id 591 --stage pre_segment --overwrite --remote-audio-path /home/ethantu/tmp/chirp_50_1000_3.0sec.wav'""]' returned non-zero exit status 255.","Traceback (most recent call last):
  File ""/Users/eitanturok/good-vibrations/scripts/backfill_batch.py"", line 317, in _run_batch
    wrap_cmd = (
                ^
  File ""/Users/eitanturok/good-vibrations/scripts/backfill_batch.py"", line 245, in process_sample
    f""# Config files always re-uploaded (content may have changed)\n""
    ^^^^^^^^^^^^^^^^^^^^^^^^^^^
  File ""/Users/eitanturok/.local/share/uv/python/cpython-3.12.5-macos-aarch64-none/lib/python3.12/concurrent/futures/_base.py"", line 456, in result
    return self.__get_result()
           ^^^^^^^^^^^^^^^^^^^
  File ""/Users/eitanturok/.local/share/uv/python/cpython-3.12.5-macos-aarch64-none/lib/python3.12/concurrent/futures/_base.py"", line 401, in __get_result
    raise self._exception
  File ""/Users/eitanturok/.local/share/uv/python/cpython-3.12.5-macos-aarch64-none/lib/python3.12/concurrent/futures/thread.py"", line 58, in run
    result = self.fn(*self.args, **self.kwargs)
             ^^^^^^^^^^^^^^^^^^^^^^^^^^^^^^^^^^
  File ""/Users/eitanturok/good-vibrations/scripts/backfill_batch.py"", line 121, in _run_remote_stage
    REMOTE_SCRIPT, ""--remote-worker"",
  File ""/Users/eitanturok/good-vibrations/scripts/backfill_batch.py"", line 64, in _ssh_run
    # ── SSH helpers ───────────────────────────────────────────────────────────────
       ^^^^^^^^^^^^^^^^^^^^^^^^^^^^^^^^^^^^^^^^^^^^^^^^^^^^^^^^^^^^^^^^^^^^^^^^^^^^^
  File ""/Users/eitanturok/.local/share/uv/python/cpython-3.12.5-macos-aarch64-none/lib/python3.12/subprocess.py"", line 571, in run
    raise CalledProcessError(retcode, process.args,
subprocess.CalledProcessError: Command '['ssh', 'ethantu@mcluster11.wisdom.weizmann.ac.il', ""bash -lc '$HOME/venvs/experiment16-migrate/bin/python /home/ethantu/tmp/migrate_experiment15_to_16_one.py --remote-worker --old-dir /net/mraid20/ifs/wisdom/groups/mark_sheinin_lab/DATA/experiment-15 --new-dir /net/mraid20/ifs/wisdom/groups/mark_sheinin_lab/DATA/experiment-16 --hf-repo eturok-weizmann/laser-vibrations --source-dir-name cube-two-stacked-00_0100--31-03-21-14-51 --sample-id 591 --stage pre_segment --overwrite --remote-audio-path /home/ethantu/tmp/chirp_50_1000_3.0sec.wav'""]' returned non-zero exit status 255.
",2026-04-26T05:52:57.473238,ssh_or_remote_failure,cube-two-stacked-00,31-03-21-14-51,cube,multi_object_two,2,False,False,False,True,0100,,,,,,,,,,,,,,,,,,,,,,,False,False,False,False,False,False,False,False,False,False,False,False,False
cube-two-stacked-00_1000--31-03-21-14-49,592,"Command '['ssh', 'ethantu@mcluster11.wisdom.weizmann.ac.il', ""bash -lc '$HOME/venvs/experiment16-migrate/bin/python /home/ethantu/tmp/migrate_experiment15_to_16_one.py --remote-worker --old-dir /net/mraid20/ifs/wisdom/groups/mark_sheinin_lab/DATA/experiment-15 --new-dir /net/mraid20/ifs/wisdom/groups/mark_sheinin_lab/DATA/experiment-16 --hf-repo eturok-weizmann/laser-vibrations --source-dir-name cube-two-stacked-00_1000--31-03-21-14-49 --sample-id 592 --stage pre_segment --overwrite --remote-audio-path /home/ethantu/tmp/chirp_50_1000_3.0sec.wav'""]' returned non-zero exit status 255.","Traceback (most recent call last):
  File ""/Users/eitanturok/good-vibrations/scripts/backfill_batch.py"", line 317, in _run_batch
    wrap_cmd = (
                ^
  File ""/Users/eitanturok/good-vibrations/scripts/backfill_batch.py"", line 245, in process_sample
    f""# Config files always re-uploaded (content may have changed)\n""
    ^^^^^^^^^^^^^^^^^^^^^^^^^^^
  File ""/Users/eitanturok/.local/share/uv/python/cpython-3.12.5-macos-aarch64-none/lib/python3.12/concurrent/futures/_base.py"", line 456, in result
    return self.__get_result()
           ^^^^^^^^^^^^^^^^^^^
  File ""/Users/eitanturok/.local/share/uv/python/cpython-3.12.5-macos-aarch64-none/lib/python3.12/concurrent/futures/_base.py"", line 401, in __get_result
    raise self._exception
  File ""/Users/eitanturok/.local/share/uv/python/cpython-3.12.5-macos-aarch64-none/lib/python3.12/concurrent/futures/thread.py"", line 58, in run
    result = self.fn(*self.args, **self.kwargs)
             ^^^^^^^^^^^^^^^^^^^^^^^^^^^^^^^^^^
  File ""/Users/eitanturok/good-vibrations/scripts/backfill_batch.py"", line 121, in _run_remote_stage
    REMOTE_SCRIPT, ""--remote-worker"",
  File ""/Users/eitanturok/good-vibrations/scripts/backfill_batch.py"", line 64, in _ssh_run
    # ── SSH helpers ───────────────────────────────────────────────────────────────
       ^^^^^^^^^^^^^^^^^^^^^^^^^^^^^^^^^^^^^^^^^^^^^^^^^^^^^^^^^^^^^^^^^^^^^^^^^^^^^
  File ""/Users/eitanturok/.local/share/uv/python/cpython-3.12.5-macos-aarch64-none/lib/python3.12/subprocess.py"", line 571, in run
    raise CalledProcessError(retcode, process.args,
subprocess.CalledProcessError: Command '['ssh', 'ethantu@mcluster11.wisdom.weizmann.ac.il', ""bash -lc '$HOME/venvs/experiment16-migrate/bin/python /home/ethantu/tmp/migrate_experiment15_to_16_one.py --remote-worker --old-dir /net/mraid20/ifs/wisdom/groups/mark_sheinin_lab/DATA/experiment-15 --new-dir /net/mraid20/ifs/wisdom/groups/mark_sheinin_lab/DATA/experiment-16 --hf-repo eturok-weizmann/laser-vibrations --source-dir-name cube-two-stacked-00_1000--31-03-21-14-49 --sample-id 592 --stage pre_segment --overwrite --remote-audio-path /home/ethantu/tmp/chirp_50_1000_3.0sec.wav'""]' returned non-zero exit status 255.
",2026-04-26T05:52:57.488934,ssh_or_remote_failure,cube-two-stacked-00,31-03-21-14-49,cube,multi_object_two,2,False,False,False,True,1000,,,,,,,,,,,,,,,,,,,,,,,False,False,False,False,False,False,False,False,False,False,False,False,False
cube-two-together-05x03y_0001--31-03-21-03-42,593,"Command '['ssh', 'ethantu@mcluster11.wisdom.weizmann.ac.il', ""bash -lc '$HOME/venvs/experiment16-migrate/bin/python /home/ethantu/tmp/migrate_experiment15_to_16_one.py --remote-worker --old-dir /net/mraid20/ifs/wisdom/groups/mark_sheinin_lab/DATA/experiment-15 --new-dir /net/mraid20/ifs/wisdom/groups/mark_sheinin_lab/DATA/experiment-16 --hf-repo eturok-weizmann/laser-vibrations --source-dir-name cube-two-together-05x03y_0001--31-03-21-03-42 --sample-id 593 --stage pre_segment --overwrite --remote-audio-path /home/ethantu/tmp/chirp_50_1000_3.0sec.wav'""]' returned non-zero exit status 255.","Traceback (most recent call last):
  File ""/Users/eitanturok/good-vibrations/scripts/backfill_batch.py"", line 317, in _run_batch
    wrap_cmd = (
                ^
  File ""/Users/eitanturok/good-vibrations/scripts/backfill_batch.py"", line 245, in process_sample
    f""# Config files always re-uploaded (content may have changed)\n""
    ^^^^^^^^^^^^^^^^^^^^^^^^^^^
  File ""/Users/eitanturok/.local/share/uv/python/cpython-3.12.5-macos-aarch64-none/lib/python3.12/concurrent/futures/_base.py"", line 456, in result
    return self.__get_result()
           ^^^^^^^^^^^^^^^^^^^
  File ""/Users/eitanturok/.local/share/uv/python/cpython-3.12.5-macos-aarch64-none/lib/python3.12/concurrent/futures/_base.py"", line 401, in __get_result
    raise self._exception
  File ""/Users/eitanturok/.local/share/uv/python/cpython-3.12.5-macos-aarch64-none/lib/python3.12/concurrent/futures/thread.py"", line 58, in run
    result = self.fn(*self.args, **self.kwargs)
             ^^^^^^^^^^^^^^^^^^^^^^^^^^^^^^^^^^
  File ""/Users/eitanturok/good-vibrations/scripts/backfill_batch.py"", line 121, in _run_remote_stage
    REMOTE_SCRIPT, ""--remote-worker"",
  File ""/Users/eitanturok/good-vibrations/scripts/backfill_batch.py"", line 64, in _ssh_run
    # ── SSH helpers ───────────────────────────────────────────────────────────────
       ^^^^^^^^^^^^^^^^^^^^^^^^^^^^^^^^^^^^^^^^^^^^^^^^^^^^^^^^^^^^^^^^^^^^^^^^^^^^^
  File ""/Users/eitanturok/.local/share/uv/python/cpython-3.12.5-macos-aarch64-none/lib/python3.12/subprocess.py"", line 571, in run
    raise CalledProcessError(retcode, process.args,
subprocess.CalledProcessError: Command '['ssh', 'ethantu@mcluster11.wisdom.weizmann.ac.il', ""bash -lc '$HOME/venvs/experiment16-migrate/bin/python /home/ethantu/tmp/migrate_experiment15_to_16_one.py --remote-worker --old-dir /net/mraid20/ifs/wisdom/groups/mark_sheinin_lab/DATA/experiment-15 --new-dir /net/mraid20/ifs/wisdom/groups/mark_sheinin_lab/DATA/experiment-16 --hf-repo eturok-weizmann/laser-vibrations --source-dir-name cube-two-together-05x03y_0001--31-03-21-03-42 --sample-id 593 --stage pre_segment --overwrite --remote-audio-path /home/ethantu/tmp/chirp_50_1000_3.0sec.wav'""]' returned non-zero exit status 255.
",2026-04-26T05:52:57.505017,ssh_or_remote_failure,cube-two-together-05x03y,31-03-21-03-42,cube,multi_object_two,2,False,False,False,True,0001,5.0,3.0,,,,,,,,,,,,,,,,,,,,,False,False,False,False,False,False,False,False,False,False,False,False,False
cube-two-together-05x03y_0010--31-03-21-03-40,594,"Command '['ssh', 'ethantu@mcluster11.wisdom.weizmann.ac.il', ""bash -lc '$HOME/venvs/experiment16-migrate/bin/python /home/ethantu/tmp/migrate_experiment15_to_16_one.py --remote-worker --old-dir /net/mraid20/ifs/wisdom/groups/mark_sheinin_lab/DATA/experiment-15 --new-dir /net/mraid20/ifs/wisdom/groups/mark_sheinin_lab/DATA/experiment-16 --hf-repo eturok-weizmann/laser-vibrations --source-dir-name cube-two-together-05x03y_0010--31-03-21-03-40 --sample-id 594 --stage pre_segment --overwrite --remote-audio-path /home/ethantu/tmp/chirp_50_1000_3.0sec.wav'""]' returned non-zero exit status 255.","Traceback (most recent call last):
  File ""/Users/eitanturok/good-vibrations/scripts/backfill_batch.py"", line 317, in _run_batch
    wrap_cmd = (
                ^
  File ""/Users/eitanturok/good-vibrations/scripts/backfill_batch.py"", line 245, in process_sample
    f""# Config files always re-uploaded (content may have changed)\n""
    ^^^^^^^^^^^^^^^^^^^^^^^^^^^
  File ""/Users/eitanturok/.local/share/uv/python/cpython-3.12.5-macos-aarch64-none/lib/python3.12/concurrent/futures/_base.py"", line 456, in result
    return self.__get_result()
           ^^^^^^^^^^^^^^^^^^^
  File ""/Users/eitanturok/.local/share/uv/python/cpython-3.12.5-macos-aarch64-none/lib/python3.12/concurrent/futures/_base.py"", line 401, in __get_result
    raise self._exception
  File ""/Users/eitanturok/.local/share/uv/python/cpython-3.12.5-macos-aarch64-none/lib/python3.12/concurrent/futures/thread.py"", line 58, in run
    result = self.fn(*self.args, **self.kwargs)
             ^^^^^^^^^^^^^^^^^^^^^^^^^^^^^^^^^^
  File ""/Users/eitanturok/good-vibrations/scripts/backfill_batch.py"", line 121, in _run_remote_stage
    REMOTE_SCRIPT, ""--remote-worker"",
  File ""/Users/eitanturok/good-vibrations/scripts/backfill_batch.py"", line 64, in _ssh_run
    # ── SSH helpers ───────────────────────────────────────────────────────────────
       ^^^^^^^^^^^^^^^^^^^^^^^^^^^^^^^^^^^^^^^^^^^^^^^^^^^^^^^^^^^^^^^^^^^^^^^^^^^^^
  File ""/Users/eitanturok/.local/share/uv/python/cpython-3.12.5-macos-aarch64-none/lib/python3.12/subprocess.py"", line 571, in run
    raise CalledProcessError(retcode, process.args,
subprocess.CalledProcessError: Command '['ssh', 'ethantu@mcluster11.wisdom.weizmann.ac.il', ""bash -lc '$HOME/venvs/experiment16-migrate/bin/python /home/ethantu/tmp/migrate_experiment15_to_16_one.py --remote-worker --old-dir /net/mraid20/ifs/wisdom/groups/mark_sheinin_lab/DATA/experiment-15 --new-dir /net/mraid20/ifs/wisdom/groups/mark_sheinin_lab/DATA/experiment-16 --hf-repo eturok-weizmann/laser-vibrations --source-dir-name cube-two-together-05x03y_0010--31-03-21-03-40 --sample-id 594 --stage pre_segment --overwrite --remote-audio-path /home/ethantu/tmp/chirp_50_1000_3.0sec.wav'""]' returned non-zero exit status 255.
",2026-04-26T05:52:57.524323,ssh_or_remote_failure,cube-two-together-05x03y,31-03-21-03-40,cube,multi_object_two,2,False,False,False,True,0010,5.0,3.0,,,,,,,,,,,,,,,,,,,,,False,False,False,False,False,False,False,False,False,False,False,False,False
cube-two-together-05x03y_0100--31-03-21-03-38,595,"Command '['ssh', 'ethantu@mcluster11.wisdom.weizmann.ac.il', ""bash -lc '$HOME/venvs/experiment16-migrate/bin/python /home/ethantu/tmp/migrate_experiment15_to_16_one.py --remote-worker --old-dir /net/mraid20/ifs/wisdom/groups/mark_sheinin_lab/DATA/experiment-15 --new-dir /net/mraid20/ifs/wisdom/groups/mark_sheinin_lab/DATA/experiment-16 --hf-repo eturok-weizmann/laser-vibrations --source-dir-name cube-two-together-05x03y_0100--31-03-21-03-38 --sample-id 595 --stage pre_segment --overwrite --remote-audio-path /home/ethantu/tmp/chirp_50_1000_3.0sec.wav'""]' returned non-zero exit status 255.","Traceback (most recent call last):
  File ""/Users/eitanturok/good-vibrations/scripts/backfill_batch.py"", line 317, in _run_batch
    wrap_cmd = (
                ^
  File ""/Users/eitanturok/good-vibrations/scripts/backfill_batch.py"", line 245, in process_sample
    f""# Config files always re-uploaded (content may have changed)\n""
    ^^^^^^^^^^^^^^^^^^^^^^^^^^^
  File ""/Users/eitanturok/.local/share/uv/python/cpython-3.12.5-macos-aarch64-none/lib/python3.12/concurrent/futures/_base.py"", line 456, in result
    return self.__get_result()
           ^^^^^^^^^^^^^^^^^^^
  File ""/Users/eitanturok/.local/share/uv/python/cpython-3.12.5-macos-aarch64-none/lib/python3.12/concurrent/futures/_base.py"", line 401, in __get_result
    raise self._exception
  File ""/Users/eitanturok/.local/share/uv/python/cpython-3.12.5-macos-aarch64-none/lib/python3.12/concurrent/futures/thread.py"", line 58, in run
    result = self.fn(*self.args, **self.kwargs)
             ^^^^^^^^^^^^^^^^^^^^^^^^^^^^^^^^^^
  File ""/Users/eitanturok/good-vibrations/scripts/backfill_batch.py"", line 121, in _run_remote_stage
    REMOTE_SCRIPT, ""--remote-worker"",
  File ""/Users/eitanturok/good-vibrations/scripts/backfill_batch.py"", line 64, in _ssh_run
    # ── SSH helpers ───────────────────────────────────────────────────────────────
       ^^^^^^^^^^^^^^^^^^^^^^^^^^^^^^^^^^^^^^^^^^^^^^^^^^^^^^^^^^^^^^^^^^^^^^^^^^^^^
  File ""/Users/eitanturok/.local/share/uv/python/cpython-3.12.5-macos-aarch64-none/lib/python3.12/subprocess.py"", line 571, in run
    raise CalledProcessError(retcode, process.args,
subprocess.CalledProcessError: Command '['ssh', 'ethantu@mcluster11.wisdom.weizmann.ac.il', ""bash -lc '$HOME/venvs/experiment16-migrate/bin/python /home/ethantu/tmp/migrate_experiment15_to_16_one.py --remote-worker --old-dir /net/mraid20/ifs/wisdom/groups/mark_sheinin_lab/DATA/experiment-15 --new-dir /net/mraid20/ifs/wisdom/groups/mark_sheinin_lab/DATA/experiment-16 --hf-repo eturok-weizmann/laser-vibrations --source-dir-name cube-two-together-05x03y_0100--31-03-21-03-38 --sample-id 595 --stage pre_segment --overwrite --remote-audio-path /home/ethantu/tmp/chirp_50_1000_3.0sec.wav'""]' returned non-zero exit status 255.
",2026-04-26T05:52:57.537223,ssh_or_remote_failure,cube-two-together-05x03y,31-03-21-03-38,cube,multi_object_two,2,False,False,False,True,0100,5.0,3.0,,,,,,,,,,,,,,,,,,,,,False,False,False,False,False,False,False,False,False,False,False,False,False
cube-two-together-05x03y_1000--31-03-21-03-36,596,"Command '['ssh', 'ethantu@mcluster11.wisdom.weizmann.ac.il', ""bash -lc '$HOME/venvs/experiment16-migrate/bin/python /home/ethantu/tmp/migrate_experiment15_to_16_one.py --remote-worker --old-dir /net/mraid20/ifs/wisdom/groups/mark_sheinin_lab/DATA/experiment-15 --new-dir /net/mraid20/ifs/wisdom/groups/mark_sheinin_lab/DATA/experiment-16 --hf-repo eturok-weizmann/laser-vibrations --source-dir-name cube-two-together-05x03y_1000--31-03-21-03-36 --sample-id 596 --stage pre_segment --overwrite --remote-audio-path /home/ethantu/tmp/chirp_50_1000_3.0sec.wav'""]' returned non-zero exit status 255.","Traceback (most recent call last):
  File ""/Users/eitanturok/good-vibrations/scripts/backfill_batch.py"", line 317, in _run_batch
    wrap_cmd = (
                ^
  File ""/Users/eitanturok/good-vibrations/scripts/backfill_batch.py"", line 245, in process_sample
    f""# Config files always re-uploaded (content may have changed)\n""
    ^^^^^^^^^^^^^^^^^^^^^^^^^^^
  File ""/Users/eitanturok/.local/share/uv/python/cpython-3.12.5-macos-aarch64-none/lib/python3.12/concurrent/futures/_base.py"", line 456, in result
    return self.__get_result()
           ^^^^^^^^^^^^^^^^^^^
  File ""/Users/eitanturok/.local/share/uv/python/cpython-3.12.5-macos-aarch64-none/lib/python3.12/concurrent/futures/_base.py"", line 401, in __get_result
    raise self._exception
  File ""/Users/eitanturok/.local/share/uv/python/cpython-3.12.5-macos-aarch64-none/lib/python3.12/concurrent/futures/thread.py"", line 58, in run
    result = self.fn(*self.args, **self.kwargs)
             ^^^^^^^^^^^^^^^^^^^^^^^^^^^^^^^^^^
  File ""/Users/eitanturok/good-vibrations/scripts/backfill_batch.py"", line 121, in _run_remote_stage
    REMOTE_SCRIPT, ""--remote-worker"",
  File ""/Users/eitanturok/good-vibrations/scripts/backfill_batch.py"", line 64, in _ssh_run
    # ── SSH helpers ───────────────────────────────────────────────────────────────
       ^^^^^^^^^^^^^^^^^^^^^^^^^^^^^^^^^^^^^^^^^^^^^^^^^^^^^^^^^^^^^^^^^^^^^^^^^^^^^
  File ""/Users/eitanturok/.local/share/uv/python/cpython-3.12.5-macos-aarch64-none/lib/python3.12/subprocess.py"", line 571, in run
    raise CalledProcessError(retcode, process.args,
subprocess.CalledProcessError: Command '['ssh', 'ethantu@mcluster11.wisdom.weizmann.ac.il', ""bash -lc '$HOME/venvs/experiment16-migrate/bin/python /home/ethantu/tmp/migrate_experiment15_to_16_one.py --remote-worker --old-dir /net/mraid20/ifs/wisdom/groups/mark_sheinin_lab/DATA/experiment-15 --new-dir /net/mraid20/ifs/wisdom/groups/mark_sheinin_lab/DATA/experiment-16 --hf-repo eturok-weizmann/laser-vibrations --source-dir-name cube-two-together-05x03y_1000--31-03-21-03-36 --sample-id 596 --stage pre_segment --overwrite --remote-audio-path /home/ethantu/tmp/chirp_50_1000_3.0sec.wav'""]' returned non-zero exit status 255.
",2026-04-26T05:52:57.550613,ssh_or_remote_failure,cube-two-together-05x03y,31-03-21-03-36,cube,multi_object_two,2,False,False,False,True,1000,5.0,3.0,,,,,,,,,,,,,,,,,,,,,False,False,False,False,False,False,False,False,False,False,False,False,False
cube-two-together-horizontal10x00y01_0001--31-03-21-06-13,597,"Command '['ssh', 'ethantu@mcluster11.wisdom.weizmann.ac.il', ""bash -lc '$HOME/venvs/experiment16-migrate/bin/python /home/ethantu/tmp/migrate_experiment15_to_16_one.py --remote-worker --old-dir /net/mraid20/ifs/wisdom/groups/mark_sheinin_lab/DATA/experiment-15 --new-dir /net/mraid20/ifs/wisdom/groups/mark_sheinin_lab/DATA/experiment-16 --hf-repo eturok-weizmann/laser-vibrations --source-dir-name cube-two-together-horizontal10x00y01_0001--31-03-21-06-13 --sample-id 597 --stage pre_segment --overwrite --remote-audio-path /home/ethantu/tmp/chirp_50_1000_3.0sec.wav'""]' returned non-zero exit status 255.","Traceback (most recent call last):
  File ""/Users/eitanturok/good-vibrations/scripts/backfill_batch.py"", line 317, in _run_batch
    wrap_cmd = (
                ^
  File ""/Users/eitanturok/good-vibrations/scripts/backfill_batch.py"", line 245, in process_sample
    f""# Config files always re-uploaded (content may have changed)\n""
    ^^^^^^^^^^^^^^^^^^^^^^^^^^^
  File ""/Users/eitanturok/.local/share/uv/python/cpython-3.12.5-macos-aarch64-none/lib/python3.12/concurrent/futures/_base.py"", line 456, in result
    return self.__get_result()
           ^^^^^^^^^^^^^^^^^^^
  File ""/Users/eitanturok/.local/share/uv/python/cpython-3.12.5-macos-aarch64-none/lib/python3.12/concurrent/futures/_base.py"", line 401, in __get_result
    raise self._exception
  File ""/Users/eitanturok/.local/share/uv/python/cpython-3.12.5-macos-aarch64-none/lib/python3.12/concurrent/futures/thread.py"", line 58, in run
    result = self.fn(*self.args, **self.kwargs)
             ^^^^^^^^^^^^^^^^^^^^^^^^^^^^^^^^^^
  File ""/Users/eitanturok/good-vibrations/scripts/backfill_batch.py"", line 121, in _run_remote_stage
    REMOTE_SCRIPT, ""--remote-worker"",
  File ""/Users/eitanturok/good-vibrations/scripts/backfill_batch.py"", line 64, in _ssh_run
    # ── SSH helpers ───────────────────────────────────────────────────────────────
       ^^^^^^^^^^^^^^^^^^^^^^^^^^^^^^^^^^^^^^^^^^^^^^^^^^^^^^^^^^^^^^^^^^^^^^^^^^^^^
  File ""/Users/eitanturok/.local/share/uv/python/cpython-3.12.5-macos-aarch64-none/lib/python3.12/subprocess.py"", line 571, in run
    raise CalledProcessError(retcode, process.args,
subprocess.CalledProcessError: Command '['ssh', 'ethantu@mcluster11.wisdom.weizmann.ac.il', ""bash -lc '$HOME/venvs/experiment16-migrate/bin/python /home/ethantu/tmp/migrate_experiment15_to_16_one.py --remote-worker --old-dir /net/mraid20/ifs/wisdom/groups/mark_sheinin_lab/DATA/experiment-15 --new-dir /net/mraid20/ifs/wisdom/groups/mark_sheinin_lab/DATA/experiment-16 --hf-repo eturok-weizmann/laser-vibrations --source-dir-name cube-two-together-horizontal10x00y01_0001--31-03-21-06-13 --sample-id 597 --stage pre_segment --overwrite --remote-audio-path /home/ethantu/tmp/chirp_50_1000_3.0sec.wav'""]' returned non-zero exit status 255.
",2026-04-26T05:52:57.568105,ssh_or_remote_failure,cube-two-together-horizontal10x00y01,31-03-21-06-13,cube,multi_object_two,2,False,False,False,True,0001,10.0,0.0,,,,,,,,,,,,,,,,,,,,,False,False,False,False,False,False,False,False,False,False,False,False,False
cube-two-together-horizontal10x00y01_0010--31-03-21-06-10,598,"Command '['ssh', 'ethantu@mcluster11.wisdom.weizmann.ac.il', ""bash -lc '$HOME/venvs/experiment16-migrate/bin/python /home/ethantu/tmp/migrate_experiment15_to_16_one.py --remote-worker --old-dir /net/mraid20/ifs/wisdom/groups/mark_sheinin_lab/DATA/experiment-15 --new-dir /net/mraid20/ifs/wisdom/groups/mark_sheinin_lab/DATA/experiment-16 --hf-repo eturok-weizmann/laser-vibrations --source-dir-name cube-two-together-horizontal10x00y01_0010--31-03-21-06-10 --sample-id 598 --stage pre_segment --overwrite --remote-audio-path /home/ethantu/tmp/chirp_50_1000_3.0sec.wav'""]' returned non-zero exit status 255.","Traceback (most recent call last):
  File ""/Users/eitanturok/good-vibrations/scripts/backfill_batch.py"", line 317, in _run_batch
    wrap_cmd = (
                ^
  File ""/Users/eitanturok/good-vibrations/scripts/backfill_batch.py"", line 245, in process_sample
    f""# Config files always re-uploaded (content may have changed)\n""
    ^^^^^^^^^^^^^^^^^^^^^^^^^^^
  File ""/Users/eitanturok/.local/share/uv/python/cpython-3.12.5-macos-aarch64-none/lib/python3.12/concurrent/futures/_base.py"", line 456, in result
    return self.__get_result()
           ^^^^^^^^^^^^^^^^^^^
  File ""/Users/eitanturok/.local/share/uv/python/cpython-3.12.5-macos-aarch64-none/lib/python3.12/concurrent/futures/_base.py"", line 401, in __get_result
    raise self._exception
  File ""/Users/eitanturok/.local/share/uv/python/cpython-3.12.5-macos-aarch64-none/lib/python3.12/concurrent/futures/thread.py"", line 58, in run
    result = self.fn(*self.args, **self.kwargs)
             ^^^^^^^^^^^^^^^^^^^^^^^^^^^^^^^^^^
  File ""/Users/eitanturok/good-vibrations/scripts/backfill_batch.py"", line 121, in _run_remote_stage
    REMOTE_SCRIPT, ""--remote-worker"",
  File ""/Users/eitanturok/good-vibrations/scripts/backfill_batch.py"", line 64, in _ssh_run
    # ── SSH helpers ───────────────────────────────────────────────────────────────
       ^^^^^^^^^^^^^^^^^^^^^^^^^^^^^^^^^^^^^^^^^^^^^^^^^^^^^^^^^^^^^^^^^^^^^^^^^^^^^
  File ""/Users/eitanturok/.local/share/uv/python/cpython-3.12.5-macos-aarch64-none/lib/python3.12/subprocess.py"", line 571, in run
    raise CalledProcessError(retcode, process.args,
subprocess.CalledProcessError: Command '['ssh', 'ethantu@mcluster11.wisdom.weizmann.ac.il', ""bash -lc '$HOME/venvs/experiment16-migrate/bin/python /home/ethantu/tmp/migrate_experiment15_to_16_one.py --remote-worker --old-dir /net/mraid20/ifs/wisdom/groups/mark_sheinin_lab/DATA/experiment-15 --new-dir /net/mraid20/ifs/wisdom/groups/mark_sheinin_lab/DATA/experiment-16 --hf-repo eturok-weizmann/laser-vibrations --source-dir-name cube-two-together-horizontal10x00y01_0010--31-03-21-06-10 --sample-id 598 --stage pre_segment --overwrite --remote-audio-path /home/ethantu/tmp/chirp_50_1000_3.0sec.wav'""]' returned non-zero exit status 255.
",2026-04-26T05:52:57.585272,ssh_or_remote_failure,cube-two-together-horizontal10x00y01,31-03-21-06-10,cube,multi_object_two,2,False,False,False,True,0010,10.0,0.0,,,,,,,,,,,,,,,,,,,,,False,False,False,False,False,False,False,False,False,False,False,False,False
cube-two-together-horizontal10x00y01_0100--31-03-21-06-06,599,"Command '['ssh', 'ethantu@mcluster11.wisdom.weizmann.ac.il', ""bash -lc '$HOME/venvs/experiment16-migrate/bin/python /home/ethantu/tmp/migrate_experiment15_to_16_one.py --remote-worker --old-dir /net/mraid20/ifs/wisdom/groups/mark_sheinin_lab/DATA/experiment-15 --new-dir /net/mraid20/ifs/wisdom/groups/mark_sheinin_lab/DATA/experiment-16 --hf-repo eturok-weizmann/laser-vibrations --source-dir-name cube-two-together-horizontal10x00y01_0100--31-03-21-06-06 --sample-id 599 --stage pre_segment --overwrite --remote-audio-path /home/ethantu/tmp/chirp_50_1000_3.0sec.wav'""]' returned non-zero exit status 255.","Traceback (most recent call last):
  File ""/Users/eitanturok/good-vibrations/scripts/backfill_batch.py"", line 317, in _run_batch
    wrap_cmd = (
                ^
  File ""/Users/eitanturok/good-vibrations/scripts/backfill_batch.py"", line 245, in process_sample
    f""# Config files always re-uploaded (content may have changed)\n""
    ^^^^^^^^^^^^^^^^^^^^^^^^^^^
  File ""/Users/eitanturok/.local/share/uv/python/cpython-3.12.5-macos-aarch64-none/lib/python3.12/concurrent/futures/_base.py"", line 456, in result
    return self.__get_result()
           ^^^^^^^^^^^^^^^^^^^
  File ""/Users/eitanturok/.local/share/uv/python/cpython-3.12.5-macos-aarch64-none/lib/python3.12/concurrent/futures/_base.py"", line 401, in __get_result
    raise self._exception
  File ""/Users/eitanturok/.local/share/uv/python/cpython-3.12.5-macos-aarch64-none/lib/python3.12/concurrent/futures/thread.py"", line 58, in run
    result = self.fn(*self.args, **self.kwargs)
             ^^^^^^^^^^^^^^^^^^^^^^^^^^^^^^^^^^
  File ""/Users/eitanturok/good-vibrations/scripts/backfill_batch.py"", line 121, in _run_remote_stage
    REMOTE_SCRIPT, ""--remote-worker"",
  File ""/Users/eitanturok/good-vibrations/scripts/backfill_batch.py"", line 64, in _ssh_run
    # ── SSH helpers ───────────────────────────────────────────────────────────────
       ^^^^^^^^^^^^^^^^^^^^^^^^^^^^^^^^^^^^^^^^^^^^^^^^^^^^^^^^^^^^^^^^^^^^^^^^^^^^^
  File ""/Users/eitanturok/.local/share/uv/python/cpython-3.12.5-macos-aarch64-none/lib/python3.12/subprocess.py"", line 571, in run
    raise CalledProcessError(retcode, process.args,
subprocess.CalledProcessError: Command '['ssh', 'ethantu@mcluster11.wisdom.weizmann.ac.il', ""bash -lc '$HOME/venvs/experiment16-migrate/bin/python /home/ethantu/tmp/migrate_experiment15_to_16_one.py --remote-worker --old-dir /net/mraid20/ifs/wisdom/groups/mark_sheinin_lab/DATA/experiment-15 --new-dir /net/mraid20/ifs/wisdom/groups/mark_sheinin_lab/DATA/experiment-16 --hf-repo eturok-weizmann/laser-vibrations --source-dir-name cube-two-together-horizontal10x00y01_0100--31-03-21-06-06 --sample-id 599 --stage pre_segment --overwrite --remote-audio-path /home/ethantu/tmp/chirp_50_1000_3.0sec.wav'""]' returned non-zero exit status 255.
",2026-04-26T05:52:57.599552,ssh_or_remote_failure,cube-two-together-horizontal10x00y01,31-03-21-06-06,cube,multi_object_two,2,False,False,False,True,0100,10.0,0.0,,,,,,,,,,,,,,,,,,,,,False,False,False,False,False,False,False,False,False,False,False,False,False
cube-two-together-horizontal10x00y01_1000--31-03-21-06-03,600,"Command '['ssh', 'ethantu@mcluster11.wisdom.weizmann.ac.il', ""bash -lc '$HOME/venvs/experiment16-migrate/bin/python /home/ethantu/tmp/migrate_experiment15_to_16_one.py --remote-worker --old-dir /net/mraid20/ifs/wisdom/groups/mark_sheinin_lab/DATA/experiment-15 --new-dir /net/mraid20/ifs/wisdom/groups/mark_sheinin_lab/DATA/experiment-16 --hf-repo eturok-weizmann/laser-vibrations --source-dir-name cube-two-together-horizontal10x00y01_1000--31-03-21-06-03 --sample-id 600 --stage pre_segment --overwrite --remote-audio-path /home/ethantu/tmp/chirp_50_1000_3.0sec.wav'""]' returned non-zero exit status 255.","Traceback (most recent call last):
  File ""/Users/eitanturok/good-vibrations/scripts/backfill_batch.py"", line 317, in _run_batch
    wrap_cmd = (
                ^
  File ""/Users/eitanturok/good-vibrations/scripts/backfill_batch.py"", line 245, in process_sample
    f""# Config files always re-uploaded (content may have changed)\n""
    ^^^^^^^^^^^^^^^^^^^^^^^^^^^
  File ""/Users/eitanturok/.local/share/uv/python/cpython-3.12.5-macos-aarch64-none/lib/python3.12/concurrent/futures/_base.py"", line 456, in result
    return self.__get_result()
           ^^^^^^^^^^^^^^^^^^^
  File ""/Users/eitanturok/.local/share/uv/python/cpython-3.12.5-macos-aarch64-none/lib/python3.12/concurrent/futures/_base.py"", line 401, in __get_result
    raise self._exception
  File ""/Users/eitanturok/.local/share/uv/python/cpython-3.12.5-macos-aarch64-none/lib/python3.12/concurrent/futures/thread.py"", line 58, in run
    result = self.fn(*self.args, **self.kwargs)
             ^^^^^^^^^^^^^^^^^^^^^^^^^^^^^^^^^^
  File ""/Users/eitanturok/good-vibrations/scripts/backfill_batch.py"", line 121, in _run_remote_stage
    REMOTE_SCRIPT, ""--remote-worker"",
  File ""/Users/eitanturok/good-vibrations/scripts/backfill_batch.py"", line 64, in _ssh_run
    # ── SSH helpers ───────────────────────────────────────────────────────────────
       ^^^^^^^^^^^^^^^^^^^^^^^^^^^^^^^^^^^^^^^^^^^^^^^^^^^^^^^^^^^^^^^^^^^^^^^^^^^^^
  File ""/Users/eitanturok/.local/share/uv/python/cpython-3.12.5-macos-aarch64-none/lib/python3.12/subprocess.py"", line 571, in run
    raise CalledProcessError(retcode, process.args,
subprocess.CalledProcessError: Command '['ssh', 'ethantu@mcluster11.wisdom.weizmann.ac.il', ""bash -lc '$HOME/venvs/experiment16-migrate/bin/python /home/ethantu/tmp/migrate_experiment15_to_16_one.py --remote-worker --old-dir /net/mraid20/ifs/wisdom/groups/mark_sheinin_lab/DATA/experiment-15 --new-dir /net/mraid20/ifs/wisdom/groups/mark_sheinin_lab/DATA/experiment-16 --hf-repo eturok-weizmann/laser-vibrations --source-dir-name cube-two-together-horizontal10x00y01_1000--31-03-21-06-03 --sample-id 600 --stage pre_segment --overwrite --remote-audio-path /home/ethantu/tmp/chirp_50_1000_3.0sec.wav'""]' returned non-zero exit status 255.
",2026-04-26T05:52:57.612295,ssh_or_remote_failure,cube-two-together-horizontal10x00y01,31-03-21-06-03,cube,multi_object_two,2,False,False,False,True,1000,10.0,0.0,,,,,,,,,,,,,,,,,,,,,False,False,False,False,False,False,False,False,False,False,False,False,False
cube-two-together-vertical-10x00y01_0001--31-03-21-07-12,601,"Command '['ssh', 'ethantu@mcluster11.wisdom.weizmann.ac.il', ""bash -lc '$HOME/venvs/experiment16-migrate/bin/python /home/ethantu/tmp/migrate_experiment15_to_16_one.py --remote-worker --old-dir /net/mraid20/ifs/wisdom/groups/mark_sheinin_lab/DATA/experiment-15 --new-dir /net/mraid20/ifs/wisdom/groups/mark_sheinin_lab/DATA/experiment-16 --hf-repo eturok-weizmann/laser-vibrations --source-dir-name cube-two-together-vertical-10x00y01_0001--31-03-21-07-12 --sample-id 601 --stage pre_segment --overwrite --remote-audio-path /home/ethantu/tmp/chirp_50_1000_3.0sec.wav'""]' returned non-zero exit status 255.","Traceback (most recent call last):
  File ""/Users/eitanturok/good-vibrations/scripts/backfill_batch.py"", line 317, in _run_batch
    wrap_cmd = (
                ^
  File ""/Users/eitanturok/good-vibrations/scripts/backfill_batch.py"", line 245, in process_sample
    f""# Config files always re-uploaded (content may have changed)\n""
    ^^^^^^^^^^^^^^^^^^^^^^^^^^^
  File ""/Users/eitanturok/.local/share/uv/python/cpython-3.12.5-macos-aarch64-none/lib/python3.12/concurrent/futures/_base.py"", line 456, in result
    return self.__get_result()
           ^^^^^^^^^^^^^^^^^^^
  File ""/Users/eitanturok/.local/share/uv/python/cpython-3.12.5-macos-aarch64-none/lib/python3.12/concurrent/futures/_base.py"", line 401, in __get_result
    raise self._exception
  File ""/Users/eitanturok/.local/share/uv/python/cpython-3.12.5-macos-aarch64-none/lib/python3.12/concurrent/futures/thread.py"", line 58, in run
    result = self.fn(*self.args, **self.kwargs)
             ^^^^^^^^^^^^^^^^^^^^^^^^^^^^^^^^^^
  File ""/Users/eitanturok/good-vibrations/scripts/backfill_batch.py"", line 121, in _run_remote_stage
    REMOTE_SCRIPT, ""--remote-worker"",
  File ""/Users/eitanturok/good-vibrations/scripts/backfill_batch.py"", line 64, in _ssh_run
    # ── SSH helpers ───────────────────────────────────────────────────────────────
       ^^^^^^^^^^^^^^^^^^^^^^^^^^^^^^^^^^^^^^^^^^^^^^^^^^^^^^^^^^^^^^^^^^^^^^^^^^^^^
  File ""/Users/eitanturok/.local/share/uv/python/cpython-3.12.5-macos-aarch64-none/lib/python3.12/subprocess.py"", line 571, in run
    raise CalledProcessError(retcode, process.args,
subprocess.CalledProcessError: Command '['ssh', 'ethantu@mcluster11.wisdom.weizmann.ac.il', ""bash -lc '$HOME/venvs/experiment16-migrate/bin/python /home/ethantu/tmp/migrate_experiment15_to_16_one.py --remote-worker --old-dir /net/mraid20/ifs/wisdom/groups/mark_sheinin_lab/DATA/experiment-15 --new-dir /net/mraid20/ifs/wisdom/groups/mark_sheinin_lab/DATA/experiment-16 --hf-repo eturok-weizmann/laser-vibrations --source-dir-name cube-two-together-vertical-10x00y01_0001--31-03-21-07-12 --sample-id 601 --stage pre_segment --overwrite --remote-audio-path /home/ethantu/tmp/chirp_50_1000_3.0sec.wav'""]' returned non-zero exit status 255.
",2026-04-26T05:52:57.624266,ssh_or_remote_failure,cube-two-together-vertical-10x00y01,31-03-21-07-12,cube,multi_object_two,2,False,False,False,True,0001,10.0,0.0,,,,,,,,,,,,,,,,,,,,,False,False,False,False,False,False,False,False,False,False,False,False,False
cube-two-together-vertical-10x00y01_0010--31-03-21-07-10,602,"Command '['ssh', 'ethantu@mcluster11.wisdom.weizmann.ac.il', ""bash -lc '$HOME/venvs/experiment16-migrate/bin/python /home/ethantu/tmp/migrate_experiment15_to_16_one.py --remote-worker --old-dir /net/mraid20/ifs/wisdom/groups/mark_sheinin_lab/DATA/experiment-15 --new-dir /net/mraid20/ifs/wisdom/groups/mark_sheinin_lab/DATA/experiment-16 --hf-repo eturok-weizmann/laser-vibrations --source-dir-name cube-two-together-vertical-10x00y01_0010--31-03-21-07-10 --sample-id 602 --stage pre_segment --overwrite --remote-audio-path /home/ethantu/tmp/chirp_50_1000_3.0sec.wav'""]' returned non-zero exit status 255.","Traceback (most recent call last):
  File ""/Users/eitanturok/good-vibrations/scripts/backfill_batch.py"", line 317, in _run_batch
    wrap_cmd = (
                ^
  File ""/Users/eitanturok/good-vibrations/scripts/backfill_batch.py"", line 245, in process_sample
    f""# Config files always re-uploaded (content may have changed)\n""
    ^^^^^^^^^^^^^^^^^^^^^^^^^^^
  File ""/Users/eitanturok/.local/share/uv/python/cpython-3.12.5-macos-aarch64-none/lib/python3.12/concurrent/futures/_base.py"", line 456, in result
    return self.__get_result()
           ^^^^^^^^^^^^^^^^^^^
  File ""/Users/eitanturok/.local/share/uv/python/cpython-3.12.5-macos-aarch64-none/lib/python3.12/concurrent/futures/_base.py"", line 401, in __get_result
    raise self._exception
  File ""/Users/eitanturok/.local/share/uv/python/cpython-3.12.5-macos-aarch64-none/lib/python3.12/concurrent/futures/thread.py"", line 58, in run
    result = self.fn(*self.args, **self.kwargs)
             ^^^^^^^^^^^^^^^^^^^^^^^^^^^^^^^^^^
  File ""/Users/eitanturok/good-vibrations/scripts/backfill_batch.py"", line 121, in _run_remote_stage
    REMOTE_SCRIPT, ""--remote-worker"",
  File ""/Users/eitanturok/good-vibrations/scripts/backfill_batch.py"", line 64, in _ssh_run
    # ── SSH helpers ───────────────────────────────────────────────────────────────
       ^^^^^^^^^^^^^^^^^^^^^^^^^^^^^^^^^^^^^^^^^^^^^^^^^^^^^^^^^^^^^^^^^^^^^^^^^^^^^
  File ""/Users/eitanturok/.local/share/uv/python/cpython-3.12.5-macos-aarch64-none/lib/python3.12/subprocess.py"", line 571, in run
    raise CalledProcessError(retcode, process.args,
subprocess.CalledProcessError: Command '['ssh', 'ethantu@mcluster11.wisdom.weizmann.ac.il', ""bash -lc '$HOME/venvs/experiment16-migrate/bin/python /home/ethantu/tmp/migrate_experiment15_to_16_one.py --remote-worker --old-dir /net/mraid20/ifs/wisdom/groups/mark_sheinin_lab/DATA/experiment-15 --new-dir /net/mraid20/ifs/wisdom/groups/mark_sheinin_lab/DATA/experiment-16 --hf-repo eturok-weizmann/laser-vibrations --source-dir-name cube-two-together-vertical-10x00y01_0010--31-03-21-07-10 --sample-id 602 --stage pre_segment --overwrite --remote-audio-path /home/ethantu/tmp/chirp_50_1000_3.0sec.wav'""]' returned non-zero exit status 255.
",2026-04-26T05:52:57.643422,ssh_or_remote_failure,cube-two-together-vertical-10x00y01,31-03-21-07-10,cube,multi_object_two,2,False,False,False,True,0010,10.0,0.0,,,,,,,,,,,,,,,,,,,,,False,False,False,False,False,False,False,False,False,False,False,False,False
cube-two-together-vertical-10x00y01_0100--31-03-21-07-08,603,"Command '['ssh', 'ethantu@mcluster11.wisdom.weizmann.ac.il', ""bash -lc '$HOME/venvs/experiment16-migrate/bin/python /home/ethantu/tmp/migrate_experiment15_to_16_one.py --remote-worker --old-dir /net/mraid20/ifs/wisdom/groups/mark_sheinin_lab/DATA/experiment-15 --new-dir /net/mraid20/ifs/wisdom/groups/mark_sheinin_lab/DATA/experiment-16 --hf-repo eturok-weizmann/laser-vibrations --source-dir-name cube-two-together-vertical-10x00y01_0100--31-03-21-07-08 --sample-id 603 --stage pre_segment --overwrite --remote-audio-path /home/ethantu/tmp/chirp_50_1000_3.0sec.wav'""]' returned non-zero exit status 255.","Traceback (most recent call last):
  File ""/Users/eitanturok/good-vibrations/scripts/backfill_batch.py"", line 317, in _run_batch
    wrap_cmd = (
                ^
  File ""/Users/eitanturok/good-vibrations/scripts/backfill_batch.py"", line 245, in process_sample
    f""# Config files always re-uploaded (content may have changed)\n""
    ^^^^^^^^^^^^^^^^^^^^^^^^^^^
  File ""/Users/eitanturok/.local/share/uv/python/cpython-3.12.5-macos-aarch64-none/lib/python3.12/concurrent/futures/_base.py"", line 456, in result
    return self.__get_result()
           ^^^^^^^^^^^^^^^^^^^
  File ""/Users/eitanturok/.local/share/uv/python/cpython-3.12.5-macos-aarch64-none/lib/python3.12/concurrent/futures/_base.py"", line 401, in __get_result
    raise self._exception
  File ""/Users/eitanturok/.local/share/uv/python/cpython-3.12.5-macos-aarch64-none/lib/python3.12/concurrent/futures/thread.py"", line 58, in run
    result = self.fn(*self.args, **self.kwargs)
             ^^^^^^^^^^^^^^^^^^^^^^^^^^^^^^^^^^
  File ""/Users/eitanturok/good-vibrations/scripts/backfill_batch.py"", line 121, in _run_remote_stage
    REMOTE_SCRIPT, ""--remote-worker"",
  File ""/Users/eitanturok/good-vibrations/scripts/backfill_batch.py"", line 64, in _ssh_run
    # ── SSH helpers ───────────────────────────────────────────────────────────────
       ^^^^^^^^^^^^^^^^^^^^^^^^^^^^^^^^^^^^^^^^^^^^^^^^^^^^^^^^^^^^^^^^^^^^^^^^^^^^^
  File ""/Users/eitanturok/.local/share/uv/python/cpython-3.12.5-macos-aarch64-none/lib/python3.12/subprocess.py"", line 571, in run
    raise CalledProcessError(retcode, process.args,
subprocess.CalledProcessError: Command '['ssh', 'ethantu@mcluster11.wisdom.weizmann.ac.il', ""bash -lc '$HOME/venvs/experiment16-migrate/bin/python /home/ethantu/tmp/migrate_experiment15_to_16_one.py --remote-worker --old-dir /net/mraid20/ifs/wisdom/groups/mark_sheinin_lab/DATA/experiment-15 --new-dir /net/mraid20/ifs/wisdom/groups/mark_sheinin_lab/DATA/experiment-16 --hf-repo eturok-weizmann/laser-vibrations --source-dir-name cube-two-together-vertical-10x00y01_0100--31-03-21-07-08 --sample-id 603 --stage pre_segment --overwrite --remote-audio-path /home/ethantu/tmp/chirp_50_1000_3.0sec.wav'""]' returned non-zero exit status 255.
",2026-04-26T05:52:57.656869,ssh_or_remote_failure,cube-two-together-vertical-10x00y01,31-03-21-07-08,cube,multi_object_two,2,False,False,False,True,0100,10.0,0.0,,,,,,,,,,,,,,,,,,,,,False,False,False,False,False,False,False,False,False,False,False,False,False
cube-two-together-vertical-10x00y01_1000--31-03-21-07-06,604,"Command '['ssh', 'ethantu@mcluster11.wisdom.weizmann.ac.il', ""bash -lc '$HOME/venvs/experiment16-migrate/bin/python /home/ethantu/tmp/migrate_experiment15_to_16_one.py --remote-worker --old-dir /net/mraid20/ifs/wisdom/groups/mark_sheinin_lab/DATA/experiment-15 --new-dir /net/mraid20/ifs/wisdom/groups/mark_sheinin_lab/DATA/experiment-16 --hf-repo eturok-weizmann/laser-vibrations --source-dir-name cube-two-together-vertical-10x00y01_1000--31-03-21-07-06 --sample-id 604 --stage pre_segment --overwrite --remote-audio-path /home/ethantu/tmp/chirp_50_1000_3.0sec.wav'""]' returned non-zero exit status 255.","Traceback (most recent call last):
  File ""/Users/eitanturok/good-vibrations/scripts/backfill_batch.py"", line 317, in _run_batch
    wrap_cmd = (
                ^
  File ""/Users/eitanturok/good-vibrations/scripts/backfill_batch.py"", line 245, in process_sample
    f""# Config files always re-uploaded (content may have changed)\n""
    ^^^^^^^^^^^^^^^^^^^^^^^^^^^
  File ""/Users/eitanturok/.local/share/uv/python/cpython-3.12.5-macos-aarch64-none/lib/python3.12/concurrent/futures/_base.py"", line 456, in result
    return self.__get_result()
           ^^^^^^^^^^^^^^^^^^^
  File ""/Users/eitanturok/.local/share/uv/python/cpython-3.12.5-macos-aarch64-none/lib/python3.12/concurrent/futures/_base.py"", line 401, in __get_result
    raise self._exception
  File ""/Users/eitanturok/.local/share/uv/python/cpython-3.12.5-macos-aarch64-none/lib/python3.12/concurrent/futures/thread.py"", line 58, in run
    result = self.fn(*self.args, **self.kwargs)
             ^^^^^^^^^^^^^^^^^^^^^^^^^^^^^^^^^^
  File ""/Users/eitanturok/good-vibrations/scripts/backfill_batch.py"", line 121, in _run_remote_stage
    REMOTE_SCRIPT, ""--remote-worker"",
  File ""/Users/eitanturok/good-vibrations/scripts/backfill_batch.py"", line 64, in _ssh_run
    # ── SSH helpers ───────────────────────────────────────────────────────────────
       ^^^^^^^^^^^^^^^^^^^^^^^^^^^^^^^^^^^^^^^^^^^^^^^^^^^^^^^^^^^^^^^^^^^^^^^^^^^^^
  File ""/Users/eitanturok/.local/share/uv/python/cpython-3.12.5-macos-aarch64-none/lib/python3.12/subprocess.py"", line 571, in run
    raise CalledProcessError(retcode, process.args,
subprocess.CalledProcessError: Command '['ssh', 'ethantu@mcluster11.wisdom.weizmann.ac.il', ""bash -lc '$HOME/venvs/experiment16-migrate/bin/python /home/ethantu/tmp/migrate_experiment15_to_16_one.py --remote-worker --old-dir /net/mraid20/ifs/wisdom/groups/mark_sheinin_lab/DATA/experiment-15 --new-dir /net/mraid20/ifs/wisdom/groups/mark_sheinin_lab/DATA/experiment-16 --hf-repo eturok-weizmann/laser-vibrations --source-dir-name cube-two-together-vertical-10x00y01_1000--31-03-21-07-06 --sample-id 604 --stage pre_segment --overwrite --remote-audio-path /home/ethantu/tmp/chirp_50_1000_3.0sec.wav'""]' returned non-zero exit status 255.
",2026-04-26T05:52:57.670840,ssh_or_remote_failure,cube-two-together-vertical-10x00y01,31-03-21-07-06,cube,multi_object_two,2,False,False,False,True,1000,10.0,0.0,,,,,,,,,,,,,,,,,,,,,False,False,False,False,False,False,False,False,False,False,False,False,False
cube-two-together-vertical05x03y_0001--31-03-21-04-48,605,"Command '['ssh', 'ethantu@mcluster11.wisdom.weizmann.ac.il', ""bash -lc '$HOME/venvs/experiment16-migrate/bin/python /home/ethantu/tmp/migrate_experiment15_to_16_one.py --remote-worker --old-dir /net/mraid20/ifs/wisdom/groups/mark_sheinin_lab/DATA/experiment-15 --new-dir /net/mraid20/ifs/wisdom/groups/mark_sheinin_lab/DATA/experiment-16 --hf-repo eturok-weizmann/laser-vibrations --source-dir-name cube-two-together-vertical05x03y_0001--31-03-21-04-48 --sample-id 605 --stage pre_segment --overwrite --remote-audio-path /home/ethantu/tmp/chirp_50_1000_3.0sec.wav'""]' returned non-zero exit status 255.","Traceback (most recent call last):
  File ""/Users/eitanturok/good-vibrations/scripts/backfill_batch.py"", line 317, in _run_batch
    wrap_cmd = (
                ^
  File ""/Users/eitanturok/good-vibrations/scripts/backfill_batch.py"", line 245, in process_sample
    f""# Config files always re-uploaded (content may have changed)\n""
    ^^^^^^^^^^^^^^^^^^^^^^^^^^^
  File ""/Users/eitanturok/.local/share/uv/python/cpython-3.12.5-macos-aarch64-none/lib/python3.12/concurrent/futures/_base.py"", line 456, in result
    return self.__get_result()
           ^^^^^^^^^^^^^^^^^^^
  File ""/Users/eitanturok/.local/share/uv/python/cpython-3.12.5-macos-aarch64-none/lib/python3.12/concurrent/futures/_base.py"", line 401, in __get_result
    raise self._exception
  File ""/Users/eitanturok/.local/share/uv/python/cpython-3.12.5-macos-aarch64-none/lib/python3.12/concurrent/futures/thread.py"", line 58, in run
    result = self.fn(*self.args, **self.kwargs)
             ^^^^^^^^^^^^^^^^^^^^^^^^^^^^^^^^^^
  File ""/Users/eitanturok/good-vibrations/scripts/backfill_batch.py"", line 121, in _run_remote_stage
    REMOTE_SCRIPT, ""--remote-worker"",
  File ""/Users/eitanturok/good-vibrations/scripts/backfill_batch.py"", line 64, in _ssh_run
    # ── SSH helpers ───────────────────────────────────────────────────────────────
       ^^^^^^^^^^^^^^^^^^^^^^^^^^^^^^^^^^^^^^^^^^^^^^^^^^^^^^^^^^^^^^^^^^^^^^^^^^^^^
  File ""/Users/eitanturok/.local/share/uv/python/cpython-3.12.5-macos-aarch64-none/lib/python3.12/subprocess.py"", line 571, in run
    raise CalledProcessError(retcode, process.args,
subprocess.CalledProcessError: Command '['ssh', 'ethantu@mcluster11.wisdom.weizmann.ac.il', ""bash -lc '$HOME/venvs/experiment16-migrate/bin/python /home/ethantu/tmp/migrate_experiment15_to_16_one.py --remote-worker --old-dir /net/mraid20/ifs/wisdom/groups/mark_sheinin_lab/DATA/experiment-15 --new-dir /net/mraid20/ifs/wisdom/groups/mark_sheinin_lab/DATA/experiment-16 --hf-repo eturok-weizmann/laser-vibrations --source-dir-name cube-two-together-vertical05x03y_0001--31-03-21-04-48 --sample-id 605 --stage pre_segment --overwrite --remote-audio-path /home/ethantu/tmp/chirp_50_1000_3.0sec.wav'""]' returned non-zero exit status 255.
",2026-04-26T05:52:57.683545,ssh_or_remote_failure,cube-two-together-vertical05x03y,31-03-21-04-48,cube,multi_object_two,2,False,False,False,True,0001,5.0,3.0,,,,,,,,,,,,,,,,,,,,,False,False,False,False,False,False,False,False,False,False,False,False,False
cube-two-together-vertical05x03y_0010--31-03-21-04-46,606,"Command '['ssh', 'ethantu@mcluster11.wisdom.weizmann.ac.il', ""bash -lc '$HOME/venvs/experiment16-migrate/bin/python /home/ethantu/tmp/migrate_experiment15_to_16_one.py --remote-worker --old-dir /net/mraid20/ifs/wisdom/groups/mark_sheinin_lab/DATA/experiment-15 --new-dir /net/mraid20/ifs/wisdom/groups/mark_sheinin_lab/DATA/experiment-16 --hf-repo eturok-weizmann/laser-vibrations --source-dir-name cube-two-together-vertical05x03y_0010--31-03-21-04-46 --sample-id 606 --stage pre_segment --overwrite --remote-audio-path /home/ethantu/tmp/chirp_50_1000_3.0sec.wav'""]' returned non-zero exit status 255.","Traceback (most recent call last):
  File ""/Users/eitanturok/good-vibrations/scripts/backfill_batch.py"", line 317, in _run_batch
    wrap_cmd = (
                ^
  File ""/Users/eitanturok/good-vibrations/scripts/backfill_batch.py"", line 245, in process_sample
    f""# Config files always re-uploaded (content may have changed)\n""
    ^^^^^^^^^^^^^^^^^^^^^^^^^^^
  File ""/Users/eitanturok/.local/share/uv/python/cpython-3.12.5-macos-aarch64-none/lib/python3.12/concurrent/futures/_base.py"", line 456, in result
    return self.__get_result()
           ^^^^^^^^^^^^^^^^^^^
  File ""/Users/eitanturok/.local/share/uv/python/cpython-3.12.5-macos-aarch64-none/lib/python3.12/concurrent/futures/_base.py"", line 401, in __get_result
    raise self._exception
  File ""/Users/eitanturok/.local/share/uv/python/cpython-3.12.5-macos-aarch64-none/lib/python3.12/concurrent/futures/thread.py"", line 58, in run
    result = self.fn(*self.args, **self.kwargs)
             ^^^^^^^^^^^^^^^^^^^^^^^^^^^^^^^^^^
  File ""/Users/eitanturok/good-vibrations/scripts/backfill_batch.py"", line 121, in _run_remote_stage
    REMOTE_SCRIPT, ""--remote-worker"",
  File ""/Users/eitanturok/good-vibrations/scripts/backfill_batch.py"", line 64, in _ssh_run
    # ── SSH helpers ───────────────────────────────────────────────────────────────
       ^^^^^^^^^^^^^^^^^^^^^^^^^^^^^^^^^^^^^^^^^^^^^^^^^^^^^^^^^^^^^^^^^^^^^^^^^^^^^
  File ""/Users/eitanturok/.local/share/uv/python/cpython-3.12.5-macos-aarch64-none/lib/python3.12/subprocess.py"", line 571, in run
    raise CalledProcessError(retcode, process.args,
subprocess.CalledProcessError: Command '['ssh', 'ethantu@mcluster11.wisdom.weizmann.ac.il', ""bash -lc '$HOME/venvs/experiment16-migrate/bin/python /home/ethantu/tmp/migrate_experiment15_to_16_one.py --remote-worker --old-dir /net/mraid20/ifs/wisdom/groups/mark_sheinin_lab/DATA/experiment-15 --new-dir /net/mraid20/ifs/wisdom/groups/mark_sheinin_lab/DATA/experiment-16 --hf-repo eturok-weizmann/laser-vibrations --source-dir-name cube-two-together-vertical05x03y_0010--31-03-21-04-46 --sample-id 606 --stage pre_segment --overwrite --remote-audio-path /home/ethantu/tmp/chirp_50_1000_3.0sec.wav'""]' returned non-zero exit status 255.
",2026-04-26T05:52:57.697458,ssh_or_remote_failure,cube-two-together-vertical05x03y,31-03-21-04-46,cube,multi_object_two,2,False,False,False,True,0010,5.0,3.0,,,,,,,,,,,,,,,,,,,,,False,False,False,False,False,False,False,False,False,False,False,False,False
cube-two-together-vertical05x03y_0100--31-03-21-04-44,607,"Command '['ssh', 'ethantu@mcluster11.wisdom.weizmann.ac.il', ""bash -lc '$HOME/venvs/experiment16-migrate/bin/python /home/ethantu/tmp/migrate_experiment15_to_16_one.py --remote-worker --old-dir /net/mraid20/ifs/wisdom/groups/mark_sheinin_lab/DATA/experiment-15 --new-dir /net/mraid20/ifs/wisdom/groups/mark_sheinin_lab/DATA/experiment-16 --hf-repo eturok-weizmann/laser-vibrations --source-dir-name cube-two-together-vertical05x03y_0100--31-03-21-04-44 --sample-id 607 --stage pre_segment --overwrite --remote-audio-path /home/ethantu/tmp/chirp_50_1000_3.0sec.wav'""]' returned non-zero exit status 255.","Traceback (most recent call last):
  File ""/Users/eitanturok/good-vibrations/scripts/backfill_batch.py"", line 317, in _run_batch
    wrap_cmd = (
                ^
  File ""/Users/eitanturok/good-vibrations/scripts/backfill_batch.py"", line 245, in process_sample
    f""# Config files always re-uploaded (content may have changed)\n""
    ^^^^^^^^^^^^^^^^^^^^^^^^^^^
  File ""/Users/eitanturok/.local/share/uv/python/cpython-3.12.5-macos-aarch64-none/lib/python3.12/concurrent/futures/_base.py"", line 456, in result
    return self.__get_result()
           ^^^^^^^^^^^^^^^^^^^
  File ""/Users/eitanturok/.local/share/uv/python/cpython-3.12.5-macos-aarch64-none/lib/python3.12/concurrent/futures/_base.py"", line 401, in __get_result
    raise self._exception
  File ""/Users/eitanturok/.local/share/uv/python/cpython-3.12.5-macos-aarch64-none/lib/python3.12/concurrent/futures/thread.py"", line 58, in run
    result = self.fn(*self.args, **self.kwargs)
             ^^^^^^^^^^^^^^^^^^^^^^^^^^^^^^^^^^
  File ""/Users/eitanturok/good-vibrations/scripts/backfill_batch.py"", line 121, in _run_remote_stage
    REMOTE_SCRIPT, ""--remote-worker"",
  File ""/Users/eitanturok/good-vibrations/scripts/backfill_batch.py"", line 64, in _ssh_run
    # ── SSH helpers ───────────────────────────────────────────────────────────────
       ^^^^^^^^^^^^^^^^^^^^^^^^^^^^^^^^^^^^^^^^^^^^^^^^^^^^^^^^^^^^^^^^^^^^^^^^^^^^^
  File ""/Users/eitanturok/.local/share/uv/python/cpython-3.12.5-macos-aarch64-none/lib/python3.12/subprocess.py"", line 571, in run
    raise CalledProcessError(retcode, process.args,
subprocess.CalledProcessError: Command '['ssh', 'ethantu@mcluster11.wisdom.weizmann.ac.il', ""bash -lc '$HOME/venvs/experiment16-migrate/bin/python /home/ethantu/tmp/migrate_experiment15_to_16_one.py --remote-worker --old-dir /net/mraid20/ifs/wisdom/groups/mark_sheinin_lab/DATA/experiment-15 --new-dir /net/mraid20/ifs/wisdom/groups/mark_sheinin_lab/DATA/experiment-16 --hf-repo eturok-weizmann/laser-vibrations --source-dir-name cube-two-together-vertical05x03y_0100--31-03-21-04-44 --sample-id 607 --stage pre_segment --overwrite --remote-audio-path /home/ethantu/tmp/chirp_50_1000_3.0sec.wav'""]' returned non-zero exit status 255.
",2026-04-26T05:52:57.715188,ssh_or_remote_failure,cube-two-together-vertical05x03y,31-03-21-04-44,cube,multi_object_two,2,False,False,False,True,0100,5.0,3.0,,,,,,,,,,,,,,,,,,,,,False,False,False,False,False,False,False,False,False,False,False,False,False
cube-two-together-vertical05x03y_1000--31-03-21-04-42,608,"Command '['ssh', 'ethantu@mcluster11.wisdom.weizmann.ac.il', ""bash -lc '$HOME/venvs/experiment16-migrate/bin/python /home/ethantu/tmp/migrate_experiment15_to_16_one.py --remote-worker --old-dir /net/mraid20/ifs/wisdom/groups/mark_sheinin_lab/DATA/experiment-15 --new-dir /net/mraid20/ifs/wisdom/groups/mark_sheinin_lab/DATA/experiment-16 --hf-repo eturok-weizmann/laser-vibrations --source-dir-name cube-two-together-vertical05x03y_1000--31-03-21-04-42 --sample-id 608 --stage pre_segment --overwrite --remote-audio-path /home/ethantu/tmp/chirp_50_1000_3.0sec.wav'""]' returned non-zero exit status 255.","Traceback (most recent call last):
  File ""/Users/eitanturok/good-vibrations/scripts/backfill_batch.py"", line 317, in _run_batch
    wrap_cmd = (
                ^
  File ""/Users/eitanturok/good-vibrations/scripts/backfill_batch.py"", line 245, in process_sample
    f""# Config files always re-uploaded (content may have changed)\n""
    ^^^^^^^^^^^^^^^^^^^^^^^^^^^
  File ""/Users/eitanturok/.local/share/uv/python/cpython-3.12.5-macos-aarch64-none/lib/python3.12/concurrent/futures/_base.py"", line 456, in result
    return self.__get_result()
           ^^^^^^^^^^^^^^^^^^^
  File ""/Users/eitanturok/.local/share/uv/python/cpython-3.12.5-macos-aarch64-none/lib/python3.12/concurrent/futures/_base.py"", line 401, in __get_result
    raise self._exception
  File ""/Users/eitanturok/.local/share/uv/python/cpython-3.12.5-macos-aarch64-none/lib/python3.12/concurrent/futures/thread.py"", line 58, in run
    result = self.fn(*self.args, **self.kwargs)
             ^^^^^^^^^^^^^^^^^^^^^^^^^^^^^^^^^^
  File ""/Users/eitanturok/good-vibrations/scripts/backfill_batch.py"", line 121, in _run_remote_stage
    REMOTE_SCRIPT, ""--remote-worker"",
  File ""/Users/eitanturok/good-vibrations/scripts/backfill_batch.py"", line 64, in _ssh_run
    # ── SSH helpers ───────────────────────────────────────────────────────────────
       ^^^^^^^^^^^^^^^^^^^^^^^^^^^^^^^^^^^^^^^^^^^^^^^^^^^^^^^^^^^^^^^^^^^^^^^^^^^^^
  File ""/Users/eitanturok/.local/share/uv/python/cpython-3.12.5-macos-aarch64-none/lib/python3.12/subprocess.py"", line 571, in run
    raise CalledProcessError(retcode, process.args,
subprocess.CalledProcessError: Command '['ssh', 'ethantu@mcluster11.wisdom.weizmann.ac.il', ""bash -lc '$HOME/venvs/experiment16-migrate/bin/python /home/ethantu/tmp/migrate_experiment15_to_16_one.py --remote-worker --old-dir /net/mraid20/ifs/wisdom/groups/mark_sheinin_lab/DATA/experiment-15 --new-dir /net/mraid20/ifs/wisdom/groups/mark_sheinin_lab/DATA/experiment-16 --hf-repo eturok-weizmann/laser-vibrations --source-dir-name cube-two-together-vertical05x03y_1000--31-03-21-04-42 --sample-id 608 --stage pre_segment --overwrite --remote-audio-path /home/ethantu/tmp/chirp_50_1000_3.0sec.wav'""]' returned non-zero exit status 255.
",2026-04-26T05:52:57.731173,ssh_or_remote_failure,cube-two-together-vertical05x03y,31-03-21-04-42,cube,multi_object_two,2,False,False,False,True,1000,5.0,3.0,,,,,,,,,,,,,,,,,,,,,False,False,False,False,False,False,False,False,False,False,False,False,False
cube-zigzag_0001--31-03-21-21-28,609,"Command '['ssh', 'ethantu@mcluster11.wisdom.weizmann.ac.il', ""bash -lc '$HOME/venvs/experiment16-migrate/bin/python /home/ethantu/tmp/migrate_experiment15_to_16_one.py --remote-worker --old-dir /net/mraid20/ifs/wisdom/groups/mark_sheinin_lab/DATA/experiment-15 --new-dir /net/mraid20/ifs/wisdom/groups/mark_sheinin_lab/DATA/experiment-16 --hf-repo eturok-weizmann/laser-vibrations --source-dir-name cube-zigzag_0001--31-03-21-21-28 --sample-id 609 --stage pre_segment --overwrite --remote-audio-path /home/ethantu/tmp/chirp_50_1000_3.0sec.wav'""]' returned non-zero exit status 255.","Traceback (most recent call last):
  File ""/Users/eitanturok/good-vibrations/scripts/backfill_batch.py"", line 317, in _run_batch
    wrap_cmd = (
                ^
  File ""/Users/eitanturok/good-vibrations/scripts/backfill_batch.py"", line 245, in process_sample
    f""# Config files always re-uploaded (content may have changed)\n""
    ^^^^^^^^^^^^^^^^^^^^^^^^^^^
  File ""/Users/eitanturok/.local/share/uv/python/cpython-3.12.5-macos-aarch64-none/lib/python3.12/concurrent/futures/_base.py"", line 456, in result
    return self.__get_result()
           ^^^^^^^^^^^^^^^^^^^
  File ""/Users/eitanturok/.local/share/uv/python/cpython-3.12.5-macos-aarch64-none/lib/python3.12/concurrent/futures/_base.py"", line 401, in __get_result
    raise self._exception
  File ""/Users/eitanturok/.local/share/uv/python/cpython-3.12.5-macos-aarch64-none/lib/python3.12/concurrent/futures/thread.py"", line 58, in run
    result = self.fn(*self.args, **self.kwargs)
             ^^^^^^^^^^^^^^^^^^^^^^^^^^^^^^^^^^
  File ""/Users/eitanturok/good-vibrations/scripts/backfill_batch.py"", line 121, in _run_remote_stage
    REMOTE_SCRIPT, ""--remote-worker"",
  File ""/Users/eitanturok/good-vibrations/scripts/backfill_batch.py"", line 64, in _ssh_run
    # ── SSH helpers ───────────────────────────────────────────────────────────────
       ^^^^^^^^^^^^^^^^^^^^^^^^^^^^^^^^^^^^^^^^^^^^^^^^^^^^^^^^^^^^^^^^^^^^^^^^^^^^^
  File ""/Users/eitanturok/.local/share/uv/python/cpython-3.12.5-macos-aarch64-none/lib/python3.12/subprocess.py"", line 571, in run
    raise CalledProcessError(retcode, process.args,
subprocess.CalledProcessError: Command '['ssh', 'ethantu@mcluster11.wisdom.weizmann.ac.il', ""bash -lc '$HOME/venvs/experiment16-migrate/bin/python /home/ethantu/tmp/migrate_experiment15_to_16_one.py --remote-worker --old-dir /net/mraid20/ifs/wisdom/groups/mark_sheinin_lab/DATA/experiment-15 --new-dir /net/mraid20/ifs/wisdom/groups/mark_sheinin_lab/DATA/experiment-16 --hf-repo eturok-weizmann/laser-vibrations --source-dir-name cube-zigzag_0001--31-03-21-21-28 --sample-id 609 --stage pre_segment --overwrite --remote-audio-path /home/ethantu/tmp/chirp_50_1000_3.0sec.wav'""]' returned non-zero exit status 255.
",2026-04-26T05:52:57.744927,ssh_or_remote_failure,cube-zigzag,31-03-21-21-28,cube,zigzag,1,False,False,False,True,0001,,,,,,,,,,,,,,,,,,,,,,,False,False,False,False,False,False,False,False,False,False,False,False,False
cube-zigzag_0010--31-03-21-21-26,610,"Command '['ssh', 'ethantu@mcluster11.wisdom.weizmann.ac.il', ""bash -lc '$HOME/venvs/experiment16-migrate/bin/python /home/ethantu/tmp/migrate_experiment15_to_16_one.py --remote-worker --old-dir /net/mraid20/ifs/wisdom/groups/mark_sheinin_lab/DATA/experiment-15 --new-dir /net/mraid20/ifs/wisdom/groups/mark_sheinin_lab/DATA/experiment-16 --hf-repo eturok-weizmann/laser-vibrations --source-dir-name cube-zigzag_0010--31-03-21-21-26 --sample-id 610 --stage pre_segment --overwrite --remote-audio-path /home/ethantu/tmp/chirp_50_1000_3.0sec.wav'""]' returned non-zero exit status 255.","Traceback (most recent call last):
  File ""/Users/eitanturok/good-vibrations/scripts/backfill_batch.py"", line 317, in _run_batch
    wrap_cmd = (
                ^
  File ""/Users/eitanturok/good-vibrations/scripts/backfill_batch.py"", line 245, in process_sample
    f""# Config files always re-uploaded (content may have changed)\n""
    ^^^^^^^^^^^^^^^^^^^^^^^^^^^
  File ""/Users/eitanturok/.local/share/uv/python/cpython-3.12.5-macos-aarch64-none/lib/python3.12/concurrent/futures/_base.py"", line 456, in result
    return self.__get_result()
           ^^^^^^^^^^^^^^^^^^^
  File ""/Users/eitanturok/.local/share/uv/python/cpython-3.12.5-macos-aarch64-none/lib/python3.12/concurrent/futures/_base.py"", line 401, in __get_result
    raise self._exception
  File ""/Users/eitanturok/.local/share/uv/python/cpython-3.12.5-macos-aarch64-none/lib/python3.12/concurrent/futures/thread.py"", line 58, in run
    result = self.fn(*self.args, **self.kwargs)
             ^^^^^^^^^^^^^^^^^^^^^^^^^^^^^^^^^^
  File ""/Users/eitanturok/good-vibrations/scripts/backfill_batch.py"", line 121, in _run_remote_stage
    REMOTE_SCRIPT, ""--remote-worker"",
  File ""/Users/eitanturok/good-vibrations/scripts/backfill_batch.py"", line 64, in _ssh_run
    # ── SSH helpers ───────────────────────────────────────────────────────────────
       ^^^^^^^^^^^^^^^^^^^^^^^^^^^^^^^^^^^^^^^^^^^^^^^^^^^^^^^^^^^^^^^^^^^^^^^^^^^^^
  File ""/Users/eitanturok/.local/share/uv/python/cpython-3.12.5-macos-aarch64-none/lib/python3.12/subprocess.py"", line 571, in run
    raise CalledProcessError(retcode, process.args,
subprocess.CalledProcessError: Command '['ssh', 'ethantu@mcluster11.wisdom.weizmann.ac.il', ""bash -lc '$HOME/venvs/experiment16-migrate/bin/python /home/ethantu/tmp/migrate_experiment15_to_16_one.py --remote-worker --old-dir /net/mraid20/ifs/wisdom/groups/mark_sheinin_lab/DATA/experiment-15 --new-dir /net/mraid20/ifs/wisdom/groups/mark_sheinin_lab/DATA/experiment-16 --hf-repo eturok-weizmann/laser-vibrations --source-dir-name cube-zigzag_0010--31-03-21-21-26 --sample-id 610 --stage pre_segment --overwrite --remote-audio-path /home/ethantu/tmp/chirp_50_1000_3.0sec.wav'""]' returned non-zero exit status 255.
",2026-04-26T05:52:57.757602,ssh_or_remote_failure,cube-zigzag,31-03-21-21-26,cube,zigzag,1,False,False,False,True,0010,,,,,,,,,,,,,,,,,,,,,,,False,False,False,False,False,False,False,False,False,False,False,False,False
cube-zigzag_0100--31-03-21-21-24,611,"Command '['ssh', 'ethantu@mcluster11.wisdom.weizmann.ac.il', ""bash -lc '$HOME/venvs/experiment16-migrate/bin/python /home/ethantu/tmp/migrate_experiment15_to_16_one.py --remote-worker --old-dir /net/mraid20/ifs/wisdom/groups/mark_sheinin_lab/DATA/experiment-15 --new-dir /net/mraid20/ifs/wisdom/groups/mark_sheinin_lab/DATA/experiment-16 --hf-repo eturok-weizmann/laser-vibrations --source-dir-name cube-zigzag_0100--31-03-21-21-24 --sample-id 611 --stage pre_segment --overwrite --remote-audio-path /home/ethantu/tmp/chirp_50_1000_3.0sec.wav'""]' returned non-zero exit status 255.","Traceback (most recent call last):
  File ""/Users/eitanturok/good-vibrations/scripts/backfill_batch.py"", line 317, in _run_batch
    wrap_cmd = (
                ^
  File ""/Users/eitanturok/good-vibrations/scripts/backfill_batch.py"", line 245, in process_sample
    f""# Config files always re-uploaded (content may have changed)\n""
    ^^^^^^^^^^^^^^^^^^^^^^^^^^^
  File ""/Users/eitanturok/.local/share/uv/python/cpython-3.12.5-macos-aarch64-none/lib/python3.12/concurrent/futures/_base.py"", line 456, in result
    return self.__get_result()
           ^^^^^^^^^^^^^^^^^^^
  File ""/Users/eitanturok/.local/share/uv/python/cpython-3.12.5-macos-aarch64-none/lib/python3.12/concurrent/futures/_base.py"", line 401, in __get_result
    raise self._exception
  File ""/Users/eitanturok/.local/share/uv/python/cpython-3.12.5-macos-aarch64-none/lib/python3.12/concurrent/futures/thread.py"", line 58, in run
    result = self.fn(*self.args, **self.kwargs)
             ^^^^^^^^^^^^^^^^^^^^^^^^^^^^^^^^^^
  File ""/Users/eitanturok/good-vibrations/scripts/backfill_batch.py"", line 121, in _run_remote_stage
    REMOTE_SCRIPT, ""--remote-worker"",
  File ""/Users/eitanturok/good-vibrations/scripts/backfill_batch.py"", line 64, in _ssh_run
    # ── SSH helpers ───────────────────────────────────────────────────────────────
       ^^^^^^^^^^^^^^^^^^^^^^^^^^^^^^^^^^^^^^^^^^^^^^^^^^^^^^^^^^^^^^^^^^^^^^^^^^^^^
  File ""/Users/eitanturok/.local/share/uv/python/cpython-3.12.5-macos-aarch64-none/lib/python3.12/subprocess.py"", line 571, in run
    raise CalledProcessError(retcode, process.args,
subprocess.CalledProcessError: Command '['ssh', 'ethantu@mcluster11.wisdom.weizmann.ac.il', ""bash -lc '$HOME/venvs/experiment16-migrate/bin/python /home/ethantu/tmp/migrate_experiment15_to_16_one.py --remote-worker --old-dir /net/mraid20/ifs/wisdom/groups/mark_sheinin_lab/DATA/experiment-15 --new-dir /net/mraid20/ifs/wisdom/groups/mark_sheinin_lab/DATA/experiment-16 --hf-repo eturok-weizmann/laser-vibrations --source-dir-name cube-zigzag_0100--31-03-21-21-24 --sample-id 611 --stage pre_segment --overwrite --remote-audio-path /home/ethantu/tmp/chirp_50_1000_3.0sec.wav'""]' returned non-zero exit status 255.
",2026-04-26T05:52:57.773073,ssh_or_remote_failure,cube-zigzag,31-03-21-21-24,cube,zigzag,1,False,False,False,True,0100,,,,,,,,,,,,,,,,,,,,,,,False,False,False,False,False,False,False,False,False,False,False,False,False
cube-zigzag_1000--31-03-21-21-22,612,"Command '['ssh', 'ethantu@mcluster11.wisdom.weizmann.ac.il', ""bash -lc '$HOME/venvs/experiment16-migrate/bin/python /home/ethantu/tmp/migrate_experiment15_to_16_one.py --remote-worker --old-dir /net/mraid20/ifs/wisdom/groups/mark_sheinin_lab/DATA/experiment-15 --new-dir /net/mraid20/ifs/wisdom/groups/mark_sheinin_lab/DATA/experiment-16 --hf-repo eturok-weizmann/laser-vibrations --source-dir-name cube-zigzag_1000--31-03-21-21-22 --sample-id 612 --stage pre_segment --overwrite --remote-audio-path /home/ethantu/tmp/chirp_50_1000_3.0sec.wav'""]' returned non-zero exit status 255.","Traceback (most recent call last):
  File ""/Users/eitanturok/good-vibrations/scripts/backfill_batch.py"", line 317, in _run_batch
    wrap_cmd = (
                ^
  File ""/Users/eitanturok/good-vibrations/scripts/backfill_batch.py"", line 245, in process_sample
    f""# Config files always re-uploaded (content may have changed)\n""
    ^^^^^^^^^^^^^^^^^^^^^^^^^^^
  File ""/Users/eitanturok/.local/share/uv/python/cpython-3.12.5-macos-aarch64-none/lib/python3.12/concurrent/futures/_base.py"", line 456, in result
    return self.__get_result()
           ^^^^^^^^^^^^^^^^^^^
  File ""/Users/eitanturok/.local/share/uv/python/cpython-3.12.5-macos-aarch64-none/lib/python3.12/concurrent/futures/_base.py"", line 401, in __get_result
    raise self._exception
  File ""/Users/eitanturok/.local/share/uv/python/cpython-3.12.5-macos-aarch64-none/lib/python3.12/concurrent/futures/thread.py"", line 58, in run
    result = self.fn(*self.args, **self.kwargs)
             ^^^^^^^^^^^^^^^^^^^^^^^^^^^^^^^^^^
  File ""/Users/eitanturok/good-vibrations/scripts/backfill_batch.py"", line 121, in _run_remote_stage
    REMOTE_SCRIPT, ""--remote-worker"",
  File ""/Users/eitanturok/good-vibrations/scripts/backfill_batch.py"", line 64, in _ssh_run
    # ── SSH helpers ───────────────────────────────────────────────────────────────
       ^^^^^^^^^^^^^^^^^^^^^^^^^^^^^^^^^^^^^^^^^^^^^^^^^^^^^^^^^^^^^^^^^^^^^^^^^^^^^
  File ""/Users/eitanturok/.local/share/uv/python/cpython-3.12.5-macos-aarch64-none/lib/python3.12/subprocess.py"", line 571, in run
    raise CalledProcessError(retcode, process.args,
subprocess.CalledProcessError: Command '['ssh', 'ethantu@mcluster11.wisdom.weizmann.ac.il', ""bash -lc '$HOME/venvs/experiment16-migrate/bin/python /home/ethantu/tmp/migrate_experiment15_to_16_one.py --remote-worker --old-dir /net/mraid20/ifs/wisdom/groups/mark_sheinin_lab/DATA/experiment-15 --new-dir /net/mraid20/ifs/wisdom/groups/mark_sheinin_lab/DATA/experiment-16 --hf-repo eturok-weizmann/laser-vibrations --source-dir-name cube-zigzag_1000--31-03-21-21-22 --sample-id 612 --stage pre_segment --overwrite --remote-audio-path /home/ethantu/tmp/chirp_50_1000_3.0sec.wav'""]' returned non-zero exit status 255.
",2026-04-26T05:52:57.786856,ssh_or_remote_failure,cube-zigzag,31-03-21-21-22,cube,zigzag,1,False,False,False,True,1000,,,cube-zigzag_1000--31-03-21-21-22,cube,1.0,1000,,,"{'bytes': None, 'path': 'https://huggingface.co/datasets/eturok-weizmann/laser-vibrations/resolve/main/image/cube-POSx-POSy-1obj-cardboard-2026-03-31-21-21-22/mask.png'}","{'bytes': None, 'path': 'https://huggingface.co/datasets/eturok-weizmann/laser-vibrations/resolve/main/image/cube-POSx-POSy-1obj-cardboard-2026-03-31-21-21-22/segmented_overhead.png'}","{'bytes': None, 'path': 'https://huggingface.co/datasets/eturok-weizmann/laser-vibrations/resolve/main/data/0000612/speckle_vibrations.mp4'}","{'bytes': None, 'path': 'https://huggingface.co/datasets/eturok-weizmann/laser-vibrations/resolve/main/audio/chirp_50_1000_3.0sec.wav'}","{'bytes': None, 'path': 'https://huggingface.co/datasets/eturok-weizmann/laser-vibrations/resolve/main/data/0000612/speckle_shifts_ifft_audio.wav'}",,,,,,,,,,True,False,False,True,True,True,True,False,False,False,False,False,False
empty_0001--31-03-18-14-17,613,"Command '['ssh', 'ethantu@mcluster11.wisdom.weizmann.ac.il', ""bash -lc '$HOME/venvs/experiment16-migrate/bin/python /home/ethantu/tmp/migrate_experiment15_to_16_one.py --remote-worker --old-dir /net/mraid20/ifs/wisdom/groups/mark_sheinin_lab/DATA/experiment-15 --new-dir /net/mraid20/ifs/wisdom/groups/mark_sheinin_lab/DATA/experiment-16 --hf-repo eturok-weizmann/laser-vibrations --source-dir-name empty_0001--31-03-18-14-17 --sample-id 613 --stage pre_segment --overwrite --remote-audio-path /home/ethantu/tmp/chirp_50_1000_3.0sec.wav'""]' returned non-zero exit status 255.","Traceback (most recent call last):
  File ""/Users/eitanturok/good-vibrations/scripts/backfill_batch.py"", line 317, in _run_batch
    wrap_cmd = (
                ^
  File ""/Users/eitanturok/good-vibrations/scripts/backfill_batch.py"", line 245, in process_sample
    f""# Config files always re-uploaded (content may have changed)\n""
    ^^^^^^^^^^^^^^^^^^^^^^^^^^^
  File ""/Users/eitanturok/.local/share/uv/python/cpython-3.12.5-macos-aarch64-none/lib/python3.12/concurrent/futures/_base.py"", line 456, in result
    return self.__get_result()
           ^^^^^^^^^^^^^^^^^^^
  File ""/Users/eitanturok/.local/share/uv/python/cpython-3.12.5-macos-aarch64-none/lib/python3.12/concurrent/futures/_base.py"", line 401, in __get_result
    raise self._exception
  File ""/Users/eitanturok/.local/share/uv/python/cpython-3.12.5-macos-aarch64-none/lib/python3.12/concurrent/futures/thread.py"", line 58, in run
    result = self.fn(*self.args, **self.kwargs)
             ^^^^^^^^^^^^^^^^^^^^^^^^^^^^^^^^^^
  File ""/Users/eitanturok/good-vibrations/scripts/backfill_batch.py"", line 121, in _run_remote_stage
    REMOTE_SCRIPT, ""--remote-worker"",
  File ""/Users/eitanturok/good-vibrations/scripts/backfill_batch.py"", line 64, in _ssh_run
    # ── SSH helpers ───────────────────────────────────────────────────────────────
       ^^^^^^^^^^^^^^^^^^^^^^^^^^^^^^^^^^^^^^^^^^^^^^^^^^^^^^^^^^^^^^^^^^^^^^^^^^^^^
  File ""/Users/eitanturok/.local/share/uv/python/cpython-3.12.5-macos-aarch64-none/lib/python3.12/subprocess.py"", line 571, in run
    raise CalledProcessError(retcode, process.args,
subprocess.CalledProcessError: Command '['ssh', 'ethantu@mcluster11.wisdom.weizmann.ac.il', ""bash -lc '$HOME/venvs/experiment16-migrate/bin/python /home/ethantu/tmp/migrate_experiment15_to_16_one.py --remote-worker --old-dir /net/mraid20/ifs/wisdom/groups/mark_sheinin_lab/DATA/experiment-15 --new-dir /net/mraid20/ifs/wisdom/groups/mark_sheinin_lab/DATA/experiment-16 --hf-repo eturok-weizmann/laser-vibrations --source-dir-name empty_0001--31-03-18-14-17 --sample-id 613 --stage pre_segment --overwrite --remote-audio-path /home/ethantu/tmp/chirp_50_1000_3.0sec.wav'""]' returned non-zero exit status 255.
",2026-04-26T05:52:57.798559,ssh_or_remote_failure,empty,31-03-18-14-17,empty,empty,0,True,False,False,False,0001,,,empty_0001--31-03-18-14-17,empty,0.0,0001,,,"{'bytes': None, 'path': 'https://huggingface.co/datasets/eturok-weizmann/laser-vibrations/resolve/main/image/empty_0001-POSx-POSy-1obj-cardboard-2026-03-31-18-14-17/mask.png'}","{'bytes': None, 'path': 'https://huggingface.co/datasets/eturok-weizmann/laser-vibrations/resolve/main/image/empty_0001-POSx-POSy-1obj-cardboard-2026-03-31-18-14-17/segmented_overhead.png'}","{'bytes': None, 'path': 'https://huggingface.co/datasets/eturok-weizmann/laser-vibrations/resolve/main/data/0000613/speckle_vibrations.mp4'}","{'bytes': None, 'path': 'https://huggingface.co/datasets/eturok-weizmann/laser-vibrations/resolve/main/audio/chirp_50_1000_3.0sec.wav'}","{'bytes': None, 'path': 'https://huggingface.co/datasets/eturok-weizmann/laser-vibrations/resolve/main/data/0000613/speckle_shifts_ifft_audio.wav'}",,,,,,,,,,True,False,False,True,True,True,True,False,False,False,False,False,False
empty_0010--31-03-18-14-15,614,"Command '['ssh', 'ethantu@mcluster11.wisdom.weizmann.ac.il', ""bash -lc '$HOME/venvs/experiment16-migrate/bin/python /home/ethantu/tmp/migrate_experiment15_to_16_one.py --remote-worker --old-dir /net/mraid20/ifs/wisdom/groups/mark_sheinin_lab/DATA/experiment-15 --new-dir /net/mraid20/ifs/wisdom/groups/mark_sheinin_lab/DATA/experiment-16 --hf-repo eturok-weizmann/laser-vibrations --source-dir-name empty_0010--31-03-18-14-15 --sample-id 614 --stage pre_segment --overwrite --remote-audio-path /home/ethantu/tmp/chirp_50_1000_3.0sec.wav'""]' returned non-zero exit status 255.","Traceback (most recent call last):
  File ""/Users/eitanturok/good-vibrations/scripts/backfill_batch.py"", line 317, in _run_batch
    wrap_cmd = (
                ^
  File ""/Users/eitanturok/good-vibrations/scripts/backfill_batch.py"", line 245, in process_sample
    f""# Config files always re-uploaded (content may have changed)\n""
    ^^^^^^^^^^^^^^^^^^^^^^^^^^^
  File ""/Users/eitanturok/.local/share/uv/python/cpython-3.12.5-macos-aarch64-none/lib/python3.12/concurrent/futures/_base.py"", line 456, in result
    return self.__get_result()
           ^^^^^^^^^^^^^^^^^^^
  File ""/Users/eitanturok/.local/share/uv/python/cpython-3.12.5-macos-aarch64-none/lib/python3.12/concurrent/futures/_base.py"", line 401, in __get_result
    raise self._exception
  File ""/Users/eitanturok/.local/share/uv/python/cpython-3.12.5-macos-aarch64-none/lib/python3.12/concurrent/futures/thread.py"", line 58, in run
    result = self.fn(*self.args, **self.kwargs)
             ^^^^^^^^^^^^^^^^^^^^^^^^^^^^^^^^^^
  File ""/Users/eitanturok/good-vibrations/scripts/backfill_batch.py"", line 121, in _run_remote_stage
    REMOTE_SCRIPT, ""--remote-worker"",
  File ""/Users/eitanturok/good-vibrations/scripts/backfill_batch.py"", line 64, in _ssh_run
    # ── SSH helpers ───────────────────────────────────────────────────────────────
       ^^^^^^^^^^^^^^^^^^^^^^^^^^^^^^^^^^^^^^^^^^^^^^^^^^^^^^^^^^^^^^^^^^^^^^^^^^^^^
  File ""/Users/eitanturok/.local/share/uv/python/cpython-3.12.5-macos-aarch64-none/lib/python3.12/subprocess.py"", line 571, in run
    raise CalledProcessError(retcode, process.args,
subprocess.CalledProcessError: Command '['ssh', 'ethantu@mcluster11.wisdom.weizmann.ac.il', ""bash -lc '$HOME/venvs/experiment16-migrate/bin/python /home/ethantu/tmp/migrate_experiment15_to_16_one.py --remote-worker --old-dir /net/mraid20/ifs/wisdom/groups/mark_sheinin_lab/DATA/experiment-15 --new-dir /net/mraid20/ifs/wisdom/groups/mark_sheinin_lab/DATA/experiment-16 --hf-repo eturok-weizmann/laser-vibrations --source-dir-name empty_0010--31-03-18-14-15 --sample-id 614 --stage pre_segment --overwrite --remote-audio-path /home/ethantu/tmp/chirp_50_1000_3.0sec.wav'""]' returned non-zero exit status 255.
",2026-04-26T05:52:57.810910,ssh_or_remote_failure,empty,31-03-18-14-15,empty,empty,0,True,False,False,False,0010,,,empty_0010--31-03-18-14-15,empty,0.0,0010,,,"{'bytes': None, 'path': 'https://huggingface.co/datasets/eturok-weizmann/laser-vibrations/resolve/main/image/empty_0010-POSx-POSy-1obj-cardboard-2026-03-31-18-14-15/mask.png'}","{'bytes': None, 'path': 'https://huggingface.co/datasets/eturok-weizmann/laser-vibrations/resolve/main/image/empty_0010-POSx-POSy-1obj-cardboard-2026-03-31-18-14-15/segmented_overhead.png'}","{'bytes': None, 'path': 'https://huggingface.co/datasets/eturok-weizmann/laser-vibrations/resolve/main/data/0000614/speckle_vibrations.mp4'}","{'bytes': None, 'path': 'https://huggingface.co/datasets/eturok-weizmann/laser-vibrations/resolve/main/audio/chirp_50_1000_3.0sec.wav'}","{'bytes': None, 'path': 'https://huggingface.co/datasets/eturok-weizmann/laser-vibrations/resolve/main/data/0000614/speckle_shifts_ifft_audio.wav'}",,,,,,,,,,True,False,False,True,True,True,True,False,False,False,False,False,False
empty_0100--31-03-18-14-13,615,"Command '['ssh', 'ethantu@mcluster11.wisdom.weizmann.ac.il', ""bash -lc '$HOME/venvs/experiment16-migrate/bin/python /home/ethantu/tmp/migrate_experiment15_to_16_one.py --remote-worker --old-dir /net/mraid20/ifs/wisdom/groups/mark_sheinin_lab/DATA/experiment-15 --new-dir /net/mraid20/ifs/wisdom/groups/mark_sheinin_lab/DATA/experiment-16 --hf-repo eturok-weizmann/laser-vibrations --source-dir-name empty_0100--31-03-18-14-13 --sample-id 615 --stage pre_segment --overwrite --remote-audio-path /home/ethantu/tmp/chirp_50_1000_3.0sec.wav'""]' returned non-zero exit status 255.","Traceback (most recent call last):
  File ""/Users/eitanturok/good-vibrations/scripts/backfill_batch.py"", line 317, in _run_batch
    wrap_cmd = (
                ^
  File ""/Users/eitanturok/good-vibrations/scripts/backfill_batch.py"", line 245, in process_sample
    f""# Config files always re-uploaded (content may have changed)\n""
    ^^^^^^^^^^^^^^^^^^^^^^^^^^^
  File ""/Users/eitanturok/.local/share/uv/python/cpython-3.12.5-macos-aarch64-none/lib/python3.12/concurrent/futures/_base.py"", line 456, in result
    return self.__get_result()
           ^^^^^^^^^^^^^^^^^^^
  File ""/Users/eitanturok/.local/share/uv/python/cpython-3.12.5-macos-aarch64-none/lib/python3.12/concurrent/futures/_base.py"", line 401, in __get_result
    raise self._exception
  File ""/Users/eitanturok/.local/share/uv/python/cpython-3.12.5-macos-aarch64-none/lib/python3.12/concurrent/futures/thread.py"", line 58, in run
    result = self.fn(*self.args, **self.kwargs)
             ^^^^^^^^^^^^^^^^^^^^^^^^^^^^^^^^^^
  File ""/Users/eitanturok/good-vibrations/scripts/backfill_batch.py"", line 121, in _run_remote_stage
    REMOTE_SCRIPT, ""--remote-worker"",
  File ""/Users/eitanturok/good-vibrations/scripts/backfill_batch.py"", line 64, in _ssh_run
    # ── SSH helpers ───────────────────────────────────────────────────────────────
       ^^^^^^^^^^^^^^^^^^^^^^^^^^^^^^^^^^^^^^^^^^^^^^^^^^^^^^^^^^^^^^^^^^^^^^^^^^^^^
  File ""/Users/eitanturok/.local/share/uv/python/cpython-3.12.5-macos-aarch64-none/lib/python3.12/subprocess.py"", line 571, in run
    raise CalledProcessError(retcode, process.args,
subprocess.CalledProcessError: Command '['ssh', 'ethantu@mcluster11.wisdom.weizmann.ac.il', ""bash -lc '$HOME/venvs/experiment16-migrate/bin/python /home/ethantu/tmp/migrate_experiment15_to_16_one.py --remote-worker --old-dir /net/mraid20/ifs/wisdom/groups/mark_sheinin_lab/DATA/experiment-15 --new-dir /net/mraid20/ifs/wisdom/groups/mark_sheinin_lab/DATA/experiment-16 --hf-repo eturok-weizmann/laser-vibrations --source-dir-name empty_0100--31-03-18-14-13 --sample-id 615 --stage pre_segment --overwrite --remote-audio-path /home/ethantu/tmp/chirp_50_1000_3.0sec.wav'""]' returned non-zero exit status 255.
",2026-04-26T05:52:57.822469,ssh_or_remote_failure,empty,31-03-18-14-13,empty,empty,0,True,False,False,False,0100,,,empty_0100--31-03-18-14-13,empty,0.0,0100,,,"{'bytes': None, 'path': 'https://huggingface.co/datasets/eturok-weizmann/laser-vibrations/resolve/main/image/empty_0100-POSx-POSy-1obj-cardboard-2026-03-31-18-14-13/mask.png'}","{'bytes': None, 'path': 'https://huggingface.co/datasets/eturok-weizmann/laser-vibrations/resolve/main/image/empty_0100-POSx-POSy-1obj-cardboard-2026-03-31-18-14-13/segmented_overhead.png'}","{'bytes': None, 'path': 'https://huggingface.co/datasets/eturok-weizmann/laser-vibrations/resolve/main/data/0000615/speckle_vibrations.mp4'}","{'bytes': None, 'path': 'https://huggingface.co/datasets/eturok-weizmann/laser-vibrations/resolve/main/audio/chirp_50_1000_3.0sec.wav'}","{'bytes': None, 'path': 'https://huggingface.co/datasets/eturok-weizmann/laser-vibrations/resolve/main/data/0000615/speckle_shifts_ifft_audio.wav'}",,,,,,,,,,True,False,False,True,True,True,True,False,False,False,False,False,False
empty_1000--31-03-18-14-12,616,"Command '['ssh', 'ethantu@mcluster11.wisdom.weizmann.ac.il', ""bash -lc '$HOME/venvs/experiment16-migrate/bin/python /home/ethantu/tmp/migrate_experiment15_to_16_one.py --remote-worker --old-dir /net/mraid20/ifs/wisdom/groups/mark_sheinin_lab/DATA/experiment-15 --new-dir /net/mraid20/ifs/wisdom/groups/mark_sheinin_lab/DATA/experiment-16 --hf-repo eturok-weizmann/laser-vibrations --source-dir-name empty_1000--31-03-18-14-12 --sample-id 616 --stage pre_segment --overwrite --remote-audio-path /home/ethantu/tmp/chirp_50_1000_3.0sec.wav'""]' returned non-zero exit status 255.","Traceback (most recent call last):
  File ""/Users/eitanturok/good-vibrations/scripts/backfill_batch.py"", line 317, in _run_batch
    wrap_cmd = (
                ^
  File ""/Users/eitanturok/good-vibrations/scripts/backfill_batch.py"", line 245, in process_sample
    f""# Config files always re-uploaded (content may have changed)\n""
    ^^^^^^^^^^^^^^^^^^^^^^^^^^^
  File ""/Users/eitanturok/.local/share/uv/python/cpython-3.12.5-macos-aarch64-none/lib/python3.12/concurrent/futures/_base.py"", line 456, in result
    return self.__get_result()
           ^^^^^^^^^^^^^^^^^^^
  File ""/Users/eitanturok/.local/share/uv/python/cpython-3.12.5-macos-aarch64-none/lib/python3.12/concurrent/futures/_base.py"", line 401, in __get_result
    raise self._exception
  File ""/Users/eitanturok/.local/share/uv/python/cpython-3.12.5-macos-aarch64-none/lib/python3.12/concurrent/futures/thread.py"", line 58, in run
    result = self.fn(*self.args, **self.kwargs)
             ^^^^^^^^^^^^^^^^^^^^^^^^^^^^^^^^^^
  File ""/Users/eitanturok/good-vibrations/scripts/backfill_batch.py"", line 121, in _run_remote_stage
    REMOTE_SCRIPT, ""--remote-worker"",
  File ""/Users/eitanturok/good-vibrations/scripts/backfill_batch.py"", line 64, in _ssh_run
    # ── SSH helpers ───────────────────────────────────────────────────────────────
       ^^^^^^^^^^^^^^^^^^^^^^^^^^^^^^^^^^^^^^^^^^^^^^^^^^^^^^^^^^^^^^^^^^^^^^^^^^^^^
  File ""/Users/eitanturok/.local/share/uv/python/cpython-3.12.5-macos-aarch64-none/lib/python3.12/subprocess.py"", line 571, in run
    raise CalledProcessError(retcode, process.args,
subprocess.CalledProcessError: Command '['ssh', 'ethantu@mcluster11.wisdom.weizmann.ac.il', ""bash -lc '$HOME/venvs/experiment16-migrate/bin/python /home/ethantu/tmp/migrate_experiment15_to_16_one.py --remote-worker --old-dir /net/mraid20/ifs/wisdom/groups/mark_sheinin_lab/DATA/experiment-15 --new-dir /net/mraid20/ifs/wisdom/groups/mark_sheinin_lab/DATA/experiment-16 --hf-repo eturok-weizmann/laser-vibrations --source-dir-name empty_1000--31-03-18-14-12 --sample-id 616 --stage pre_segment --overwrite --remote-audio-path /home/ethantu/tmp/chirp_50_1000_3.0sec.wav'""]' returned non-zero exit status 255.
",2026-04-26T05:52:57.831738,ssh_or_remote_failure,empty,31-03-18-14-12,empty,empty,0,True,False,False,False,1000,,,empty_1000--31-03-18-14-12,empty,0.0,1000,,,"{'bytes': None, 'path': 'https://huggingface.co/datasets/eturok-weizmann/laser-vibrations/resolve/main/image/empty_1000-POSx-POSy-1obj-cardboard-2026-03-31-18-14-12/mask.png'}","{'bytes': None, 'path': 'https://huggingface.co/datasets/eturok-weizmann/laser-vibrations/resolve/main/image/empty_1000-POSx-POSy-1obj-cardboard-2026-03-31-18-14-12/segmented_overhead.png'}","{'bytes': None, 'path': 'https://huggingface.co/datasets/eturok-weizmann/laser-vibrations/resolve/main/data/0000616/speckle_vibrations.mp4'}","{'bytes': None, 'path': 'https://huggingface.co/datasets/eturok-weizmann/laser-vibrations/resolve/main/audio/chirp_50_1000_3.0sec.wav'}","{'bytes': None, 'path': 'https://huggingface.co/datasets/eturok-weizmann/laser-vibrations/resolve/main/data/0000616/speckle_shifts_ifft_audio.wav'}",,,,,,,,,,True,False,False,True,True,True,True,False,False,False,False,False,False
